2026-01-26 10:41:38,998 [INFO] utils.ibkr: Trying IBKR: port=4001, clientId=8
2026-01-26 10:41:41,207 [INFO] utils.ibkr: Connected to IBKR on port 4001 (clientId=8), ib id=2066726145392
2026-01-26 10:41:41,320 [INFO] utils.quote_manager: [get_quote] Request the right market data: session=weekend
2026-01-26 10:41:41,321 [INFO] utils.quote_manager: [subscribe] built contract=Option(symbol='CRWD', lastTradeDateOrContractMonth='20260220', strike=435.0, right='P', multiplier='100', exchange='SMART', currency='USD') for ('CRWD', '20260220', 435.0, 'P', 0)
2026-01-26 10:41:46,742 [WARNING] utils.quote_manager: [subscribe_get_quote] TIMEOUT for CRWD after 5.04s: last=nan, bid=nan, ask=nan, mg=None
2026-01-26 10:41:46,743 [DEBUG] utils.trades: get_quote() took 7.79 seconds
2026-01-26 10:41:46,744 [DEBUG] utils.trades: Received option quote for CRWD 20260220 435.0P: None
2026-01-26 10:41:46,744 [DEBUG] utils.trades: Fetching live stock quote (in options) for CRWD
2026-01-26 10:41:46,745 [INFO] utils.quote_manager: [get_quote] START symbol=CRWD, expiry=None, strike=None, right=None
2026-01-26 10:41:46,871 [INFO] utils.quote_manager: [get_quote] Request the right market data: session=weekend
2026-01-26 10:41:46,886 [INFO] utils.quote_manager: [subscribe] built contract=Stock(symbol='CRWD', exchange='SMART', currency='USD') for ('CRWD', None, None, None, 0)
2026-01-26 10:41:47,431 [INFO] utils.quote_manager: [subscribe-get_quote] CRWD | Price Found: True (450.32) | Greeks Source: None | IV: N/A
2026-01-26 10:41:47,432 [INFO] utils.quote_manager: [subscribe-get_quote] Full data ready for CRWD
2026-01-26 10:41:47,433 [DEBUG] utils.trades: get_quote() took 0.69 seconds
2026-01-26 10:41:47,434 [DEBUG] utils.trades: Received stock quote (in options) for CRWD: 450.32
2026-01-26 10:41:47,435 [INFO] utils.trades: Fetching live option quote for CRWD 20260206 470.0P
2026-01-26 10:41:47,435 [INFO] utils.quote_manager: [get_quote] START symbol=CRWD, expiry=20260206, strike=470.0, right=P
2026-01-26 10:41:47,593 [INFO] utils.quote_manager: [get_quote] Request the right market data: session=weekend
2026-01-26 10:41:47,594 [INFO] utils.quote_manager: [subscribe] built contract=Option(symbol='CRWD', lastTradeDateOrContractMonth='20260206', strike=470.0, right='P', multiplier='100', exchange='SMART', currency='USD') for ('CRWD', '20260206', 470.0, 'P', 0)
2026-01-26 10:41:52,855 [WARNING] utils.quote_manager: [subscribe_get_quote] TIMEOUT for CRWD after 5.00s: last=nan, bid=-1.0, ask=-1.0, mg=None
2026-01-26 10:41:52,856 [DEBUG] utils.trades: get_quote() took 5.42 seconds
2026-01-26 10:41:52,856 [DEBUG] utils.trades: Received option quote for CRWD 20260206 470.0P: 22.71
2026-01-26 10:41:52,857 [DEBUG] utils.trades: Fetching live stock quote (in options) for CRWD
2026-01-26 10:41:52,857 [INFO] utils.quote_manager: [get_quote] START symbol=CRWD, expiry=None, strike=None, right=None
2026-01-26 10:41:52,957 [INFO] utils.quote_manager: [get_quote] Request the right market data: session=weekend
2026-01-26 10:41:52,958 [INFO] utils.quote_manager: [subscribe-get_quote] CRWD | Price Found: True (450.32) | Greeks Source: None | IV: N/A
2026-01-26 10:41:52,958 [INFO] utils.quote_manager: [subscribe-get_quote] Full data ready for CRWD
2026-01-26 10:41:52,958 [DEBUG] utils.trades: get_quote() took 0.10 seconds
2026-01-26 10:41:52,962 [DEBUG] utils.trades: Received stock quote (in options) for CRWD: 450.32
2026-01-26 10:41:52,963 [DEBUG] utils.trades: Fetching live stock quote for INTC
2026-01-26 10:41:52,974 [INFO] utils.quote_manager: [get_quote] START symbol=INTC, expiry=None, strike=None, right=None
2026-01-26 10:41:53,081 [INFO] utils.quote_manager: [get_quote] Request the right market data: session=weekend
2026-01-26 10:41:53,082 [INFO] utils.quote_manager: [subscribe] built contract=Stock(symbol='INTC', exchange='SMART', currency='USD') for ('INTC', None, None, None, 0)
2026-01-26 10:41:53,875 [INFO] utils.quote_manager: [subscribe-get_quote] INTC | Price Found: True (43.56) | Greeks Source: None | IV: N/A
2026-01-26 10:41:53,878 [INFO] utils.quote_manager: [subscribe-get_quote] Full data ready for INTC
2026-01-26 10:41:53,878 [DEBUG] utils.trades: get_quote() took 0.91 seconds
2026-01-26 10:41:53,878 [DEBUG] utils.trades: Received stock quote for INTC: 43.56
2026-01-26 10:41:53,879 [INFO] utils.trades: Fetching live option quote for TSLA 20260130 495.0C
2026-01-26 10:41:53,879 [INFO] utils.quote_manager: [get_quote] START symbol=TSLA, expiry=20260130, strike=495.0, right=C
2026-01-26 10:41:53,966 [INFO] utils.quote_manager: [get_quote] Request the right market data: session=weekend
2026-01-26 10:41:53,968 [INFO] utils.quote_manager: [subscribe] built contract=Option(symbol='TSLA', lastTradeDateOrContractMonth='20260130', strike=495.0, right='C', multiplier='100', exchange='SMART', currency='USD') for ('TSLA', '20260130', 495.0, 'C', 0)
2026-01-26 10:41:56,183 [INFO] utils.quote_manager: [subscribe-get_quote] TSLA | Price Found: True (1.826318490864032) | Greeks Source: modelGreeks | IV: 0.5577525638506
2026-01-26 10:41:56,183 [INFO] utils.quote_manager: [subscribe-get_quote] Full data ready for TSLA
2026-01-26 10:41:56,187 [DEBUG] utils.trades: get_quote() took 2.31 seconds
2026-01-26 10:41:56,191 [DEBUG] utils.trades: Received option quote for TSLA 20260130 495.0C: 1.826318490864032
2026-01-26 10:41:56,194 [DEBUG] utils.trades: Fetching live stock quote (in options) for TSLA
2026-01-26 10:41:56,195 [INFO] utils.quote_manager: [get_quote] START symbol=TSLA, expiry=None, strike=None, right=None
2026-01-26 10:41:56,290 [INFO] utils.quote_manager: [get_quote] Request the right market data: session=weekend
2026-01-26 10:41:56,290 [INFO] utils.quote_manager: [subscribe] built contract=Stock(symbol='TSLA', exchange='SMART', currency='USD') for ('TSLA', None, None, None, 0)
2026-01-26 10:41:56,900 [INFO] utils.quote_manager: [subscribe-get_quote] TSLA | Price Found: True (443.35) | Greeks Source: None | IV: N/A
2026-01-26 10:41:56,901 [INFO] utils.quote_manager: [subscribe-get_quote] Full data ready for TSLA
2026-01-26 10:41:56,924 [DEBUG] utils.trades: get_quote() took 0.73 seconds
2026-01-26 10:41:56,924 [DEBUG] utils.trades: Received stock quote (in options) for TSLA: 443.35
2026-01-26 10:41:56,926 [INFO] utils.trades: Fetching live option quote for SNDK 20260213 320.0P
2026-01-26 10:41:56,926 [INFO] utils.quote_manager: [get_quote] START symbol=SNDK, expiry=20260213, strike=320.0, right=P
2026-01-26 10:41:57,033 [INFO] utils.quote_manager: [get_quote] Request the right market data: session=weekend
2026-01-26 10:41:57,036 [INFO] utils.quote_manager: [subscribe] built contract=Option(symbol='SNDK', lastTradeDateOrContractMonth='20260213', strike=320.0, right='P', multiplier='100', exchange='SMART', currency='USD') for ('SNDK', '20260213', 320.0, 'P', 0)
2026-01-26 10:42:02,343 [WARNING] utils.quote_manager: [subscribe_get_quote] TIMEOUT for SNDK after 5.04s: last=nan, bid=-1.0, ask=-1.0, mg=None
2026-01-26 10:42:02,345 [DEBUG] utils.trades: get_quote() took 5.42 seconds
2026-01-26 10:42:02,345 [DEBUG] utils.trades: Received option quote for SNDK 20260213 320.0P: 4.44
2026-01-26 10:42:02,346 [DEBUG] utils.trades: Fetching live stock quote (in options) for SNDK
2026-01-26 10:42:02,346 [INFO] utils.quote_manager: [get_quote] START symbol=SNDK, expiry=None, strike=None, right=None
2026-01-26 10:42:02,432 [INFO] utils.quote_manager: [get_quote] Request the right market data: session=weekend
2026-01-26 10:42:02,433 [INFO] utils.quote_manager: [subscribe] built contract=Stock(symbol='SNDK', exchange='SMART', currency='USD') for ('SNDK', None, None, None, 0)
2026-01-26 10:42:02,796 [INFO] utils.quote_manager: [subscribe-get_quote] SNDK | Price Found: True (468.0) | Greeks Source: None | IV: N/A
2026-01-26 10:42:02,815 [INFO] utils.quote_manager: [subscribe-get_quote] Full data ready for SNDK
2026-01-26 10:42:02,815 [DEBUG] utils.trades: get_quote() took 0.47 seconds
2026-01-26 10:42:02,815 [DEBUG] utils.trades: Received stock quote (in options) for SNDK: 468.0
2026-01-26 10:42:02,816 [INFO] utils.trades: Fetching live option quote for TSLA 20260130 465.0C
2026-01-26 10:42:02,816 [INFO] utils.quote_manager: [get_quote] START symbol=TSLA, expiry=20260130, strike=465.0, right=C
2026-01-26 10:42:02,906 [INFO] utils.quote_manager: [get_quote] Request the right market data: session=weekend
2026-01-26 10:42:02,951 [INFO] utils.quote_manager: [subscribe] built contract=Option(symbol='TSLA', lastTradeDateOrContractMonth='20260130', strike=465.0, right='C', multiplier='100', exchange='SMART', currency='USD') for ('TSLA', '20260130', 465.0, 'C', 0)
2026-01-26 10:42:08,364 [WARNING] utils.quote_manager: [subscribe_get_quote] TIMEOUT for TSLA after 5.02s: last=nan, bid=-1.0, ask=-1.0, mg=None
2026-01-26 10:42:08,366 [DEBUG] utils.trades: get_quote() took 5.55 seconds
2026-01-26 10:42:08,366 [DEBUG] utils.trades: Received option quote for TSLA 20260130 465.0C: 8.52
2026-01-26 10:42:08,367 [DEBUG] utils.trades: Fetching live stock quote (in options) for TSLA
2026-01-26 10:42:08,367 [INFO] utils.quote_manager: [get_quote] START symbol=TSLA, expiry=None, strike=None, right=None
2026-01-26 10:42:08,460 [INFO] utils.quote_manager: [get_quote] Request the right market data: session=weekend
2026-01-26 10:42:08,462 [INFO] utils.quote_manager: [subscribe-get_quote] TSLA | Price Found: True (443.16) | Greeks Source: None | IV: N/A
2026-01-26 10:42:08,462 [INFO] utils.quote_manager: [subscribe-get_quote] Full data ready for TSLA
2026-01-26 10:42:08,462 [DEBUG] utils.trades: get_quote() took 0.10 seconds
2026-01-26 10:42:08,462 [DEBUG] utils.trades: Received stock quote (in options) for TSLA: 443.16
2026-01-26 10:42:08,463 [INFO] utils.trades: Fetching live option quote for ANET 20260206 115.0P
2026-01-26 10:42:08,463 [INFO] utils.quote_manager: [get_quote] START symbol=ANET, expiry=20260206, strike=115.0, right=P
2026-01-26 10:42:08,551 [INFO] utils.quote_manager: [get_quote] Request the right market data: session=weekend
2026-01-26 10:42:08,551 [INFO] utils.quote_manager: [subscribe] built contract=Option(symbol='ANET', lastTradeDateOrContractMonth='20260206', strike=115.0, right='P', multiplier='100', exchange='SMART', currency='USD') for ('ANET', '20260206', 115.0, 'P', 0)
2026-01-26 10:42:11,124 [INFO] utils.quote_manager: [subscribe-get_quote] ANET | Price Found: True (0.390350202475549) | Greeks Source: modelGreeks | IV: 0.5728285158120052
2026-01-26 10:42:11,124 [INFO] utils.quote_manager: [subscribe-get_quote] Full data ready for ANET
2026-01-26 10:42:11,125 [DEBUG] utils.trades: get_quote() took 2.66 seconds
2026-01-26 10:42:11,126 [DEBUG] utils.trades: Received option quote for ANET 20260206 115.0P: 0.390350202475549
2026-01-26 10:42:11,126 [DEBUG] utils.trades: Fetching live stock quote (in options) for ANET
2026-01-26 10:42:11,127 [INFO] utils.quote_manager: [get_quote] START symbol=ANET, expiry=None, strike=None, right=None
2026-01-26 10:42:11,239 [INFO] utils.quote_manager: [get_quote] Request the right market data: session=weekend
2026-01-26 10:42:11,240 [INFO] utils.quote_manager: [subscribe] built contract=Stock(symbol='ANET', exchange='SMART', currency='USD') for ('ANET', None, None, None, 0)
2026-01-26 10:42:11,575 [INFO] utils.quote_manager: [subscribe-get_quote] ANET | Price Found: True (134.0) | Greeks Source: None | IV: N/A
2026-01-26 10:42:11,576 [INFO] utils.quote_manager: [subscribe-get_quote] Full data ready for ANET
2026-01-26 10:42:11,642 [DEBUG] utils.trades: get_quote() took 0.52 seconds
2026-01-26 10:42:11,664 [DEBUG] utils.trades: Received stock quote (in options) for ANET: 134.0
2026-01-26 10:42:11,665 [DEBUG] utils.trades: Fetching live stock quote for SNDK
2026-01-26 10:42:11,666 [INFO] utils.quote_manager: [get_quote] START symbol=SNDK, expiry=None, strike=None, right=None
2026-01-26 10:42:11,795 [INFO] utils.quote_manager: [get_quote] Request the right market data: session=weekend
2026-01-26 10:42:11,796 [INFO] utils.quote_manager: [subscribe-get_quote] SNDK | Price Found: True (468.0) | Greeks Source: None | IV: N/A
2026-01-26 10:42:11,802 [INFO] utils.quote_manager: [subscribe-get_quote] Full data ready for SNDK
2026-01-26 10:42:11,817 [DEBUG] utils.trades: get_quote() took 0.15 seconds
2026-01-26 10:42:11,817 [DEBUG] utils.trades: Received stock quote for SNDK: 468.0
2026-01-26 10:42:11,818 [INFO] utils.trades: Fetching live option quote for TSM 20260206 300.0P
2026-01-26 10:42:11,818 [INFO] utils.quote_manager: [get_quote] START symbol=TSM, expiry=20260206, strike=300.0, right=P
2026-01-26 10:42:11,929 [INFO] utils.quote_manager: [get_quote] Request the right market data: session=weekend
2026-01-26 10:42:11,933 [INFO] utils.quote_manager: [subscribe] built contract=Option(symbol='TSM', lastTradeDateOrContractMonth='20260206', strike=300.0, right='P', multiplier='100', exchange='SMART', currency='USD') for ('TSM', '20260206', 300.0, 'P', 0)
2026-01-26 10:42:14,246 [INFO] utils.quote_manager: [subscribe-get_quote] TSM | Price Found: True (0.8501488914791606) | Greeks Source: modelGreeks | IV: 0.3998051010475681
2026-01-26 10:42:14,247 [INFO] utils.quote_manager: [subscribe-get_quote] Full data ready for TSM
2026-01-26 10:42:14,248 [DEBUG] utils.trades: get_quote() took 2.43 seconds
2026-01-26 10:42:14,249 [DEBUG] utils.trades: Received option quote for TSM 20260206 300.0P: 0.8501488914791606
2026-01-26 10:42:14,250 [DEBUG] utils.trades: Fetching live stock quote (in options) for TSM
2026-01-26 10:42:14,251 [INFO] utils.quote_manager: [get_quote] START symbol=TSM, expiry=None, strike=None, right=None
2026-01-26 10:42:14,339 [INFO] utils.quote_manager: [get_quote] Request the right market data: session=weekend
2026-01-26 10:42:14,340 [INFO] utils.quote_manager: [subscribe] built contract=Stock(symbol='TSM', exchange='SMART', currency='USD') for ('TSM', None, None, None, 0)
2026-01-26 10:42:14,717 [INFO] utils.quote_manager: [subscribe-get_quote] TSM | Price Found: True (332.2) | Greeks Source: None | IV: N/A
2026-01-26 10:42:14,718 [INFO] utils.quote_manager: [subscribe-get_quote] Full data ready for TSM
2026-01-26 10:42:14,730 [DEBUG] utils.trades: get_quote() took 0.48 seconds
2026-01-26 10:42:14,733 [DEBUG] utils.trades: Received stock quote (in options) for TSM: 332.2
2026-01-26 10:42:14,735 [INFO] utils.trades: Fetching live option quote for APLD 20260206 25.5P
2026-01-26 10:42:14,747 [INFO] utils.quote_manager: [get_quote] START symbol=APLD, expiry=20260206, strike=25.5, right=P
2026-01-26 10:42:14,863 [INFO] utils.quote_manager: [get_quote] Request the right market data: session=weekend
2026-01-26 10:42:14,864 [INFO] utils.quote_manager: [subscribe] built contract=Option(symbol='APLD', lastTradeDateOrContractMonth='20260206', strike=25.5, right='P', multiplier='100', exchange='SMART', currency='USD') for ('APLD', '20260206', 25.5, 'P', 0)
2026-01-26 10:42:20,201 [WARNING] utils.quote_manager: [subscribe_get_quote] TIMEOUT for APLD after 5.05s: last=nan, bid=-1.0, ask=-1.0, mg=None
2026-01-26 10:42:20,257 [DEBUG] utils.trades: get_quote() took 5.52 seconds
2026-01-26 10:42:20,258 [DEBUG] utils.trades: Received option quote for APLD 20260206 25.5P: 0.25
2026-01-26 10:42:20,258 [DEBUG] utils.trades: Fetching live stock quote (in options) for APLD
2026-01-26 10:42:20,266 [INFO] utils.quote_manager: [get_quote] START symbol=APLD, expiry=None, strike=None, right=None
2026-01-26 10:42:20,388 [INFO] utils.quote_manager: [get_quote] Request the right market data: session=weekend
2026-01-26 10:42:20,395 [INFO] utils.quote_manager: [subscribe] built contract=Stock(symbol='APLD', exchange='SMART', currency='USD') for ('APLD', None, None, None, 0)
2026-01-26 10:42:21,018 [INFO] utils.quote_manager: [subscribe-get_quote] APLD | Price Found: True (37.06) | Greeks Source: None | IV: N/A
2026-01-26 10:42:21,019 [INFO] utils.quote_manager: [subscribe-get_quote] Full data ready for APLD
2026-01-26 10:42:21,123 [DEBUG] utils.trades: get_quote() took 0.86 seconds
2026-01-26 10:42:21,124 [DEBUG] utils.trades: Received stock quote (in options) for APLD: 37.06
2026-01-26 10:42:21,125 [INFO] utils.trades: Fetching live option quote for AMD 20260130 255.0C
2026-01-26 10:42:21,160 [INFO] utils.quote_manager: [get_quote] START symbol=AMD, expiry=20260130, strike=255.0, right=C
2026-01-26 10:42:21,259 [INFO] utils.quote_manager: [get_quote] Request the right market data: session=weekend
2026-01-26 10:42:21,259 [INFO] utils.quote_manager: [subscribe] built contract=Option(symbol='AMD', lastTradeDateOrContractMonth='20260130', strike=255.0, right='C', multiplier='100', exchange='SMART', currency='USD') for ('AMD', '20260130', 255.0, 'C', 0)
2026-01-26 10:42:26,710 [WARNING] utils.quote_manager: [subscribe_get_quote] TIMEOUT for AMD after 5.02s: last=nan, bid=-1.0, ask=-1.0, mg=None
2026-01-26 10:42:26,711 [DEBUG] utils.trades: get_quote() took 5.59 seconds
2026-01-26 10:42:26,712 [DEBUG] utils.trades: Received option quote for AMD 20260130 255.0C: 7.82
2026-01-26 10:42:26,713 [DEBUG] utils.trades: Fetching live stock quote (in options) for AMD
2026-01-26 10:42:26,714 [INFO] utils.quote_manager: [get_quote] START symbol=AMD, expiry=None, strike=None, right=None
2026-01-26 10:42:26,803 [INFO] utils.quote_manager: [get_quote] Request the right market data: session=weekend
2026-01-26 10:42:26,805 [INFO] utils.quote_manager: [subscribe] built contract=Stock(symbol='AMD', exchange='SMART', currency='USD') for ('AMD', None, None, None, 0)
2026-01-26 10:42:27,195 [INFO] utils.quote_manager: [subscribe-get_quote] AMD | Price Found: True (257.68) | Greeks Source: None | IV: N/A
2026-01-26 10:42:27,196 [INFO] utils.quote_manager: [subscribe-get_quote] Full data ready for AMD
2026-01-26 10:42:27,196 [DEBUG] utils.trades: get_quote() took 0.48 seconds
2026-01-26 10:42:27,197 [DEBUG] utils.trades: Received stock quote (in options) for AMD: 257.68
2026-01-26 10:42:27,197 [INFO] utils.trades: Fetching live option quote for IREN 20260130 36.0P
2026-01-26 10:42:27,198 [INFO] utils.quote_manager: [get_quote] START symbol=IREN, expiry=20260130, strike=36.0, right=P
2026-01-26 10:42:27,284 [INFO] utils.quote_manager: [get_quote] Request the right market data: session=weekend
2026-01-26 10:42:27,289 [INFO] utils.quote_manager: [subscribe] built contract=Option(symbol='IREN', lastTradeDateOrContractMonth='20260130', strike=36.0, right='P', multiplier='100', exchange='SMART', currency='USD') for ('IREN', '20260130', 36.0, 'P', 0)
2026-01-26 10:42:29,296 [INFO] utils.quote_manager: [subscribe-get_quote] IREN | Price Found: True (0.17210942408160937) | Greeks Source: modelGreeks | IV: 1.8480884558990454
2026-01-26 10:42:29,297 [INFO] utils.quote_manager: [subscribe-get_quote] Full data ready for IREN
2026-01-26 10:42:29,305 [DEBUG] utils.trades: get_quote() took 2.11 seconds
2026-01-26 10:42:29,312 [DEBUG] utils.trades: Received option quote for IREN 20260130 36.0P: 0.17210942408160937
2026-01-26 10:42:29,314 [DEBUG] utils.trades: Fetching live stock quote (in options) for IREN
2026-01-26 10:42:29,318 [INFO] utils.quote_manager: [get_quote] START symbol=IREN, expiry=None, strike=None, right=None
2026-01-26 10:42:29,503 [INFO] utils.quote_manager: [get_quote] Request the right market data: session=weekend
2026-01-26 10:42:29,505 [INFO] utils.quote_manager: [subscribe] built contract=Stock(symbol='IREN', exchange='SMART', currency='USD') for ('IREN', None, None, None, 0)
2026-01-26 10:42:29,733 [INFO] utils.quote_manager: [subscribe-get_quote] IREN | Price Found: True (55.12) | Greeks Source: None | IV: N/A
2026-01-26 10:42:29,734 [INFO] utils.quote_manager: [subscribe-get_quote] Full data ready for IREN
2026-01-26 10:42:29,734 [DEBUG] utils.trades: get_quote() took 0.42 seconds
2026-01-26 10:42:29,734 [DEBUG] utils.trades: Received stock quote (in options) for IREN: 55.12
2026-01-26 10:42:29,735 [DEBUG] utils.trades: Fetching live stock quote for TSLA
2026-01-26 10:42:29,735 [INFO] utils.quote_manager: [get_quote] START symbol=TSLA, expiry=None, strike=None, right=None
2026-01-26 10:42:29,854 [INFO] utils.quote_manager: [get_quote] Request the right market data: session=weekend
2026-01-26 10:42:29,855 [INFO] utils.quote_manager: [subscribe-get_quote] TSLA | Price Found: True (443.1) | Greeks Source: None | IV: N/A
2026-01-26 10:42:29,855 [INFO] utils.quote_manager: [subscribe-get_quote] Full data ready for TSLA
2026-01-26 10:42:29,855 [DEBUG] utils.trades: get_quote() took 0.12 seconds
2026-01-26 10:42:29,855 [DEBUG] utils.trades: Received stock quote for TSLA: 443.1
2026-01-26 10:42:29,856 [INFO] utils.trades: Fetching live option quote for CLS 20260130 275.0P
2026-01-26 10:42:29,856 [INFO] utils.quote_manager: [get_quote] START symbol=CLS, expiry=20260130, strike=275.0, right=P
2026-01-26 10:42:29,944 [INFO] utils.quote_manager: [get_quote] Request the right market data: session=weekend
2026-01-26 10:42:29,944 [INFO] utils.quote_manager: [subscribe] built contract=Option(symbol='CLS', lastTradeDateOrContractMonth='20260130', strike=275.0, right='P', multiplier='100', exchange='SMART', currency='USD') for ('CLS', '20260130', 275.0, 'P', 0)
2026-01-26 10:42:35,382 [WARNING] utils.quote_manager: [subscribe_get_quote] TIMEOUT for CLS after 5.01s: last=nan, bid=-1.0, ask=-1.0, mg=None
2026-01-26 10:42:35,391 [DEBUG] utils.trades: get_quote() took 5.54 seconds
2026-01-26 10:42:35,393 [DEBUG] utils.trades: Received option quote for CLS 20260130 275.0P: 12.04
2026-01-26 10:42:35,407 [DEBUG] utils.trades: Fetching live stock quote (in options) for CLS
2026-01-26 10:42:35,409 [INFO] utils.quote_manager: [get_quote] START symbol=CLS, expiry=None, strike=None, right=None
2026-01-26 10:42:35,511 [INFO] utils.quote_manager: [get_quote] Request the right market data: session=weekend
2026-01-26 10:42:35,515 [INFO] utils.quote_manager: [subscribe] built contract=Stock(symbol='CLS', exchange='SMART', currency='USD') for ('CLS', None, None, None, 0)
2026-01-26 10:42:35,763 [INFO] utils.quote_manager: [subscribe-get_quote] CLS | Price Found: True (297.0) | Greeks Source: None | IV: N/A
2026-01-26 10:42:35,765 [INFO] utils.quote_manager: [subscribe-get_quote] Full data ready for CLS
2026-01-26 10:42:35,765 [DEBUG] utils.trades: get_quote() took 0.36 seconds
2026-01-26 10:42:35,767 [DEBUG] utils.trades: Received stock quote (in options) for CLS: 297.0
2026-01-26 10:42:35,767 [INFO] utils.trades: Fetching live option quote for ONDS 20260130 7.5P
2026-01-26 10:42:35,768 [INFO] utils.quote_manager: [get_quote] START symbol=ONDS, expiry=20260130, strike=7.5, right=P
2026-01-26 10:42:35,860 [INFO] utils.quote_manager: [get_quote] Request the right market data: session=weekend
2026-01-26 10:42:35,861 [INFO] utils.quote_manager: [subscribe] built contract=Option(symbol='ONDS', lastTradeDateOrContractMonth='20260130', strike=7.5, right='P', multiplier='100', exchange='SMART', currency='USD') for ('ONDS', '20260130', 7.5, 'P', 0)
2026-01-26 10:42:37,669 [INFO] utils.quote_manager: [subscribe-get_quote] ONDS | Price Found: True (0.010309048399622649) | Greeks Source: modelGreeks | IV: 1.5966922910214663
2026-01-26 10:42:37,676 [INFO] utils.quote_manager: [subscribe-get_quote] Full data ready for ONDS
2026-01-26 10:42:37,683 [DEBUG] utils.trades: get_quote() took 1.92 seconds
2026-01-26 10:42:37,688 [DEBUG] utils.trades: Received option quote for ONDS 20260130 7.5P: 0.010309048399622649
2026-01-26 10:42:37,688 [DEBUG] utils.trades: Fetching live stock quote (in options) for ONDS
2026-01-26 10:42:37,689 [INFO] utils.quote_manager: [get_quote] START symbol=ONDS, expiry=None, strike=None, right=None
2026-01-26 10:42:37,801 [INFO] utils.quote_manager: [get_quote] Request the right market data: session=weekend
2026-01-26 10:42:37,805 [INFO] utils.quote_manager: [subscribe] built contract=Stock(symbol='ONDS', exchange='SMART', currency='USD') for ('ONDS', None, None, None, 0)
2026-01-26 10:42:38,109 [INFO] utils.quote_manager: [subscribe-get_quote] ONDS | Price Found: True (12.06) | Greeks Source: None | IV: N/A
2026-01-26 10:42:38,115 [INFO] utils.quote_manager: [subscribe-get_quote] Full data ready for ONDS
2026-01-26 10:42:38,115 [DEBUG] utils.trades: get_quote() took 0.43 seconds
2026-01-26 10:42:38,117 [DEBUG] utils.trades: Received stock quote (in options) for ONDS: 12.06
2026-01-26 10:42:38,122 [INFO] utils.trades: Fetching live option quote for HOOD 20260130 115.0P
2026-01-26 10:42:38,122 [INFO] utils.quote_manager: [get_quote] START symbol=HOOD, expiry=20260130, strike=115.0, right=P
2026-01-26 10:42:38,211 [INFO] utils.quote_manager: [get_quote] Request the right market data: session=weekend
2026-01-26 10:42:38,230 [INFO] utils.quote_manager: [subscribe] built contract=Option(symbol='HOOD', lastTradeDateOrContractMonth='20260130', strike=115.0, right='P', multiplier='100', exchange='SMART', currency='USD') for ('HOOD', '20260130', 115.0, 'P', 0)
2026-01-26 10:42:40,309 [INFO] utils.quote_manager: [subscribe-get_quote] HOOD | Price Found: True (8.548162504489396) | Greeks Source: modelGreeks | IV: 0.48923327526361143
2026-01-26 10:42:40,310 [INFO] utils.quote_manager: [subscribe-get_quote] Full data ready for HOOD
2026-01-26 10:42:40,318 [DEBUG] utils.trades: get_quote() took 2.20 seconds
2026-01-26 10:42:40,325 [DEBUG] utils.trades: Received option quote for HOOD 20260130 115.0P: 8.548162504489396
2026-01-26 10:42:40,327 [DEBUG] utils.trades: Fetching live stock quote (in options) for HOOD
2026-01-26 10:42:40,332 [INFO] utils.quote_manager: [get_quote] START symbol=HOOD, expiry=None, strike=None, right=None
2026-01-26 10:42:40,442 [INFO] utils.quote_manager: [get_quote] Request the right market data: session=weekend
2026-01-26 10:42:40,442 [INFO] utils.quote_manager: [subscribe] built contract=Stock(symbol='HOOD', exchange='SMART', currency='USD') for ('HOOD', None, None, None, 0)
2026-01-26 10:42:40,745 [INFO] utils.quote_manager: [subscribe-get_quote] HOOD | Price Found: True (105.36) | Greeks Source: None | IV: N/A
2026-01-26 10:42:40,746 [INFO] utils.quote_manager: [subscribe-get_quote] Full data ready for HOOD
2026-01-26 10:42:40,748 [DEBUG] utils.trades: get_quote() took 0.42 seconds
2026-01-26 10:42:40,749 [DEBUG] utils.trades: Received stock quote (in options) for HOOD: 105.36
2026-01-26 10:42:40,751 [INFO] utils.trades: Fetching live option quote for VIX 20260818 13.5C
2026-01-26 10:42:40,756 [INFO] utils.quote_manager: [get_quote] START symbol=VIX, expiry=20260818, strike=13.5, right=C
2026-01-26 10:42:40,860 [INFO] utils.quote_manager: [get_quote] Request the right market data: session=weekend
2026-01-26 10:42:40,865 [INFO] utils.quote_manager: [subscribe] built contract=Option(symbol='VIX', lastTradeDateOrContractMonth='20260818', strike=13.5, right='C', multiplier='100', exchange='SMART', currency='USD') for ('VIX', '20260818', 13.5, 'C', 0)
2026-01-26 10:42:43,053 [INFO] utils.quote_manager: [subscribe-get_quote] VIX | Price Found: True (7.65) | Greeks Source: modelGreeks | IV: 0.3912750081806407
2026-01-26 10:42:43,054 [INFO] utils.quote_manager: [subscribe-get_quote] Full data ready for VIX
2026-01-26 10:42:43,054 [DEBUG] utils.trades: get_quote() took 2.30 seconds
2026-01-26 10:42:43,055 [DEBUG] utils.trades: Received option quote for VIX 20260818 13.5C: 7.65
2026-01-26 10:42:43,055 [DEBUG] utils.trades: Fetching live stock quote (in options) for VIX
2026-01-26 10:42:43,056 [INFO] utils.quote_manager: [get_quote] START symbol=VIX, expiry=None, strike=None, right=None
2026-01-26 10:42:43,184 [INFO] utils.quote_manager: [get_quote] Request the right market data: session=weekend
2026-01-26 10:42:43,185 [INFO] utils.quote_manager: [subscribe] built contract=Stock(symbol='VIX', exchange='SMART', currency='USD') for ('VIX', None, None, None, 0)
2026-01-26 10:42:43,405 [ERROR] utils.quote_manager: [subscribe] All exchanges failed for ('VIX', None, None, None, 0)
2026-01-26 10:42:43,409 [ERROR] utils.quote_manager: [get_quote] ticker is None for ('VIX', None, None, None, 0)
2026-01-26 10:42:43,410 [DEBUG] utils.trades: get_quote() took 0.36 seconds
2026-01-26 10:42:43,411 [DEBUG] utils.trades: Received stock quote (in options) for VIX: None
2026-01-26 10:42:43,412 [DEBUG] utils.trades: Fetching live stock quote for TSLA
2026-01-26 10:42:43,413 [INFO] utils.quote_manager: [get_quote] START symbol=TSLA, expiry=None, strike=None, right=None
2026-01-26 10:42:43,511 [INFO] utils.quote_manager: [get_quote] Request the right market data: session=weekend
2026-01-26 10:42:43,512 [INFO] utils.quote_manager: [subscribe-get_quote] TSLA | Price Found: True (443.16) | Greeks Source: None | IV: N/A
2026-01-26 10:42:43,519 [INFO] utils.quote_manager: [subscribe-get_quote] Full data ready for TSLA
2026-01-26 10:42:43,523 [DEBUG] utils.trades: get_quote() took 0.11 seconds
2026-01-26 10:42:43,523 [DEBUG] utils.trades: Received stock quote for TSLA: 443.16
2026-01-26 10:42:43,524 [DEBUG] utils.trades: Fetching live stock quote for AAPL
2026-01-26 10:42:43,524 [INFO] utils.quote_manager: [get_quote] START symbol=AAPL, expiry=None, strike=None, right=None
2026-01-26 10:42:43,632 [INFO] utils.quote_manager: [get_quote] Request the right market data: session=weekend
2026-01-26 10:42:43,632 [INFO] utils.quote_manager: [subscribe] built contract=Stock(symbol='AAPL', exchange='SMART', currency='USD') for ('AAPL', None, None, None, 0)
2026-01-26 10:42:44,397 [INFO] utils.quote_manager: [subscribe-get_quote] AAPL | Price Found: True (248.15) | Greeks Source: None | IV: N/A
2026-01-26 10:42:44,397 [INFO] utils.quote_manager: [subscribe-get_quote] Full data ready for AAPL
2026-01-26 10:42:44,431 [DEBUG] utils.trades: get_quote() took 0.91 seconds
2026-01-26 10:42:44,431 [DEBUG] utils.trades: Received stock quote for AAPL: 248.15
2026-01-26 10:42:44,432 [DEBUG] utils.trades: Fetching live stock quote for AMD
2026-01-26 10:42:44,433 [INFO] utils.quote_manager: [get_quote] START symbol=AMD, expiry=None, strike=None, right=None
2026-01-26 10:42:44,544 [INFO] utils.quote_manager: [get_quote] Request the right market data: session=weekend
2026-01-26 10:42:44,545 [INFO] utils.quote_manager: [subscribe-get_quote] AMD | Price Found: True (257.68) | Greeks Source: None | IV: N/A
2026-01-26 10:42:44,545 [INFO] utils.quote_manager: [subscribe-get_quote] Full data ready for AMD
2026-01-26 10:42:44,545 [DEBUG] utils.trades: get_quote() took 0.11 seconds
2026-01-26 10:42:44,545 [DEBUG] utils.trades: Received stock quote for AMD: 257.68
2026-01-26 10:42:44,546 [DEBUG] utils.trades: Fetching live stock quote for CRCL
2026-01-26 10:42:44,546 [INFO] utils.quote_manager: [get_quote] START symbol=CRCL, expiry=None, strike=None, right=None
2026-01-26 10:42:44,641 [INFO] utils.quote_manager: [get_quote] Request the right market data: session=weekend
2026-01-26 10:42:44,641 [INFO] utils.quote_manager: [subscribe] built contract=Stock(symbol='CRCL', exchange='SMART', currency='USD') for ('CRCL', None, None, None, 0)
2026-01-26 10:42:45,871 [INFO] utils.quote_manager: [subscribe-get_quote] CRCL | Price Found: True (69.64) | Greeks Source: None | IV: N/A
2026-01-26 10:42:45,872 [INFO] utils.quote_manager: [subscribe-get_quote] Full data ready for CRCL
2026-01-26 10:42:45,872 [DEBUG] utils.trades: get_quote() took 1.33 seconds
2026-01-26 10:42:45,872 [DEBUG] utils.trades: Received stock quote for CRCL: 69.64
2026-01-26 10:42:45,873 [INFO] utils.trades: Fetching live option quote for HOOD 20260320 120.0C
2026-01-26 10:42:45,874 [INFO] utils.quote_manager: [get_quote] START symbol=HOOD, expiry=20260320, strike=120.0, right=C
2026-01-26 10:42:45,962 [INFO] utils.quote_manager: [get_quote] Request the right market data: session=weekend
2026-01-26 10:42:45,963 [INFO] utils.quote_manager: [subscribe] built contract=Option(symbol='HOOD', lastTradeDateOrContractMonth='20260320', strike=120.0, right='C', multiplier='100', exchange='SMART', currency='USD') for ('HOOD', '20260320', 120.0, 'C', 0)
2026-01-26 10:42:51,250 [WARNING] utils.quote_manager: [subscribe_get_quote] TIMEOUT for HOOD after 5.02s: last=nan, bid=-1.0, ask=-1.0, mg=None
2026-01-26 10:42:51,252 [DEBUG] utils.trades: get_quote() took 5.38 seconds
2026-01-26 10:42:51,252 [DEBUG] utils.trades: Received option quote for HOOD 20260320 120.0C: 5.03
2026-01-26 10:42:51,254 [DEBUG] utils.trades: Fetching live stock quote (in options) for HOOD
2026-01-26 10:42:51,255 [INFO] utils.quote_manager: [get_quote] START symbol=HOOD, expiry=None, strike=None, right=None
2026-01-26 10:42:51,351 [INFO] utils.quote_manager: [get_quote] Request the right market data: session=weekend
2026-01-26 10:42:51,351 [INFO] utils.quote_manager: [subscribe-get_quote] HOOD | Price Found: True (105.36) | Greeks Source: None | IV: N/A
2026-01-26 10:42:51,351 [INFO] utils.quote_manager: [subscribe-get_quote] Full data ready for HOOD
2026-01-26 10:42:51,351 [DEBUG] utils.trades: get_quote() took 0.10 seconds
2026-01-26 10:42:51,352 [DEBUG] utils.trades: Received stock quote (in options) for HOOD: 105.36
2026-01-26 10:42:51,354 [DEBUG] utils.trades: Fetching live stock quote for MSAI
2026-01-26 10:42:51,360 [INFO] utils.quote_manager: [get_quote] START symbol=MSAI, expiry=None, strike=None, right=None
2026-01-26 10:42:51,465 [INFO] utils.quote_manager: [get_quote] Request the right market data: session=weekend
2026-01-26 10:42:51,471 [INFO] utils.quote_manager: [subscribe] built contract=Stock(symbol='MSAI', exchange='SMART', currency='USD') for ('MSAI', None, None, None, 0)
2026-01-26 10:42:52,644 [INFO] utils.quote_manager: [subscribe-get_quote] MSAI | Price Found: True (0.3355) | Greeks Source: None | IV: N/A
2026-01-26 10:42:52,646 [INFO] utils.quote_manager: [subscribe-get_quote] Full data ready for MSAI
2026-01-26 10:42:52,646 [DEBUG] utils.trades: get_quote() took 1.29 seconds
2026-01-26 10:42:52,648 [DEBUG] utils.trades: Received stock quote for MSAI: 0.3355
2026-01-26 10:42:52,651 [DEBUG] utils.trades: Fetching live stock quote for NVDA
2026-01-26 10:42:52,654 [INFO] utils.quote_manager: [get_quote] START symbol=NVDA, expiry=None, strike=None, right=None
2026-01-26 10:42:52,750 [INFO] utils.quote_manager: [get_quote] Request the right market data: session=weekend
2026-01-26 10:42:52,758 [INFO] utils.quote_manager: [subscribe] built contract=Stock(symbol='NVDA', exchange='SMART', currency='USD') for ('NVDA', None, None, None, 0)
2026-01-26 10:42:53,448 [INFO] utils.quote_manager: [subscribe-get_quote] NVDA | Price Found: True (186.05) | Greeks Source: None | IV: N/A
2026-01-26 10:42:53,451 [INFO] utils.quote_manager: [subscribe-get_quote] Full data ready for NVDA
2026-01-26 10:42:53,451 [DEBUG] utils.trades: get_quote() took 0.80 seconds
2026-01-26 10:42:53,452 [DEBUG] utils.trades: Received stock quote for NVDA: 186.05
2026-01-26 10:42:53,453 [DEBUG] utils.trades: Fetching live stock quote for SOFI
2026-01-26 10:42:53,456 [INFO] utils.quote_manager: [get_quote] START symbol=SOFI, expiry=None, strike=None, right=None
2026-01-26 10:42:53,552 [INFO] utils.quote_manager: [get_quote] Request the right market data: session=weekend
2026-01-26 10:42:53,574 [INFO] utils.quote_manager: [subscribe] built contract=Stock(symbol='SOFI', exchange='SMART', currency='USD') for ('SOFI', None, None, None, 0)
2026-01-26 10:42:54,322 [INFO] utils.quote_manager: [subscribe-get_quote] SOFI | Price Found: True (25.7) | Greeks Source: None | IV: N/A
2026-01-26 10:42:54,323 [INFO] utils.quote_manager: [subscribe-get_quote] Full data ready for SOFI
2026-01-26 10:42:54,324 [DEBUG] utils.trades: get_quote() took 0.87 seconds
2026-01-26 10:42:54,325 [DEBUG] utils.trades: Received stock quote for SOFI: 25.7
2026-01-26 10:42:54,329 [DEBUG] utils.trades: Passing 6 groups to complex_groups_to_df...
2026-01-26 10:42:54,330 [INFO] utils.quote_manager: [get_quote] START symbol=FISV, expiry=20260116, strike=65.0, right=Put
2026-01-26 10:42:54,417 [INFO] utils.quote_manager: [get_quote] Request the right market data: session=weekend
2026-01-26 10:42:54,421 [INFO] utils.quote_manager: [subscribe] built contract=Option(symbol='FISV', lastTradeDateOrContractMonth='20260116', strike=65.0, right='Put', multiplier='100', exchange='SMART', currency='USD') for ('FISV', '20260116', 65.0, 'Put', 0)
2026-01-26 10:42:55,220 [ERROR] utils.quote_manager: [subscribe] All exchanges failed for ('FISV', '20260116', 65.0, 'Put', 0)
2026-01-26 10:42:55,229 [ERROR] utils.quote_manager: [get_quote] ticker is None for ('FISV', '20260116', 65.0, 'Put', 0)
2026-01-26 10:42:55,230 [ERROR] utils.trades: Quote failed for leg 10: unsupported operand type(s) for *: 'NoneType' and 'int'
2026-01-26 10:42:55,230 [INFO] utils.quote_manager: [get_quote] START symbol=FISV, expiry=20260116, strike=70.0, right=Put
2026-01-26 10:42:55,356 [INFO] utils.quote_manager: [get_quote] Request the right market data: session=weekend
2026-01-26 10:42:55,357 [INFO] utils.quote_manager: [subscribe] built contract=Option(symbol='FISV', lastTradeDateOrContractMonth='20260116', strike=70.0, right='Put', multiplier='100', exchange='SMART', currency='USD') for ('FISV', '20260116', 70.0, 'Put', 0)
2026-01-26 10:42:56,087 [ERROR] utils.quote_manager: [subscribe] All exchanges failed for ('FISV', '20260116', 70.0, 'Put', 0)
2026-01-26 10:42:56,107 [ERROR] utils.quote_manager: [get_quote] ticker is None for ('FISV', '20260116', 70.0, 'Put', 0)
2026-01-26 10:42:56,115 [ERROR] utils.trades: Quote failed for leg 9: unsupported operand type(s) for *: 'NoneType' and 'int'
2026-01-26 10:42:56,116 [INFO] utils.quote_manager: [get_quote] START symbol=AMZN, expiry=20260320, strike=220.0, right=Call
2026-01-26 10:42:56,224 [INFO] utils.quote_manager: [get_quote] Request the right market data: session=weekend
2026-01-26 10:42:56,225 [INFO] utils.quote_manager: [subscribe] built contract=Option(symbol='AMZN', lastTradeDateOrContractMonth='20260320', strike=220.0, right='Call', multiplier='100', exchange='SMART', currency='USD') for ('AMZN', '20260320', 220.0, 'Call', 0)
2026-01-26 10:42:58,259 [INFO] utils.quote_manager: [subscribe-get_quote] AMZN | Price Found: True (26.011141503828473) | Greeks Source: modelGreeks | IV: 0.37063176911682355
2026-01-26 10:42:58,261 [INFO] utils.quote_manager: [subscribe-get_quote] Full data ready for AMZN
2026-01-26 10:42:58,262 [INFO] utils.quote_manager: [get_quote] START symbol=AMZN, expiry=20260116, strike=240.0, right=Call
2026-01-26 10:42:58,360 [INFO] utils.quote_manager: [get_quote] Request the right market data: session=weekend
2026-01-26 10:42:58,361 [INFO] utils.quote_manager: [subscribe] built contract=Option(symbol='AMZN', lastTradeDateOrContractMonth='20260116', strike=240.0, right='Call', multiplier='100', exchange='SMART', currency='USD') for ('AMZN', '20260116', 240.0, 'Call', 0)
2026-01-26 10:42:59,036 [ERROR] utils.quote_manager: [subscribe] All exchanges failed for ('AMZN', '20260116', 240.0, 'Call', 0)
2026-01-26 10:42:59,037 [ERROR] utils.quote_manager: [get_quote] ticker is None for ('AMZN', '20260116', 240.0, 'Call', 0)
2026-01-26 10:42:59,062 [ERROR] utils.trades: Quote failed for leg 19: unsupported operand type(s) for *: 'NoneType' and 'int'
2026-01-26 10:42:59,075 [INFO] utils.quote_manager: [get_quote] START symbol=MA, expiry=20260320, strike=560.0, right=Call
2026-01-26 10:42:59,183 [INFO] utils.quote_manager: [get_quote] Request the right market data: session=weekend
2026-01-26 10:42:59,183 [INFO] utils.quote_manager: [subscribe] built contract=Option(symbol='MA', lastTradeDateOrContractMonth='20260320', strike=560.0, right='Call', multiplier='100', exchange='SMART', currency='USD') for ('MA', '20260320', 560.0, 'Call', 0)
2026-01-26 10:43:01,033 [INFO] utils.quote_manager: [subscribe-get_quote] MA | Price Found: True (7.723687468989272) | Greeks Source: modelGreeks | IV: 0.23327907018555047
2026-01-26 10:43:01,033 [INFO] utils.quote_manager: [subscribe-get_quote] Full data ready for MA
2026-01-26 10:43:01,037 [INFO] utils.quote_manager: [get_quote] START symbol=MA, expiry=20260130, strike=560.0, right=Call
2026-01-26 10:43:01,126 [INFO] utils.quote_manager: [get_quote] Request the right market data: session=weekend
2026-01-26 10:43:01,129 [INFO] utils.quote_manager: [subscribe] built contract=Option(symbol='MA', lastTradeDateOrContractMonth='20260130', strike=560.0, right='Call', multiplier='100', exchange='SMART', currency='USD') for ('MA', '20260130', 560.0, 'Call', 0)
2026-01-26 10:43:06,475 [WARNING] utils.quote_manager: [subscribe_get_quote] TIMEOUT for MA after 5.02s: last=nan, bid=-1.0, ask=-1.0, mg=None
2026-01-26 10:43:06,476 [INFO] utils.quote_manager: [get_quote] START symbol=TSLA, expiry=20260220, strike=440.0, right=Call
2026-01-26 10:43:06,576 [INFO] utils.quote_manager: [get_quote] Request the right market data: session=weekend
2026-01-26 10:43:06,577 [INFO] utils.quote_manager: [subscribe] built contract=Option(symbol='TSLA', lastTradeDateOrContractMonth='20260220', strike=440.0, right='Call', multiplier='100', exchange='SMART', currency='USD') for ('TSLA', '20260220', 440.0, 'Call', 0)
2026-01-26 10:43:11,854 [WARNING] utils.quote_manager: [subscribe_get_quote] TIMEOUT for TSLA after 5.04s: last=nan, bid=-1.0, ask=-1.0, mg=None
2026-01-26 10:43:11,854 [INFO] utils.quote_manager: [get_quote] START symbol=TSLA, expiry=20260220, strike=440.0, right=Call
2026-01-26 10:43:11,966 [INFO] utils.quote_manager: [get_quote] Request the right market data: session=weekend
2026-01-26 10:43:17,027 [WARNING] utils.quote_manager: [subscribe_get_quote] TIMEOUT for TSLA after 5.06s: last=nan, bid=-1.0, ask=-1.0, mg=None
2026-01-26 10:43:17,029 [INFO] utils.quote_manager: [get_quote] START symbol=RKLB, expiry=20260213, strike=75.0, right=Put
2026-01-26 10:43:17,117 [INFO] utils.quote_manager: [get_quote] Request the right market data: session=weekend
2026-01-26 10:43:17,118 [INFO] utils.quote_manager: [subscribe] built contract=Option(symbol='RKLB', lastTradeDateOrContractMonth='20260213', strike=75.0, right='Put', multiplier='100', exchange='SMART', currency='USD') for ('RKLB', '20260213', 75.0, 'Put', 0)
2026-01-26 10:43:19,145 [INFO] utils.quote_manager: [subscribe-get_quote] RKLB | Price Found: True (2.0820489119457752) | Greeks Source: modelGreeks | IV: 0.8952559084348135
2026-01-26 10:43:19,145 [INFO] utils.quote_manager: [subscribe-get_quote] Full data ready for RKLB
2026-01-26 10:43:19,148 [INFO] utils.quote_manager: [get_quote] START symbol=RKLB, expiry=20260213, strike=80.0, right=Put
2026-01-26 10:43:19,244 [INFO] utils.quote_manager: [get_quote] Request the right market data: session=weekend
2026-01-26 10:43:19,244 [INFO] utils.quote_manager: [subscribe] built contract=Option(symbol='RKLB', lastTradeDateOrContractMonth='20260213', strike=80.0, right='Put', multiplier='100', exchange='SMART', currency='USD') for ('RKLB', '20260213', 80.0, 'Put', 0)
2026-01-26 10:43:24,491 [WARNING] utils.quote_manager: [subscribe_get_quote] TIMEOUT for RKLB after 5.05s: last=nan, bid=-1.0, ask=-1.0, mg=None
2026-01-26 10:43:24,491 [INFO] utils.quote_manager: [get_quote] START symbol=NVDA, expiry=20260320, strike=170.0, right=Call
2026-01-26 10:43:24,593 [INFO] utils.quote_manager: [get_quote] Request the right market data: session=weekend
2026-01-26 10:43:24,594 [INFO] utils.quote_manager: [subscribe] built contract=Option(symbol='NVDA', lastTradeDateOrContractMonth='20260320', strike=170.0, right='Call', multiplier='100', exchange='SMART', currency='USD') for ('NVDA', '20260320', 170.0, 'Call', 0)
2026-01-26 10:43:26,234 [INFO] utils.quote_manager: [subscribe-get_quote] NVDA | Price Found: True (24.354095875426868) | Greeks Source: modelGreeks | IV: 0.4601320315188967
2026-01-26 10:43:26,242 [INFO] utils.quote_manager: [subscribe-get_quote] Full data ready for NVDA
2026-01-26 10:43:26,249 [INFO] utils.quote_manager: [get_quote] START symbol=NVDA, expiry=20260130, strike=190.0, right=Call
2026-01-26 10:43:26,371 [INFO] utils.quote_manager: [get_quote] Request the right market data: session=weekend
2026-01-26 10:43:26,371 [INFO] utils.quote_manager: [subscribe] built contract=Option(symbol='NVDA', lastTradeDateOrContractMonth='20260130', strike=190.0, right='Call', multiplier='100', exchange='SMART', currency='USD') for ('NVDA', '20260130', 190.0, 'Call', 0)
2026-01-26 10:43:31,674 [WARNING] utils.quote_manager: [subscribe_get_quote] TIMEOUT for NVDA after 5.06s: last=nan, bid=-1.0, ask=-1.0, mg=None
2026-01-26 10:43:31,678 [DEBUG] utils.trades: DataFrame Row 0 Legs Count: 2
2026-01-26 10:43:31,688 [DEBUG] __main__: get_all_open_positions() took 113.05 seconds
2026-01-26 10:43:31,701 [DEBUG] __main__: Open Flat Trades styling INITIATED
2026-01-26 10:43:32,066 [DEBUG] __main__: Open Flat Trades styling took 0.37 seconds
2026-01-26 10:43:32,078 [INFO] utils.trades: --- SUMMARY ---
2026-01-26 10:43:32,078 [INFO] utils.trades: Initial Baseline: 626.38
2026-01-26 10:43:32,078 [INFO] utils.trades: Total Realized Cash: 626.38
2026-01-26 10:43:32,078 [INFO] utils.trades: Total Unrealized P&L: 0.00
2026-01-26 10:43:32,078 [INFO] utils.trades: Final True P&L: 626.38
2026-01-26 10:43:32,078 [INFO] utils.trades: --- DEBUG END ---

2026-01-26 10:43:32,083 [INFO] utils.trades: LEG ID: 11 | AMZN 20251128 220.0Call | Qty: -2
2026-01-26 10:43:32,084 [INFO] utils.trades:   > Realized: Entry $1,038.00 | Exit $-1,740.00 | Comms $1.60 | P&L $-702.00 | Status: Rolled
2026-01-26 10:43:32,084 [INFO] utils.trades:   > CURRENT MARKET VALUE TO LIQUIDATE: (Mark 26.011141503828473) * Qty 2 = 5,202.23
2026-01-26 10:43:32,085 [INFO] utils.trades: LEG ID: 12 | AMZN 20260320 220.0Call | Qty: 2
2026-01-26 10:43:32,085 [INFO] utils.trades:   > UNREALIZED: (Mark 26.011141503828473 - Entry 20.94) * Qty 2 = 5,202.23
2026-01-26 10:43:32,085 [INFO] utils.trades: LEG ID: 15 | AMZN 20251205 227.5Call | Qty: -2
2026-01-26 10:43:32,085 [INFO] utils.trades:   > Realized: Entry $1,114.00 | Exit $-648.00 | Comms $1.45 | P&L $466.00 | Status: Rolled
2026-01-26 10:43:32,085 [INFO] utils.trades: LEG ID: 16 | AMZN 20251219 232.5Call | Qty: -2
2026-01-26 10:43:32,086 [INFO] utils.trades:   > Realized: Entry $892.00 | Exit $-4.00 | Comms $1.32 | P&L $888.00 | Status: Rolled
2026-01-26 10:43:32,086 [INFO] utils.trades: LEG ID: 17 | AMZN 20260102 235.0Call | Qty: -2
2026-01-26 10:43:32,086 [INFO] utils.trades:   > Realized: Entry $246.00 | Exit $-72.00 | Comms $1.67 | P&L $174.00 | Status: Rolled
2026-01-26 10:43:32,086 [INFO] utils.trades: LEG ID: 18 | AMZN 20260109 235.0Call | Qty: -2
2026-01-26 10:43:32,086 [INFO] utils.trades:   > Realized: Entry $422.00 | Exit $-1,960.00 | Comms $2.38 | P&L $-1,538.00 | Status: Rolled
2026-01-26 10:43:32,086 [INFO] utils.trades: --- SUMMARY ---
2026-01-26 10:43:32,086 [INFO] utils.trades: Initial Baseline: -3,151.61
2026-01-26 10:43:32,087 [INFO] utils.trades: Total Realized Cash: -3,490.64
2026-01-26 10:43:32,087 [INFO] utils.trades: Total Unrealized P&L: 5,202.23
2026-01-26 10:43:32,087 [INFO] utils.trades: Final True P&L: 1,711.59
2026-01-26 10:43:32,087 [INFO] utils.trades: --- DEBUG END ---

2026-01-26 10:43:32,094 [INFO] utils.trades: LEG ID: 28 | MA 20251024 560.0Call | Qty: -1
2026-01-26 10:43:32,094 [INFO] utils.trades:   > Realized: Entry $998.00 | Exit $-1,330.00 | Comms $1.40 | P&L $-332.00 | Status: Rolled
2026-01-26 10:43:32,095 [INFO] utils.trades:   > CURRENT MARKET VALUE TO LIQUIDATE: (Mark 7.723687468989272) * Qty 1 = 772.37
2026-01-26 10:43:32,095 [INFO] utils.trades: LEG ID: 29 | MA 20260320 560.0Call | Qty: 1
2026-01-26 10:43:32,095 [INFO] utils.trades:   > UNREALIZED: (Mark 7.723687468989272 - Entry 41.04) * Qty 1 = 772.37
2026-01-26 10:43:32,095 [INFO] utils.trades: LEG ID: 30 | MA 20251031 570.0Call | Qty: -1
2026-01-26 10:43:32,095 [INFO] utils.trades:   > Realized: Entry $1,333.00 | Exit $-1,551.00 | Comms $1.41 | P&L $-218.00 | Status: Rolled
2026-01-26 10:43:32,095 [INFO] utils.trades: LEG ID: 31 | MA 20251107 575.0Call | Qty: -1
2026-01-26 10:43:32,095 [INFO] utils.trades:   > Realized: Entry $1,446.00 | Exit $-19.00 | Comms $1.76 | P&L $1,427.00 | Status: Rolled
2026-01-26 10:43:32,096 [INFO] utils.trades: LEG ID: 32 | MA 20251114 560.0Call | Qty: -1
2026-01-26 10:43:32,096 [INFO] utils.trades:   > Realized: Entry $247.00 | Exit $-453.00 | Comms $2.10 | P&L $-206.00 | Status: Rolled
2026-01-26 10:43:32,096 [INFO] utils.trades: LEG ID: 33 | MA 20251121 565.0Call | Qty: -1
2026-01-26 10:43:32,096 [INFO] utils.trades:   > Realized: Entry $549.00 | Exit $-12.00 | Comms $2.10 | P&L $537.00 | Status: Rolled
2026-01-26 10:43:32,096 [INFO] utils.trades: LEG ID: 34 | MA 20251205 565.0Call | Qty: -1
2026-01-26 10:43:32,096 [INFO] utils.trades:   > Realized: Entry $217.00 | Exit $-15.00 | Comms $1.71 | P&L $202.00 | Status: Rolled
2026-01-26 10:43:32,096 [INFO] utils.trades: LEG ID: 35 | MA 20251212 562.5Call | Qty: -1
2026-01-26 10:43:32,096 [INFO] utils.trades:   > Realized: Entry $208.00 | Exit $-180.00 | Comms $1.68 | P&L $28.00 | Status: Rolled
2026-01-26 10:43:32,096 [INFO] utils.trades: LEG ID: 36 | MA 20251219 565.0Call | Qty: -1
2026-01-26 10:43:32,097 [INFO] utils.trades:   > Realized: Entry $420.00 | Exit $-1,010.00 | Comms $1.69 | P&L $-590.00 | Status: Rolled
2026-01-26 10:43:32,097 [INFO] utils.trades: LEG ID: 37 | MA 20251226 570.0Call | Qty: -1
2026-01-26 10:43:32,097 [INFO] utils.trades:   > Realized: Entry $859.00 | Exit $-996.00 | Comms $1.70 | P&L $-137.00 | Status: Rolled
2026-01-26 10:43:32,097 [INFO] utils.trades: LEG ID: 38 | MA 20260109 580.0Call | Qty: -1
2026-01-26 10:43:32,097 [INFO] utils.trades:   > Realized: Entry $700.00 | Exit $-411.00 | Comms $2.07 | P&L $289.00 | Status: Rolled
2026-01-26 10:43:32,097 [INFO] utils.trades: LEG ID: 39 | MA 20260116 587.5Call | Qty: -1
2026-01-26 10:43:32,097 [INFO] utils.trades:   > Realized: Entry $390.00 | Exit $-20.00 | Comms $2.10 | P&L $370.00 | Status: Rolled
2026-01-26 10:43:32,097 [INFO] utils.trades: LEG ID: 40 | MA 20260116 560.5Call | Qty: -1
2026-01-26 10:43:32,097 [INFO] utils.trades:   > Realized: Entry $135.00 | Exit $-9.00 | Comms $1.75 | P&L $126.00 | Status: Rolled
2026-01-26 10:43:32,097 [INFO] utils.trades: LEG ID: 41 | MA 20260123 560.0Call | Qty: -1
2026-01-26 10:43:32,098 [INFO] utils.trades:   > Realized: Entry $93.00 | Exit $-27.00 | Comms $1.75 | P&L $66.00 | Status: Rolled
2026-01-26 10:43:32,098 [INFO] utils.trades:   > CURRENT MARKET VALUE TO LIQUIDATE: (Mark 2.03) * Qty -1 = -203.00
2026-01-26 10:43:32,098 [INFO] utils.trades: LEG ID: 75 | MA 20260130 560.0Call | Qty: -1
2026-01-26 10:43:32,098 [INFO] utils.trades:   > UNREALIZED: (Mark 2.03 - Entry 1.44) * Qty -1 = -203.00
2026-01-26 10:43:32,098 [INFO] utils.trades: --- SUMMARY ---
2026-01-26 10:43:32,098 [INFO] utils.trades: Initial Baseline: -3,107.40
2026-01-26 10:43:32,098 [INFO] utils.trades: Total Realized Cash: -2,422.97
2026-01-26 10:43:32,098 [INFO] utils.trades: Total Unrealized P&L: 569.37
2026-01-26 10:43:32,098 [INFO] utils.trades: Final True P&L: -1,853.60
2026-01-26 10:43:32,098 [INFO] utils.trades: --- DEBUG END ---

2026-01-26 10:43:32,107 [INFO] utils.trades: LEG ID: 42 | TSLA 20251031 440.0Call | Qty: -1
2026-01-26 10:43:32,108 [INFO] utils.trades:   > Realized: Entry $1,210.00 | Exit $-2,532.00 | Comms $1.40 | P&L $-1,322.00 | Status: Rolled
2026-01-26 10:43:32,108 [INFO] utils.trades:   > CURRENT MARKET VALUE TO LIQUIDATE: (Mark 29.18) * Qty 1 = 2,918.00
2026-01-26 10:43:32,108 [INFO] utils.trades: LEG ID: 43 | TSLA 20260220 440.0Call | Qty: 1
2026-01-26 10:43:32,108 [INFO] utils.trades:   > UNREALIZED: (Mark 29.18 - Entry 56.74) * Qty 1 = 2,918.00
2026-01-26 10:43:32,108 [INFO] utils.trades: LEG ID: 44 | TSLA 20251107 450.0Call | Qty: -1
2026-01-26 10:43:32,108 [INFO] utils.trades:   > Realized: Entry $2,507.00 | Exit $-2,480.00 | Comms $1.41 | P&L $27.00 | Status: Rolled
2026-01-26 10:43:32,108 [INFO] utils.trades: LEG ID: 45 | TSLA 20251121 467.5Call | Qty: -1
2026-01-26 10:43:32,108 [INFO] utils.trades:   > Realized: Entry $2,525.00 | Exit $-12.00 | Comms $1.41 | P&L $2,513.00 | Status: Rolled
2026-01-26 10:43:32,108 [INFO] utils.trades: LEG ID: 46 | TSLA 20251128 440.0Call | Qty: -1
2026-01-26 10:43:32,109 [INFO] utils.trades:   > Realized: Entry $268.00 | Exit $-43.00 | Comms $1.40 | P&L $225.00 | Status: Rolled
2026-01-26 10:43:32,109 [INFO] utils.trades: LEG ID: 47 | TSLA 20251205 440.0Call | Qty: -1
2026-01-26 10:43:32,109 [INFO] utils.trades:   > Realized: Entry $388.00 | Exit $-618.00 | Comms $1.36 | P&L $-230.00 | Status: Rolled
2026-01-26 10:43:32,109 [INFO] utils.trades: LEG ID: 48 | TSLA 20251212 455.0Call | Qty: -1
2026-01-26 10:43:32,109 [INFO] utils.trades:   > Realized: Entry $663.00 | Exit $-128.00 | Comms $1.69 | P&L $535.00 | Status: Rolled
2026-01-26 10:43:32,109 [INFO] utils.trades: LEG ID: 49 | TSLA 20251219 455.0Call | Qty: -1
2026-01-26 10:43:32,109 [INFO] utils.trades:   > Realized: Entry $713.00 | Exit $-2,520.00 | Comms $1.69 | P&L $-1,807.00 | Status: Rolled
2026-01-26 10:43:32,109 [INFO] utils.trades: LEG ID: 50 | TSLA 20260102 470.0Call | Qty: -1
2026-01-26 10:43:32,109 [INFO] utils.trades:   > Realized: Entry $2,417.00 | Exit $-2.00 | Comms $1.73 | P&L $2,415.00 | Status: Rolled
2026-01-26 10:43:32,109 [INFO] utils.trades: LEG ID: 51 | TSLA 20260109 470.0Call | Qty: -1
2026-01-26 10:43:32,110 [INFO] utils.trades:   > Realized: Entry $238.00 | Exit $-22.00 | Comms $2.10 | P&L $216.00 | Status: Rolled
2026-01-26 10:43:32,110 [INFO] utils.trades: LEG ID: 52 | TSLA 20260116 470.0Call | Qty: -1
2026-01-26 10:43:32,110 [INFO] utils.trades:   > Realized: Entry $208.00 | Exit $-23.00 | Comms $2.60 | P&L $185.00 | Status: Rolled
2026-01-26 10:43:32,110 [INFO] utils.trades: LEG ID: 53 | TSLA 20260116 455.0Call | Qty: -1
2026-01-26 10:43:32,110 [INFO] utils.trades:   > Realized: Entry $109.00 | Exit $-32.00 | Comms $2.14 | P&L $77.00 | Status: Rolled
2026-01-26 10:43:32,110 [INFO] utils.trades: LEG ID: 54 | TSLA 20260123 462.5Call | Qty: -1
2026-01-26 10:43:32,110 [INFO] utils.trades:   > Realized: Entry $272.00 | Exit $-10.00 | Comms $1.40 | P&L $262.00 | Status: Rolled
2026-01-26 10:43:32,110 [INFO] utils.trades: LEG ID: 74 | TSLA 20260123 442.5Call | Qty: -1
2026-01-26 10:43:32,111 [INFO] utils.trades:   > Realized: Entry $220.00 | Exit $-550.00 | Comms $1.40 | P&L $-330.00 | Status: Rolled
2026-01-26 10:43:32,111 [INFO] utils.trades:   > CURRENT MARKET VALUE TO LIQUIDATE: (Mark 29.18) * Qty -1 = -2,918.00
2026-01-26 10:43:32,111 [INFO] utils.trades: LEG ID: 77 | TSLA 20260220 440.0Call | Qty: -1
2026-01-26 10:43:32,111 [INFO] utils.trades:   > UNREALIZED: (Mark 29.18 - Entry 27.25) * Qty -1 = -2,918.00
2026-01-26 10:43:32,111 [INFO] utils.trades: --- SUMMARY ---
2026-01-26 10:43:32,111 [INFO] utils.trades: Initial Baseline: -4,465.40
2026-01-26 10:43:32,111 [INFO] utils.trades: Total Realized Cash: -206.13
2026-01-26 10:43:32,111 [INFO] utils.trades: Total Unrealized P&L: 0.00
2026-01-26 10:43:32,111 [INFO] utils.trades: Final True P&L: -206.13
2026-01-26 10:43:32,111 [INFO] utils.trades: --- DEBUG END ---

2026-01-26 10:43:32,119 [INFO] utils.trades:   > CURRENT MARKET VALUE TO LIQUIDATE: (Mark 4.02) * Qty -4 = -1,608.00
2026-01-26 10:43:32,119 [INFO] utils.trades: LEG ID: 55 | RKLB 20260213 80.0Put | Qty: -4
2026-01-26 10:43:32,119 [INFO] utils.trades:   > UNREALIZED: (Mark 4.02 - Entry 4.93) * Qty -4 = -1,608.00
2026-01-26 10:43:32,120 [INFO] utils.trades:   > CURRENT MARKET VALUE TO LIQUIDATE: (Mark 2.0820489119457752) * Qty 4 = 832.82
2026-01-26 10:43:32,121 [INFO] utils.trades: LEG ID: 56 | RKLB 20260213 75.0Put | Qty: 4
2026-01-26 10:43:32,121 [INFO] utils.trades:   > UNREALIZED: (Mark 2.0820489119457752 - Entry 3.13) * Qty 4 = 832.82
2026-01-26 10:43:32,121 [INFO] utils.trades: --- SUMMARY ---
2026-01-26 10:43:32,121 [INFO] utils.trades: Initial Baseline: 717.50
2026-01-26 10:43:32,121 [INFO] utils.trades: Total Realized Cash: 717.50
2026-01-26 10:43:32,122 [INFO] utils.trades: Total Unrealized P&L: -775.18
2026-01-26 10:43:32,122 [INFO] utils.trades: Final True P&L: -57.68
2026-01-26 10:43:32,122 [INFO] utils.trades: --- DEBUG END ---

2026-01-26 10:43:32,126 [INFO] utils.trades: LEG ID: 57 | NVDA 20250919 170.0Call | Qty: -1
2026-01-26 10:43:32,127 [INFO] utils.trades:   > Realized: Entry $416.00 | Exit $-632.00 | Comms $2.04 | P&L $-216.00 | Status: Rolled
2026-01-26 10:43:32,127 [INFO] utils.trades:   > CURRENT MARKET VALUE TO LIQUIDATE: (Mark 24.354095875426868) * Qty 1 = 2,435.41
2026-01-26 10:43:32,127 [INFO] utils.trades: LEG ID: 58 | NVDA 20260320 170.0Call | Qty: 1
2026-01-26 10:43:32,127 [INFO] utils.trades:   > UNREALIZED: (Mark 24.354095875426868 - Entry 21.19) * Qty 1 = 2,435.41
2026-01-26 10:43:32,127 [INFO] utils.trades: LEG ID: 59 | NVDA 20251003 175.0Call | Qty: -1
2026-01-26 10:43:32,127 [INFO] utils.trades:   > Realized: Entry $542.00 | Exit $-774.00 | Comms $1.70 | P&L $-232.00 | Status: Rolled
2026-01-26 10:43:32,127 [INFO] utils.trades: LEG ID: 60 | NVDA 20251010 177.5Call | Qty: -1
2026-01-26 10:43:32,128 [INFO] utils.trades:   > Realized: Entry $737.00 | Exit $-1,072.00 | Comms $1.41 | P&L $-335.00 | Status: Rolled
2026-01-26 10:43:32,128 [INFO] utils.trades: LEG ID: 61 | NVDA 20251031 185.0Call | Qty: -1
2026-01-26 10:43:32,128 [INFO] utils.trades:   > Realized: Entry $937.00 | Exit $-1,417.00 | Comms $1.40 | P&L $-480.00 | Status: Rolled
2026-01-26 10:43:32,128 [INFO] utils.trades: LEG ID: 62 | NVDA 20251107 190.0Call | Qty: -1
2026-01-26 10:43:32,128 [INFO] utils.trades:   > Realized: Entry $1,182.00 | Exit $-2,078.00 | Comms $1.75 | P&L $-896.00 | Status: Rolled
2026-01-26 10:43:32,128 [INFO] utils.trades: LEG ID: 63 | NVDA 20251121 200.0Call | Qty: -1
2026-01-26 10:43:32,129 [INFO] utils.trades:   > Realized: Entry $1,676.00 | Exit $-2.00 | Comms $2.10 | P&L $1,674.00 | Status: Rolled
2026-01-26 10:43:32,129 [INFO] utils.trades: LEG ID: 64 | NVDA 20251128 190.0Call | Qty: -1
2026-01-26 10:43:32,129 [INFO] utils.trades:   > Realized: Entry $156.00 | Exit $-10.00 | Comms $2.04 | P&L $146.00 | Status: Rolled
2026-01-26 10:43:32,129 [INFO] utils.trades: LEG ID: 65 | NVDA 20251128 175.0Call | Qty: -1
2026-01-26 10:43:32,129 [INFO] utils.trades:   > Realized: Entry $203.00 | Exit $-660.00 | Comms $1.69 | P&L $-457.00 | Status: Rolled
2026-01-26 10:43:32,129 [INFO] utils.trades: LEG ID: 66 | NVDA 20251205 180.0Call | Qty: -1
2026-01-26 10:43:32,129 [INFO] utils.trades:   > Realized: Entry $550.00 | Exit $-614.00 | Comms $1.37 | P&L $-64.00 | Status: Rolled
2026-01-26 10:43:32,130 [INFO] utils.trades: LEG ID: 67 | NVDA 20251219 187.0Call | Qty: -1
2026-01-26 10:43:32,130 [INFO] utils.trades:   > Realized: Entry $559.00 | Exit $-7.00 | Comms $1.88 | P&L $552.00 | Status: Rolled
2026-01-26 10:43:32,130 [INFO] utils.trades: LEG ID: 68 | NVDA 20251226 185.0Call | Qty: -1
2026-01-26 10:43:32,130 [INFO] utils.trades:   > Realized: Entry $58.00 | Exit $-571.00 | Comms $1.89 | P&L $-513.00 | Status: Rolled
2026-01-26 10:43:32,130 [INFO] utils.trades: LEG ID: 69 | NVDA 20260102 190.0Call | Qty: -1
2026-01-26 10:43:32,130 [INFO] utils.trades:   > Realized: Entry $336.00 | Exit $-94.00 | Comms $1.73 | P&L $242.00 | Status: Rolled
2026-01-26 10:43:32,130 [INFO] utils.trades: LEG ID: 70 | NVDA 20260109 192.5Call | Qty: -1
2026-01-26 10:43:32,130 [INFO] utils.trades:   > Realized: Entry $240.00 | Exit $-110.00 | Comms $2.10 | P&L $130.00 | Status: Rolled
2026-01-26 10:43:32,130 [INFO] utils.trades: LEG ID: 71 | NVDA 20260116 195.0Call | Qty: -1
2026-01-26 10:43:32,131 [INFO] utils.trades:   > Realized: Entry $211.00 | Exit $-24.00 | Comms $1.75 | P&L $187.00 | Status: Rolled
2026-01-26 10:43:32,131 [INFO] utils.trades: LEG ID: 72 | NVDA 20260123 195.0Call | Qty: -1
2026-01-26 10:43:32,131 [INFO] utils.trades:   > Realized: Entry $86.00 | Exit $-4.00 | Comms $1.75 | P&L $82.00 | Status: Rolled
2026-01-26 10:43:32,131 [INFO] utils.trades: LEG ID: 73 | NVDA 20260123 185.0Call | Qty: -1
2026-01-26 10:43:32,131 [INFO] utils.trades:   > Realized: Entry $60.00 | Exit $-280.00 | Comms $2.10 | P&L $-220.00 | Status: Rolled
2026-01-26 10:43:32,131 [INFO] utils.trades:   > CURRENT MARKET VALUE TO LIQUIDATE: (Mark 1.96) * Qty -1 = -196.00
2026-01-26 10:43:32,131 [INFO] utils.trades: LEG ID: 76 | NVDA 20260130 190.0Call | Qty: -1
2026-01-26 10:43:32,131 [INFO] utils.trades:   > UNREALIZED: (Mark 1.96 - Entry 2.9) * Qty -1 = -196.00
2026-01-26 10:43:32,131 [INFO] utils.trades: --- SUMMARY ---
2026-01-26 10:43:32,132 [INFO] utils.trades: Initial Baseline: -1,705.10
2026-01-26 10:43:32,132 [INFO] utils.trades: Total Realized Cash: -2,259.80
2026-01-26 10:43:32,132 [INFO] utils.trades: Total Unrealized P&L: 2,239.41
2026-01-26 10:43:32,132 [INFO] utils.trades: Final True P&L: -20.39
2026-01-26 10:43:32,132 [INFO] utils.trades: --- DEBUG END ---

2026-01-26 10:46:36,508 [INFO] utils.trades: --- SUMMARY ---
2026-01-26 10:46:36,509 [INFO] utils.trades: Initial Baseline: 626.38
2026-01-26 10:46:36,510 [INFO] utils.trades: Total Realized Cash: 626.38
2026-01-26 10:46:36,510 [INFO] utils.trades: Total Unrealized P&L: 0.00
2026-01-26 10:46:36,510 [INFO] utils.trades: Final True P&L: 626.38
2026-01-26 10:46:36,511 [INFO] utils.trades: --- DEBUG END ---

2026-01-26 10:46:36,527 [INFO] utils.trades: LEG ID: 11 | AMZN 20251128 220.0Call | Qty: -2
2026-01-26 10:46:36,528 [INFO] utils.trades:   > Realized: Entry $1,038.00 | Exit $-1,740.00 | Comms $1.60 | P&L $-702.00 | Status: Rolled
2026-01-26 10:46:36,528 [INFO] utils.trades:   > CURRENT MARKET VALUE TO LIQUIDATE: (Mark 26.011141503828473) * Qty 2 = 5,202.23
2026-01-26 10:46:36,529 [INFO] utils.trades: LEG ID: 12 | AMZN 20260320 220.0Call | Qty: 2
2026-01-26 10:46:36,529 [INFO] utils.trades:   > UNREALIZED: (Mark 26.011141503828473 - Entry 20.94) * Qty 2 = 5,202.23
2026-01-26 10:46:36,529 [INFO] utils.trades: LEG ID: 15 | AMZN 20251205 227.5Call | Qty: -2
2026-01-26 10:46:36,530 [INFO] utils.trades:   > Realized: Entry $1,114.00 | Exit $-648.00 | Comms $1.45 | P&L $466.00 | Status: Rolled
2026-01-26 10:46:36,530 [INFO] utils.trades: LEG ID: 16 | AMZN 20251219 232.5Call | Qty: -2
2026-01-26 10:46:36,530 [INFO] utils.trades:   > Realized: Entry $892.00 | Exit $-4.00 | Comms $1.32 | P&L $888.00 | Status: Rolled
2026-01-26 10:46:36,532 [INFO] utils.trades: LEG ID: 17 | AMZN 20260102 235.0Call | Qty: -2
2026-01-26 10:46:36,532 [INFO] utils.trades:   > Realized: Entry $246.00 | Exit $-72.00 | Comms $1.67 | P&L $174.00 | Status: Rolled
2026-01-26 10:46:36,534 [INFO] utils.trades: LEG ID: 18 | AMZN 20260109 235.0Call | Qty: -2
2026-01-26 10:46:36,534 [INFO] utils.trades:   > Realized: Entry $422.00 | Exit $-1,960.00 | Comms $2.38 | P&L $-1,538.00 | Status: Rolled
2026-01-26 10:46:36,535 [INFO] utils.trades: --- SUMMARY ---
2026-01-26 10:46:36,535 [INFO] utils.trades: Initial Baseline: -3,151.61
2026-01-26 10:46:36,536 [INFO] utils.trades: Total Realized Cash: -3,490.64
2026-01-26 10:46:36,536 [INFO] utils.trades: Total Unrealized P&L: 5,202.23
2026-01-26 10:46:36,538 [INFO] utils.trades: Final True P&L: 1,711.59
2026-01-26 10:46:36,538 [INFO] utils.trades: --- DEBUG END ---

2026-01-26 10:46:36,686 [DEBUG] __main__: Starting Open Trades page
2026-01-26 10:46:36,933 [DEBUG] __main__: get_all_open_positions() INITIATED
2026-01-26 10:46:36,936 [DEBUG] __main__: Fetching positions (Cache Miss or TTL Expired)
2026-01-26 10:46:36,940 [DEBUG] utils.trades: 
--- DATABASE FETCH DEBUG ---
2026-01-26 10:46:36,941 [DEBUG] utils.trades: Group ID 5: Total Legs Found: 2 | Statuses: ['Active', 'Active']
2026-01-26 10:46:36,941 [DEBUG] utils.trades: Group ID 6: Total Legs Found: 7 | Statuses: ['Active', 'Active', 'Rolled', 'Rolled', 'Rolled', 'Rolled', 'Rolled']
2026-01-26 10:46:36,941 [DEBUG] utils.trades: Group ID 9: Total Legs Found: 15 | Statuses: ['Active', 'Active', 'Rolled', 'Rolled', 'Rolled', 'Rolled', 'Rolled', 'Rolled', 'Rolled', 'Rolled', 'Rolled', 'Rolled', 'Rolled', 'Rolled', 'Rolled']
2026-01-26 10:46:36,942 [DEBUG] utils.trades: Group ID 10: Total Legs Found: 15 | Statuses: ['Active', 'Active', 'Rolled', 'Rolled', 'Rolled', 'Rolled', 'Rolled', 'Rolled', 'Rolled', 'Rolled', 'Rolled', 'Rolled', 'Rolled', 'Rolled', 'Rolled']
2026-01-26 10:46:36,942 [DEBUG] utils.trades: Group ID 11: Total Legs Found: 2 | Statuses: ['Active', 'Active']
2026-01-26 10:46:36,942 [DEBUG] utils.trades: Group ID 12: Total Legs Found: 18 | Statuses: ['Active', 'Active', 'Rolled', 'Rolled', 'Rolled', 'Rolled', 'Rolled', 'Rolled', 'Rolled', 'Rolled', 'Rolled', 'Rolled', 'Rolled', 'Rolled', 'Rolled', 'Rolled', 'Rolled', 'Rolled']
2026-01-26 10:46:36,943 [INFO] utils.trades: Fetching live option quote for CRWD 20260220 435.0P
2026-01-26 10:46:36,943 [INFO] utils.quote_manager: [get_quote] START symbol=CRWD, expiry=20260220, strike=435.0, right=P
2026-01-26 10:46:37,157 [INFO] utils.quote_manager: [get_quote] Request the right market data: session=weekend
2026-01-26 10:46:42,202 [WARNING] utils.quote_manager: [subscribe_get_quote] TIMEOUT for CRWD after 5.04s: last=nan, bid=-1.0, ask=-1.0, mg=None
2026-01-26 10:46:42,234 [DEBUG] utils.trades: get_quote() took 5.29 seconds
2026-01-26 10:46:42,235 [DEBUG] utils.trades: Received option quote for CRWD 20260220 435.0P: 10.61
2026-01-26 10:46:42,236 [DEBUG] utils.trades: Fetching live stock quote (in options) for CRWD
2026-01-26 10:46:42,236 [INFO] utils.quote_manager: [get_quote] START symbol=CRWD, expiry=None, strike=None, right=None
2026-01-26 10:46:42,795 [INFO] utils.quote_manager: [get_quote] Request the right market data: session=weekend
2026-01-26 10:46:42,798 [INFO] utils.quote_manager: [subscribe-get_quote] CRWD | Price Found: True (450.32) | Greeks Source: None | IV: N/A
2026-01-26 10:46:42,805 [INFO] utils.quote_manager: [subscribe-get_quote] Full data ready for CRWD
2026-01-26 10:46:42,810 [DEBUG] utils.trades: get_quote() took 0.57 seconds
2026-01-26 10:46:42,825 [DEBUG] utils.trades: Received stock quote (in options) for CRWD: 450.32
2026-01-26 10:46:42,832 [INFO] utils.trades: Fetching live option quote for CRWD 20260206 470.0P
2026-01-26 10:46:42,838 [INFO] utils.quote_manager: [get_quote] START symbol=CRWD, expiry=20260206, strike=470.0, right=P
2026-01-26 10:46:43,396 [INFO] utils.quote_manager: [get_quote] Request the right market data: session=weekend
2026-01-26 10:46:48,418 [WARNING] utils.quote_manager: [subscribe_get_quote] TIMEOUT for CRWD after 5.02s: last=nan, bid=-1.0, ask=-1.0, mg=None
2026-01-26 10:46:48,422 [DEBUG] utils.trades: get_quote() took 5.59 seconds
2026-01-26 10:46:48,422 [DEBUG] utils.trades: Received option quote for CRWD 20260206 470.0P: 22.71
2026-01-26 10:46:48,423 [DEBUG] utils.trades: Fetching live stock quote (in options) for CRWD
2026-01-26 10:46:48,423 [INFO] utils.quote_manager: [get_quote] START symbol=CRWD, expiry=None, strike=None, right=None
2026-01-26 10:46:48,895 [INFO] utils.quote_manager: [get_quote] Request the right market data: session=weekend
2026-01-26 10:46:48,906 [INFO] utils.quote_manager: [subscribe-get_quote] CRWD | Price Found: True (450.32) | Greeks Source: None | IV: N/A
2026-01-26 10:46:48,939 [INFO] utils.quote_manager: [subscribe-get_quote] Full data ready for CRWD
2026-01-26 10:46:48,961 [DEBUG] utils.trades: get_quote() took 0.54 seconds
2026-01-26 10:46:48,976 [DEBUG] utils.trades: Received stock quote (in options) for CRWD: 450.32
2026-01-26 10:46:48,980 [DEBUG] utils.trades: Fetching live stock quote for INTC
2026-01-26 10:46:48,981 [INFO] utils.quote_manager: [get_quote] START symbol=INTC, expiry=None, strike=None, right=None
2026-01-26 10:46:49,525 [INFO] utils.quote_manager: [get_quote] Request the right market data: session=weekend
2026-01-26 10:46:49,533 [INFO] utils.quote_manager: [subscribe-get_quote] INTC | Price Found: True (43.54) | Greeks Source: None | IV: N/A
2026-01-26 10:46:49,547 [INFO] utils.quote_manager: [subscribe-get_quote] Full data ready for INTC
2026-01-26 10:46:49,550 [DEBUG] utils.trades: get_quote() took 0.57 seconds
2026-01-26 10:46:49,561 [DEBUG] utils.trades: Received stock quote for INTC: 43.54
2026-01-26 10:46:49,564 [INFO] utils.trades: Fetching live option quote for TSLA 20260130 495.0C
2026-01-26 10:46:49,566 [INFO] utils.quote_manager: [get_quote] START symbol=TSLA, expiry=20260130, strike=495.0, right=C
2026-01-26 10:46:50,102 [INFO] utils.quote_manager: [get_quote] Request the right market data: session=weekend
2026-01-26 10:46:50,114 [INFO] utils.quote_manager: [subscribe-get_quote] TSLA | Price Found: True (1.826318490864032) | Greeks Source: modelGreeks | IV: 0.5577525638506
2026-01-26 10:46:50,144 [INFO] utils.quote_manager: [subscribe-get_quote] Full data ready for TSLA
2026-01-26 10:46:50,148 [DEBUG] utils.trades: get_quote() took 0.58 seconds
2026-01-26 10:46:50,150 [DEBUG] utils.trades: Received option quote for TSLA 20260130 495.0C: 1.826318490864032
2026-01-26 10:46:50,158 [DEBUG] utils.trades: Fetching live stock quote (in options) for TSLA
2026-01-26 10:46:50,163 [INFO] utils.quote_manager: [get_quote] START symbol=TSLA, expiry=None, strike=None, right=None
2026-01-26 10:46:50,662 [INFO] utils.quote_manager: [get_quote] Request the right market data: session=weekend
2026-01-26 10:46:50,676 [INFO] utils.quote_manager: [subscribe-get_quote] TSLA | Price Found: True (443.14) | Greeks Source: None | IV: N/A
2026-01-26 10:46:50,692 [INFO] utils.quote_manager: [subscribe-get_quote] Full data ready for TSLA
2026-01-26 10:46:50,700 [DEBUG] utils.trades: get_quote() took 0.54 seconds
2026-01-26 10:46:50,732 [DEBUG] utils.trades: Received stock quote (in options) for TSLA: 443.14
2026-01-26 10:46:50,744 [INFO] utils.trades: Fetching live option quote for SNDK 20260213 320.0P
2026-01-26 10:46:50,746 [INFO] utils.quote_manager: [get_quote] START symbol=SNDK, expiry=20260213, strike=320.0, right=P
2026-01-26 10:46:51,237 [INFO] utils.quote_manager: [get_quote] Request the right market data: session=weekend
2026-01-26 10:46:56,267 [WARNING] utils.quote_manager: [subscribe_get_quote] TIMEOUT for SNDK after 5.03s: last=nan, bid=-1.0, ask=-1.0, mg=None
2026-01-26 10:46:56,269 [DEBUG] utils.trades: get_quote() took 5.52 seconds
2026-01-26 10:46:56,270 [DEBUG] utils.trades: Received option quote for SNDK 20260213 320.0P: 4.44
2026-01-26 10:46:56,270 [DEBUG] utils.trades: Fetching live stock quote (in options) for SNDK
2026-01-26 10:46:56,270 [INFO] utils.quote_manager: [get_quote] START symbol=SNDK, expiry=None, strike=None, right=None
2026-01-26 10:46:56,743 [INFO] utils.quote_manager: [get_quote] Request the right market data: session=weekend
2026-01-26 10:46:56,755 [INFO] utils.quote_manager: [subscribe-get_quote] SNDK | Price Found: True (468.0) | Greeks Source: None | IV: N/A
2026-01-26 10:46:56,779 [INFO] utils.quote_manager: [subscribe-get_quote] Full data ready for SNDK
2026-01-26 10:46:56,783 [DEBUG] utils.trades: get_quote() took 0.51 seconds
2026-01-26 10:46:56,788 [DEBUG] utils.trades: Received stock quote (in options) for SNDK: 468.0
2026-01-26 10:46:56,791 [INFO] utils.trades: Fetching live option quote for TSLA 20260130 465.0C
2026-01-26 10:46:56,795 [INFO] utils.quote_manager: [get_quote] START symbol=TSLA, expiry=20260130, strike=465.0, right=C
2026-01-26 10:46:57,310 [INFO] utils.quote_manager: [get_quote] Request the right market data: session=weekend
2026-01-26 10:47:02,351 [WARNING] utils.quote_manager: [subscribe_get_quote] TIMEOUT for TSLA after 5.02s: last=nan, bid=-1.0, ask=-1.0, mg=None
2026-01-26 10:47:02,352 [DEBUG] utils.trades: get_quote() took 5.56 seconds
2026-01-26 10:47:02,354 [DEBUG] utils.trades: Received option quote for TSLA 20260130 465.0C: 8.52
2026-01-26 10:47:02,356 [DEBUG] utils.trades: Fetching live stock quote (in options) for TSLA
2026-01-26 10:47:02,356 [INFO] utils.quote_manager: [get_quote] START symbol=TSLA, expiry=None, strike=None, right=None
2026-01-26 10:47:02,827 [INFO] utils.quote_manager: [get_quote] Request the right market data: session=weekend
2026-01-26 10:47:02,840 [INFO] utils.quote_manager: [subscribe-get_quote] TSLA | Price Found: True (443.14) | Greeks Source: None | IV: N/A
2026-01-26 10:47:02,873 [INFO] utils.quote_manager: [subscribe-get_quote] Full data ready for TSLA
2026-01-26 10:47:02,881 [DEBUG] utils.trades: get_quote() took 0.53 seconds
2026-01-26 10:47:02,886 [DEBUG] utils.trades: Received stock quote (in options) for TSLA: 443.14
2026-01-26 10:47:02,912 [INFO] utils.trades: Fetching live option quote for ANET 20260206 115.0P
2026-01-26 10:47:02,928 [INFO] utils.quote_manager: [get_quote] START symbol=ANET, expiry=20260206, strike=115.0, right=P
2026-01-26 10:47:03,543 [INFO] utils.quote_manager: [get_quote] Request the right market data: session=weekend
2026-01-26 10:47:03,546 [INFO] utils.quote_manager: [subscribe-get_quote] ANET | Price Found: True (0.390350202475549) | Greeks Source: modelGreeks | IV: 0.5728285158120052
2026-01-26 10:47:03,548 [INFO] utils.quote_manager: [subscribe-get_quote] Full data ready for ANET
2026-01-26 10:47:03,550 [DEBUG] utils.trades: get_quote() took 0.64 seconds
2026-01-26 10:47:03,557 [DEBUG] utils.trades: Received option quote for ANET 20260206 115.0P: 0.390350202475549
2026-01-26 10:47:03,560 [DEBUG] utils.trades: Fetching live stock quote (in options) for ANET
2026-01-26 10:47:03,561 [INFO] utils.quote_manager: [get_quote] START symbol=ANET, expiry=None, strike=None, right=None
2026-01-26 10:47:04,082 [INFO] utils.quote_manager: [get_quote] Request the right market data: session=weekend
2026-01-26 10:47:04,090 [INFO] utils.quote_manager: [subscribe-get_quote] ANET | Price Found: True (134.0) | Greeks Source: None | IV: N/A
2026-01-26 10:47:04,115 [INFO] utils.quote_manager: [subscribe-get_quote] Full data ready for ANET
2026-01-26 10:47:04,119 [DEBUG] utils.trades: get_quote() took 0.56 seconds
2026-01-26 10:47:04,124 [DEBUG] utils.trades: Received stock quote (in options) for ANET: 134.0
2026-01-26 10:47:04,128 [DEBUG] utils.trades: Fetching live stock quote for SNDK
2026-01-26 10:47:04,130 [INFO] utils.quote_manager: [get_quote] START symbol=SNDK, expiry=None, strike=None, right=None
2026-01-26 10:47:04,338 [INFO] utils.quote_manager: [get_quote] Request the right market data: session=weekend
2026-01-26 10:47:04,339 [INFO] utils.quote_manager: [subscribe-get_quote] SNDK | Price Found: True (468.0) | Greeks Source: None | IV: N/A
2026-01-26 10:47:04,339 [INFO] utils.quote_manager: [subscribe-get_quote] Full data ready for SNDK
2026-01-26 10:47:04,339 [DEBUG] utils.trades: get_quote() took 0.21 seconds
2026-01-26 10:47:04,340 [DEBUG] utils.trades: Received stock quote for SNDK: 468.0
2026-01-26 10:47:04,341 [INFO] utils.trades: Fetching live option quote for TSM 20260206 300.0P
2026-01-26 10:47:04,341 [INFO] utils.quote_manager: [get_quote] START symbol=TSM, expiry=20260206, strike=300.0, right=P
2026-01-26 10:47:04,456 [INFO] utils.quote_manager: [get_quote] Request the right market data: session=weekend
2026-01-26 10:47:04,457 [INFO] utils.quote_manager: [subscribe-get_quote] TSM | Price Found: True (0.8501488914791606) | Greeks Source: modelGreeks | IV: 0.3998051010475681
2026-01-26 10:47:04,458 [INFO] utils.quote_manager: [subscribe-get_quote] Full data ready for TSM
2026-01-26 10:47:04,458 [DEBUG] utils.trades: get_quote() took 0.12 seconds
2026-01-26 10:47:04,459 [DEBUG] utils.trades: Received option quote for TSM 20260206 300.0P: 0.8501488914791606
2026-01-26 10:47:04,459 [DEBUG] utils.trades: Fetching live stock quote (in options) for TSM
2026-01-26 10:47:04,460 [INFO] utils.quote_manager: [get_quote] START symbol=TSM, expiry=None, strike=None, right=None
2026-01-26 10:47:04,592 [INFO] utils.quote_manager: [get_quote] Request the right market data: session=weekend
2026-01-26 10:47:04,593 [INFO] utils.quote_manager: [subscribe-get_quote] TSM | Price Found: True (332.2) | Greeks Source: None | IV: N/A
2026-01-26 10:47:04,594 [INFO] utils.quote_manager: [subscribe-get_quote] Full data ready for TSM
2026-01-26 10:47:04,594 [DEBUG] utils.trades: get_quote() took 0.13 seconds
2026-01-26 10:47:04,595 [DEBUG] utils.trades: Received stock quote (in options) for TSM: 332.2
2026-01-26 10:47:04,595 [INFO] utils.trades: Fetching live option quote for APLD 20260206 25.5P
2026-01-26 10:47:04,596 [INFO] utils.quote_manager: [get_quote] START symbol=APLD, expiry=20260206, strike=25.5, right=P
2026-01-26 10:47:05,102 [INFO] utils.quote_manager: [get_quote] Request the right market data: session=weekend
2026-01-26 10:47:10,118 [WARNING] utils.quote_manager: [subscribe_get_quote] TIMEOUT for APLD after 5.01s: last=nan, bid=-1.0, ask=-1.0, mg=None
2026-01-26 10:47:10,139 [DEBUG] utils.trades: get_quote() took 5.54 seconds
2026-01-26 10:47:10,139 [DEBUG] utils.trades: Received option quote for APLD 20260206 25.5P: 0.25
2026-01-26 10:47:10,140 [DEBUG] utils.trades: Fetching live stock quote (in options) for APLD
2026-01-26 10:47:10,140 [INFO] utils.quote_manager: [get_quote] START symbol=APLD, expiry=None, strike=None, right=None
2026-01-26 10:47:10,677 [INFO] utils.quote_manager: [get_quote] Request the right market data: session=weekend
2026-01-26 10:47:10,692 [INFO] utils.quote_manager: [subscribe-get_quote] APLD | Price Found: True (37.06) | Greeks Source: None | IV: N/A
2026-01-26 10:47:10,713 [INFO] utils.quote_manager: [subscribe-get_quote] Full data ready for APLD
2026-01-26 10:47:10,742 [DEBUG] utils.trades: get_quote() took 0.60 seconds
2026-01-26 10:47:10,745 [DEBUG] utils.trades: Received stock quote (in options) for APLD: 37.06
2026-01-26 10:47:10,750 [INFO] utils.trades: Fetching live option quote for AMD 20260130 255.0C
2026-01-26 10:47:10,760 [INFO] utils.quote_manager: [get_quote] START symbol=AMD, expiry=20260130, strike=255.0, right=C
2026-01-26 10:47:11,275 [INFO] utils.quote_manager: [get_quote] Request the right market data: session=weekend
2026-01-26 10:47:16,285 [WARNING] utils.quote_manager: [subscribe_get_quote] TIMEOUT for AMD after 5.00s: last=nan, bid=-1.0, ask=-1.0, mg=None
2026-01-26 10:47:16,289 [DEBUG] utils.trades: get_quote() took 5.54 seconds
2026-01-26 10:47:16,290 [DEBUG] utils.trades: Received option quote for AMD 20260130 255.0C: 7.82
2026-01-26 10:47:16,291 [DEBUG] utils.trades: Fetching live stock quote (in options) for AMD
2026-01-26 10:47:16,292 [INFO] utils.quote_manager: [get_quote] START symbol=AMD, expiry=None, strike=None, right=None
2026-01-26 10:47:16,831 [INFO] utils.quote_manager: [get_quote] Request the right market data: session=weekend
2026-01-26 10:47:16,845 [INFO] utils.quote_manager: [subscribe-get_quote] AMD | Price Found: True (257.68) | Greeks Source: None | IV: N/A
2026-01-26 10:47:16,894 [INFO] utils.quote_manager: [subscribe-get_quote] Full data ready for AMD
2026-01-26 10:47:16,910 [DEBUG] utils.trades: get_quote() took 0.62 seconds
2026-01-26 10:47:16,977 [DEBUG] utils.trades: Received stock quote (in options) for AMD: 257.68
2026-01-26 10:47:17,145 [INFO] utils.trades: Fetching live option quote for IREN 20260130 36.0P
2026-01-26 10:47:17,248 [INFO] utils.quote_manager: [get_quote] START symbol=IREN, expiry=20260130, strike=36.0, right=P
2026-01-26 10:47:18,039 [INFO] utils.quote_manager: [get_quote] Request the right market data: session=weekend
2026-01-26 10:47:18,042 [INFO] utils.quote_manager: [subscribe-get_quote] IREN | Price Found: True (0.17210942408160937) | Greeks Source: modelGreeks | IV: 1.8480884558990454
2026-01-26 10:47:18,044 [INFO] utils.quote_manager: [subscribe-get_quote] Full data ready for IREN
2026-01-26 10:47:18,046 [DEBUG] utils.trades: get_quote() took 0.90 seconds
2026-01-26 10:47:18,048 [DEBUG] utils.trades: Received option quote for IREN 20260130 36.0P: 0.17210942408160937
2026-01-26 10:47:18,058 [DEBUG] utils.trades: Fetching live stock quote (in options) for IREN
2026-01-26 10:47:18,060 [INFO] utils.quote_manager: [get_quote] START symbol=IREN, expiry=None, strike=None, right=None
2026-01-26 10:47:18,648 [INFO] utils.quote_manager: [get_quote] Request the right market data: session=weekend
2026-01-26 10:47:18,654 [INFO] utils.quote_manager: [subscribe-get_quote] IREN | Price Found: True (55.09) | Greeks Source: None | IV: N/A
2026-01-26 10:47:18,685 [INFO] utils.quote_manager: [subscribe-get_quote] Full data ready for IREN
2026-01-26 10:47:18,718 [DEBUG] utils.trades: get_quote() took 0.66 seconds
2026-01-26 10:47:18,743 [DEBUG] utils.trades: Received stock quote (in options) for IREN: 55.09
2026-01-26 10:47:18,748 [DEBUG] utils.trades: Fetching live stock quote for TSLA
2026-01-26 10:47:18,759 [INFO] utils.quote_manager: [get_quote] START symbol=TSLA, expiry=None, strike=None, right=None
2026-01-26 10:47:19,290 [INFO] utils.quote_manager: [get_quote] Request the right market data: session=weekend
2026-01-26 10:47:19,305 [INFO] utils.quote_manager: [subscribe-get_quote] TSLA | Price Found: True (443.14) | Greeks Source: None | IV: N/A
2026-01-26 10:47:19,313 [INFO] utils.quote_manager: [subscribe-get_quote] Full data ready for TSLA
2026-01-26 10:47:19,325 [DEBUG] utils.trades: get_quote() took 0.58 seconds
2026-01-26 10:47:19,327 [DEBUG] utils.trades: Received stock quote for TSLA: 443.14
2026-01-26 10:47:19,329 [INFO] utils.trades: Fetching live option quote for CLS 20260130 275.0P
2026-01-26 10:47:19,331 [INFO] utils.quote_manager: [get_quote] START symbol=CLS, expiry=20260130, strike=275.0, right=P
2026-01-26 10:47:19,845 [INFO] utils.quote_manager: [get_quote] Request the right market data: session=weekend
2026-01-26 10:47:24,887 [WARNING] utils.quote_manager: [subscribe_get_quote] TIMEOUT for CLS after 5.04s: last=nan, bid=-1.0, ask=-1.0, mg=None
2026-01-26 10:47:24,906 [DEBUG] utils.trades: get_quote() took 5.58 seconds
2026-01-26 10:47:24,907 [DEBUG] utils.trades: Received option quote for CLS 20260130 275.0P: 12.04
2026-01-26 10:47:24,907 [DEBUG] utils.trades: Fetching live stock quote (in options) for CLS
2026-01-26 10:47:24,907 [INFO] utils.quote_manager: [get_quote] START symbol=CLS, expiry=None, strike=None, right=None
2026-01-26 10:47:25,402 [INFO] utils.quote_manager: [get_quote] Request the right market data: session=weekend
2026-01-26 10:47:25,405 [INFO] utils.quote_manager: [subscribe-get_quote] CLS | Price Found: True (297.0) | Greeks Source: None | IV: N/A
2026-01-26 10:47:25,411 [INFO] utils.quote_manager: [subscribe-get_quote] Full data ready for CLS
2026-01-26 10:47:25,427 [DEBUG] utils.trades: get_quote() took 0.52 seconds
2026-01-26 10:47:25,445 [DEBUG] utils.trades: Received stock quote (in options) for CLS: 297.0
2026-01-26 10:47:25,465 [INFO] utils.trades: Fetching live option quote for ONDS 20260130 7.5P
2026-01-26 10:47:25,483 [INFO] utils.quote_manager: [get_quote] START symbol=ONDS, expiry=20260130, strike=7.5, right=P
2026-01-26 10:47:26,059 [INFO] utils.quote_manager: [get_quote] Request the right market data: session=weekend
2026-01-26 10:47:26,093 [INFO] utils.quote_manager: [subscribe-get_quote] ONDS | Price Found: True (0.010309048399622649) | Greeks Source: modelGreeks | IV: 1.5966922910214663
2026-01-26 10:47:26,105 [INFO] utils.quote_manager: [subscribe-get_quote] Full data ready for ONDS
2026-01-26 10:47:26,127 [DEBUG] utils.trades: get_quote() took 0.66 seconds
2026-01-26 10:47:26,130 [DEBUG] utils.trades: Received option quote for ONDS 20260130 7.5P: 0.010309048399622649
2026-01-26 10:47:26,143 [DEBUG] utils.trades: Fetching live stock quote (in options) for ONDS
2026-01-26 10:47:26,147 [INFO] utils.quote_manager: [get_quote] START symbol=ONDS, expiry=None, strike=None, right=None
2026-01-26 10:47:28,533 [INFO] utils.quote_manager: [get_quote] Request the right market data: session=weekend
2026-01-26 10:47:28,677 [INFO] utils.quote_manager: [subscribe-get_quote] ONDS | Price Found: True (12.06) | Greeks Source: None | IV: N/A
2026-01-26 10:47:28,694 [INFO] utils.quote_manager: [subscribe-get_quote] Full data ready for ONDS
2026-01-26 10:47:28,912 [DEBUG] utils.trades: get_quote() took 2.77 seconds
2026-01-26 10:47:28,964 [DEBUG] utils.trades: Received stock quote (in options) for ONDS: 12.06
2026-01-26 10:47:29,012 [INFO] utils.trades: Fetching live option quote for HOOD 20260130 115.0P
2026-01-26 10:47:29,046 [INFO] utils.quote_manager: [get_quote] START symbol=HOOD, expiry=20260130, strike=115.0, right=P
2026-01-26 10:47:33,080 [INFO] utils.quote_manager: [get_quote] Request the right market data: session=weekend
2026-01-26 10:47:33,114 [INFO] utils.quote_manager: [subscribe-get_quote] HOOD | Price Found: True (8.548162504489396) | Greeks Source: modelGreeks | IV: 0.48923327526361143
2026-01-26 10:47:33,265 [INFO] utils.quote_manager: [subscribe-get_quote] Full data ready for HOOD
2026-01-26 10:47:33,430 [DEBUG] utils.trades: get_quote() took 4.42 seconds
2026-01-26 10:47:33,463 [DEBUG] utils.trades: Received option quote for HOOD 20260130 115.0P: 8.548162504489396
2026-01-26 10:47:33,606 [DEBUG] utils.trades: Fetching live stock quote (in options) for HOOD
2026-01-26 10:47:33,642 [INFO] utils.quote_manager: [get_quote] START symbol=HOOD, expiry=None, strike=None, right=None
2026-01-26 10:47:36,567 [INFO] utils.quote_manager: [get_quote] Request the right market data: session=weekend
2026-01-26 10:47:36,579 [INFO] utils.quote_manager: [subscribe-get_quote] HOOD | Price Found: True (105.35) | Greeks Source: None | IV: N/A
2026-01-26 10:47:36,588 [INFO] utils.quote_manager: [subscribe-get_quote] Full data ready for HOOD
2026-01-26 10:47:36,596 [DEBUG] utils.trades: get_quote() took 2.99 seconds
2026-01-26 10:47:36,599 [DEBUG] utils.trades: Received stock quote (in options) for HOOD: 105.35
2026-01-26 10:47:36,613 [INFO] utils.trades: Fetching live option quote for VIX 20260818 13.5C
2026-01-26 10:47:36,615 [INFO] utils.quote_manager: [get_quote] START symbol=VIX, expiry=20260818, strike=13.5, right=C
2026-01-26 10:47:38,774 [INFO] utils.quote_manager: [get_quote] Request the right market data: session=weekend
2026-01-26 10:47:38,793 [INFO] utils.quote_manager: [subscribe-get_quote] VIX | Price Found: True (7.65) | Greeks Source: modelGreeks | IV: 0.39127501489676164
2026-01-26 10:47:38,963 [INFO] utils.quote_manager: [subscribe-get_quote] Full data ready for VIX
2026-01-26 10:47:38,996 [DEBUG] utils.trades: get_quote() took 2.38 seconds
2026-01-26 10:47:38,998 [DEBUG] utils.trades: Received option quote for VIX 20260818 13.5C: 7.65
2026-01-26 10:47:39,009 [DEBUG] utils.trades: Fetching live stock quote (in options) for VIX
2026-01-26 10:47:39,013 [INFO] utils.quote_manager: [get_quote] START symbol=VIX, expiry=None, strike=None, right=None
2026-01-26 10:47:41,165 [INFO] utils.quote_manager: [get_quote] Request the right market data: session=weekend
2026-01-26 10:47:41,173 [INFO] utils.quote_manager: [subscribe] built contract=Stock(symbol='VIX', exchange='SMART', currency='USD') for ('VIX', None, None, None, 0)
2026-01-26 10:47:43,215 [WARNING] utils.quote_manager: [safe_qualify] Qualification failed for VIX: 
2026-01-26 10:47:43,222 [ERROR] utils.quote_manager: [subscribe] All exchanges failed for ('VIX', None, None, None, 0)
2026-01-26 10:47:43,223 [ERROR] utils.quote_manager: [get_quote] ticker is None for ('VIX', None, None, None, 0)
2026-01-26 10:47:43,224 [DEBUG] utils.trades: get_quote() took 4.21 seconds
2026-01-26 10:47:43,224 [DEBUG] utils.trades: Received stock quote (in options) for VIX: None
2026-01-26 10:47:43,226 [DEBUG] utils.trades: Fetching live stock quote for TSLA
2026-01-26 10:47:43,226 [INFO] utils.quote_manager: [get_quote] START symbol=TSLA, expiry=None, strike=None, right=None
2026-01-26 10:47:43,787 [INFO] utils.quote_manager: [get_quote] Request the right market data: session=weekend
2026-01-26 10:47:43,791 [INFO] utils.quote_manager: [subscribe-get_quote] TSLA | Price Found: True (443.14) | Greeks Source: None | IV: N/A
2026-01-26 10:47:43,794 [INFO] utils.quote_manager: [subscribe-get_quote] Full data ready for TSLA
2026-01-26 10:47:43,813 [DEBUG] utils.trades: get_quote() took 0.59 seconds
2026-01-26 10:47:43,830 [DEBUG] utils.trades: Received stock quote for TSLA: 443.14
2026-01-26 10:47:43,833 [DEBUG] utils.trades: Fetching live stock quote for AAPL
2026-01-26 10:47:43,838 [INFO] utils.quote_manager: [get_quote] START symbol=AAPL, expiry=None, strike=None, right=None
2026-01-26 10:47:44,384 [INFO] utils.quote_manager: [get_quote] Request the right market data: session=weekend
2026-01-26 10:47:44,386 [INFO] utils.quote_manager: [subscribe-get_quote] AAPL | Price Found: True (248.15) | Greeks Source: None | IV: N/A
2026-01-26 10:47:44,387 [INFO] utils.quote_manager: [subscribe-get_quote] Full data ready for AAPL
2026-01-26 10:47:44,388 [DEBUG] utils.trades: get_quote() took 0.56 seconds
2026-01-26 10:47:44,389 [DEBUG] utils.trades: Received stock quote for AAPL: 248.15
2026-01-26 10:47:44,392 [DEBUG] utils.trades: Fetching live stock quote for AMD
2026-01-26 10:47:44,393 [INFO] utils.quote_manager: [get_quote] START symbol=AMD, expiry=None, strike=None, right=None
2026-01-26 10:47:44,821 [INFO] utils.quote_manager: [get_quote] Request the right market data: session=weekend
2026-01-26 10:47:44,822 [INFO] utils.quote_manager: [subscribe-get_quote] AMD | Price Found: True (257.68) | Greeks Source: None | IV: N/A
2026-01-26 10:47:44,823 [INFO] utils.quote_manager: [subscribe-get_quote] Full data ready for AMD
2026-01-26 10:47:44,824 [DEBUG] utils.trades: get_quote() took 0.43 seconds
2026-01-26 10:47:44,825 [DEBUG] utils.trades: Received stock quote for AMD: 257.68
2026-01-26 10:47:44,830 [DEBUG] utils.trades: Fetching live stock quote for CRCL
2026-01-26 10:47:44,836 [INFO] utils.quote_manager: [get_quote] START symbol=CRCL, expiry=None, strike=None, right=None
2026-01-26 10:47:44,956 [INFO] utils.quote_manager: [get_quote] Request the right market data: session=weekend
2026-01-26 10:47:44,957 [INFO] utils.quote_manager: [subscribe-get_quote] CRCL | Price Found: True (69.61) | Greeks Source: None | IV: N/A
2026-01-26 10:47:44,957 [INFO] utils.quote_manager: [subscribe-get_quote] Full data ready for CRCL
2026-01-26 10:47:44,957 [DEBUG] utils.trades: get_quote() took 0.13 seconds
2026-01-26 10:47:44,957 [DEBUG] utils.trades: Received stock quote for CRCL: 69.61
2026-01-26 10:47:44,958 [INFO] utils.trades: Fetching live option quote for HOOD 20260320 120.0C
2026-01-26 10:47:44,958 [INFO] utils.quote_manager: [get_quote] START symbol=HOOD, expiry=20260320, strike=120.0, right=C
2026-01-26 10:47:45,065 [INFO] utils.quote_manager: [get_quote] Request the right market data: session=weekend
2026-01-26 10:47:50,071 [WARNING] utils.quote_manager: [subscribe_get_quote] TIMEOUT for HOOD after 5.01s: last=nan, bid=-1.0, ask=-1.0, mg=None
2026-01-26 10:47:50,075 [DEBUG] utils.trades: get_quote() took 5.12 seconds
2026-01-26 10:47:50,076 [DEBUG] utils.trades: Received option quote for HOOD 20260320 120.0C: 5.03
2026-01-26 10:47:50,077 [DEBUG] utils.trades: Fetching live stock quote (in options) for HOOD
2026-01-26 10:47:50,077 [INFO] utils.quote_manager: [get_quote] START symbol=HOOD, expiry=None, strike=None, right=None
2026-01-26 10:47:50,603 [INFO] utils.quote_manager: [get_quote] Request the right market data: session=weekend
2026-01-26 10:47:50,609 [INFO] utils.quote_manager: [subscribe-get_quote] HOOD | Price Found: True (105.35) | Greeks Source: None | IV: N/A
2026-01-26 10:47:50,641 [INFO] utils.quote_manager: [subscribe-get_quote] Full data ready for HOOD
2026-01-26 10:47:50,693 [DEBUG] utils.trades: get_quote() took 0.62 seconds
2026-01-26 10:47:50,712 [DEBUG] utils.trades: Received stock quote (in options) for HOOD: 105.35
2026-01-26 10:47:50,741 [DEBUG] utils.trades: Fetching live stock quote for MSAI
2026-01-26 10:47:50,754 [INFO] utils.quote_manager: [get_quote] START symbol=MSAI, expiry=None, strike=None, right=None
2026-01-26 10:47:51,297 [INFO] utils.quote_manager: [get_quote] Request the right market data: session=weekend
2026-01-26 10:47:51,302 [INFO] utils.quote_manager: [subscribe-get_quote] MSAI | Price Found: True (0.3355) | Greeks Source: None | IV: N/A
2026-01-26 10:47:51,309 [INFO] utils.quote_manager: [subscribe-get_quote] Full data ready for MSAI
2026-01-26 10:47:51,312 [DEBUG] utils.trades: get_quote() took 0.57 seconds
2026-01-26 10:47:51,313 [DEBUG] utils.trades: Received stock quote for MSAI: 0.3355
2026-01-26 10:47:51,315 [DEBUG] utils.trades: Fetching live stock quote for NVDA
2026-01-26 10:47:51,320 [INFO] utils.quote_manager: [get_quote] START symbol=NVDA, expiry=None, strike=None, right=None
2026-01-26 10:47:51,831 [INFO] utils.quote_manager: [get_quote] Request the right market data: session=weekend
2026-01-26 10:47:51,837 [INFO] utils.quote_manager: [subscribe-get_quote] NVDA | Price Found: True (186.08) | Greeks Source: None | IV: N/A
2026-01-26 10:47:51,870 [INFO] utils.quote_manager: [subscribe-get_quote] Full data ready for NVDA
2026-01-26 10:47:51,897 [DEBUG] utils.trades: get_quote() took 0.58 seconds
2026-01-26 10:47:51,927 [DEBUG] utils.trades: Received stock quote for NVDA: 186.08
2026-01-26 10:47:51,932 [DEBUG] utils.trades: Fetching live stock quote for SOFI
2026-01-26 10:47:51,941 [INFO] utils.quote_manager: [get_quote] START symbol=SOFI, expiry=None, strike=None, right=None
2026-01-26 10:47:52,541 [INFO] utils.quote_manager: [get_quote] Request the right market data: session=weekend
2026-01-26 10:47:52,543 [INFO] utils.quote_manager: [subscribe-get_quote] SOFI | Price Found: True (25.7) | Greeks Source: None | IV: N/A
2026-01-26 10:47:52,546 [INFO] utils.quote_manager: [subscribe-get_quote] Full data ready for SOFI
2026-01-26 10:47:52,549 [DEBUG] utils.trades: get_quote() took 0.62 seconds
2026-01-26 10:47:52,558 [DEBUG] utils.trades: Received stock quote for SOFI: 25.7
2026-01-26 10:47:52,577 [DEBUG] utils.trades: Passing 6 groups to complex_groups_to_df...
2026-01-26 10:47:52,581 [INFO] utils.quote_manager: [get_quote] START symbol=FISV, expiry=20260116, strike=65.0, right=Put
2026-01-26 10:47:53,203 [INFO] utils.quote_manager: [get_quote] Request the right market data: session=weekend
2026-01-26 10:47:53,207 [INFO] utils.quote_manager: [subscribe] built contract=Option(symbol='FISV', lastTradeDateOrContractMonth='20260116', strike=65.0, right='Put', multiplier='100', exchange='SMART', currency='USD') for ('FISV', '20260116', 65.0, 'Put', 0)
2026-01-26 10:47:55,217 [WARNING] utils.quote_manager: [safe_qualify] Qualification failed for FISV: 
2026-01-26 10:47:57,233 [WARNING] utils.quote_manager: [safe_qualify] Qualification failed for FISV: 
2026-01-26 10:47:59,351 [WARNING] utils.quote_manager: [safe_qualify] Qualification failed for FISV: 
2026-01-26 10:48:01,471 [WARNING] utils.quote_manager: [safe_qualify] Qualification failed for FISV: 
2026-01-26 10:48:01,583 [ERROR] utils.quote_manager: [subscribe] All exchanges failed for ('FISV', '20260116', 65.0, 'Put', 0)
2026-01-26 10:48:01,585 [ERROR] utils.quote_manager: [get_quote] ticker is None for ('FISV', '20260116', 65.0, 'Put', 0)
2026-01-26 10:48:01,586 [ERROR] utils.trades: Quote failed for leg 10: unsupported operand type(s) for *: 'NoneType' and 'int'
2026-01-26 10:48:01,586 [INFO] utils.quote_manager: [get_quote] START symbol=FISV, expiry=20260116, strike=70.0, right=Put
2026-01-26 10:48:02,159 [INFO] utils.quote_manager: [get_quote] Request the right market data: session=weekend
2026-01-26 10:48:02,162 [INFO] utils.quote_manager: [subscribe] built contract=Option(symbol='FISV', lastTradeDateOrContractMonth='20260116', strike=70.0, right='Put', multiplier='100', exchange='SMART', currency='USD') for ('FISV', '20260116', 70.0, 'Put', 0)
2026-01-26 10:48:04,167 [WARNING] utils.quote_manager: [safe_qualify] Qualification failed for FISV: 
2026-01-26 10:48:06,183 [WARNING] utils.quote_manager: [safe_qualify] Qualification failed for FISV: 
2026-01-26 10:48:08,302 [WARNING] utils.quote_manager: [safe_qualify] Qualification failed for FISV: 
2026-01-26 10:48:10,417 [WARNING] utils.quote_manager: [safe_qualify] Qualification failed for FISV: 
2026-01-26 10:48:10,529 [ERROR] utils.quote_manager: [subscribe] All exchanges failed for ('FISV', '20260116', 70.0, 'Put', 0)
2026-01-26 10:48:10,534 [ERROR] utils.quote_manager: [get_quote] ticker is None for ('FISV', '20260116', 70.0, 'Put', 0)
2026-01-26 10:48:10,535 [ERROR] utils.trades: Quote failed for leg 9: unsupported operand type(s) for *: 'NoneType' and 'int'
2026-01-26 10:48:10,535 [INFO] utils.quote_manager: [get_quote] START symbol=AMZN, expiry=20260320, strike=220.0, right=Call
2026-01-26 10:48:11,098 [INFO] utils.quote_manager: [get_quote] Request the right market data: session=weekend
2026-01-26 10:48:11,099 [INFO] utils.quote_manager: [subscribe-get_quote] AMZN | Price Found: True (26.011141503828473) | Greeks Source: modelGreeks | IV: 0.37063176911682355
2026-01-26 10:48:11,103 [INFO] utils.quote_manager: [subscribe-get_quote] Full data ready for AMZN
2026-01-26 10:48:11,110 [INFO] utils.quote_manager: [get_quote] START symbol=AMZN, expiry=20260116, strike=240.0, right=Call
2026-01-26 10:48:11,613 [INFO] utils.quote_manager: [get_quote] Request the right market data: session=weekend
2026-01-26 10:48:11,623 [INFO] utils.quote_manager: [subscribe] built contract=Option(symbol='AMZN', lastTradeDateOrContractMonth='20260116', strike=240.0, right='Call', multiplier='100', exchange='SMART', currency='USD') for ('AMZN', '20260116', 240.0, 'Call', 0)
2026-01-26 10:48:13,650 [WARNING] utils.quote_manager: [safe_qualify] Qualification failed for AMZN: 
2026-01-26 10:48:15,667 [WARNING] utils.quote_manager: [safe_qualify] Qualification failed for AMZN: 
2026-01-26 10:48:17,784 [WARNING] utils.quote_manager: [safe_qualify] Qualification failed for AMZN: 
2026-01-26 10:48:19,915 [WARNING] utils.quote_manager: [safe_qualify] Qualification failed for AMZN: 
2026-01-26 10:48:20,018 [ERROR] utils.quote_manager: [subscribe] All exchanges failed for ('AMZN', '20260116', 240.0, 'Call', 0)
2026-01-26 10:48:20,026 [ERROR] utils.quote_manager: [get_quote] ticker is None for ('AMZN', '20260116', 240.0, 'Call', 0)
2026-01-26 10:48:20,027 [ERROR] utils.trades: Quote failed for leg 19: unsupported operand type(s) for *: 'NoneType' and 'int'
2026-01-26 10:48:20,028 [INFO] utils.quote_manager: [get_quote] START symbol=MA, expiry=20260320, strike=560.0, right=Call
2026-01-26 10:48:20,612 [INFO] utils.quote_manager: [get_quote] Request the right market data: session=weekend
2026-01-26 10:48:20,614 [INFO] utils.quote_manager: [subscribe-get_quote] MA | Price Found: True (7.723687468989272) | Greeks Source: modelGreeks | IV: 0.23327907018555047
2026-01-26 10:48:20,615 [INFO] utils.quote_manager: [subscribe-get_quote] Full data ready for MA
2026-01-26 10:48:20,674 [INFO] utils.quote_manager: [get_quote] START symbol=MA, expiry=20260130, strike=560.0, right=Call
2026-01-26 10:48:21,189 [INFO] utils.quote_manager: [get_quote] Request the right market data: session=weekend
2026-01-26 10:48:26,217 [WARNING] utils.quote_manager: [subscribe_get_quote] TIMEOUT for MA after 5.02s: last=nan, bid=-1.0, ask=-1.0, mg=None
2026-01-26 10:48:26,218 [INFO] utils.quote_manager: [get_quote] START symbol=TSLA, expiry=20260220, strike=440.0, right=Call
2026-01-26 10:48:26,763 [INFO] utils.quote_manager: [get_quote] Request the right market data: session=weekend
2026-01-26 10:48:31,766 [WARNING] utils.quote_manager: [subscribe_get_quote] TIMEOUT for TSLA after 5.00s: last=nan, bid=-1.0, ask=-1.0, mg=None
2026-01-26 10:48:31,768 [INFO] utils.quote_manager: [get_quote] START symbol=TSLA, expiry=20260220, strike=440.0, right=Call
2026-01-26 10:48:32,245 [INFO] utils.quote_manager: [get_quote] Request the right market data: session=weekend
2026-01-26 10:48:37,266 [WARNING] utils.quote_manager: [subscribe_get_quote] TIMEOUT for TSLA after 5.01s: last=nan, bid=-1.0, ask=-1.0, mg=None
2026-01-26 10:48:37,272 [INFO] utils.quote_manager: [get_quote] START symbol=RKLB, expiry=20260213, strike=75.0, right=Put
2026-01-26 10:48:37,553 [INFO] utils.quote_manager: [get_quote] Request the right market data: session=weekend
2026-01-26 10:48:37,555 [INFO] utils.quote_manager: [subscribe-get_quote] RKLB | Price Found: True (2.0820489119457752) | Greeks Source: modelGreeks | IV: 0.8952559084348135
2026-01-26 10:48:37,556 [INFO] utils.quote_manager: [subscribe-get_quote] Full data ready for RKLB
2026-01-26 10:48:37,557 [INFO] utils.quote_manager: [get_quote] START symbol=RKLB, expiry=20260213, strike=80.0, right=Put
2026-01-26 10:48:37,702 [INFO] utils.quote_manager: [get_quote] Request the right market data: session=weekend
2026-01-26 10:48:42,749 [WARNING] utils.quote_manager: [subscribe_get_quote] TIMEOUT for RKLB after 5.04s: last=nan, bid=-1.0, ask=-1.0, mg=None
2026-01-26 10:48:42,752 [INFO] utils.quote_manager: [get_quote] START symbol=NVDA, expiry=20260320, strike=170.0, right=Call
2026-01-26 10:48:43,258 [INFO] utils.quote_manager: [get_quote] Request the right market data: session=weekend
2026-01-26 10:48:43,279 [INFO] utils.quote_manager: [subscribe-get_quote] NVDA | Price Found: True (24.354095875426868) | Greeks Source: modelGreeks | IV: 0.4601320315188967
2026-01-26 10:48:43,296 [INFO] utils.quote_manager: [subscribe-get_quote] Full data ready for NVDA
2026-01-26 10:48:43,332 [INFO] utils.quote_manager: [get_quote] START symbol=NVDA, expiry=20260130, strike=190.0, right=Call
2026-01-26 10:48:43,672 [INFO] utils.quote_manager: [get_quote] Request the right market data: session=weekend
2026-01-26 10:48:48,732 [WARNING] utils.quote_manager: [subscribe_get_quote] TIMEOUT for NVDA after 5.06s: last=nan, bid=-1.0, ask=-1.0, mg=None
2026-01-26 10:48:48,737 [DEBUG] utils.trades: DataFrame Row 0 Legs Count: 2
2026-01-26 10:48:48,761 [DEBUG] __main__: get_all_open_positions() took 131.83 seconds
2026-01-26 10:48:48,803 [DEBUG] __main__: Open Flat Trades styling INITIATED
2026-01-26 10:48:48,902 [DEBUG] __main__: Open Flat Trades styling took 0.10 seconds
2026-01-26 10:48:48,929 [INFO] utils.trades: --- SUMMARY ---
2026-01-26 10:48:48,930 [INFO] utils.trades: Initial Baseline: 626.38
2026-01-26 10:48:48,931 [INFO] utils.trades: Total Realized Cash: 626.38
2026-01-26 10:48:48,932 [INFO] utils.trades: Total Unrealized P&L: 0.00
2026-01-26 10:48:48,933 [INFO] utils.trades: Final True P&L: 626.38
2026-01-26 10:48:48,935 [INFO] utils.trades: --- DEBUG END ---

2026-01-26 10:48:48,944 [INFO] utils.trades: LEG ID: 11 | AMZN 20251128 220.0Call | Qty: -2
2026-01-26 10:48:48,945 [INFO] utils.trades:   > Realized: Entry $1,038.00 | Exit $-1,740.00 | Comms $1.60 | P&L $-702.00 | Status: Rolled
2026-01-26 10:48:48,945 [INFO] utils.trades:   > CURRENT MARKET VALUE TO LIQUIDATE: (Mark 26.011141503828473) * Qty 2 = 5,202.23
2026-01-26 10:48:48,945 [INFO] utils.trades: LEG ID: 12 | AMZN 20260320 220.0Call | Qty: 2
2026-01-26 10:48:48,946 [INFO] utils.trades:   > UNREALIZED: (Mark 26.011141503828473 - Entry 20.94) * Qty 2 = 5,202.23
2026-01-26 10:48:48,946 [INFO] utils.trades: LEG ID: 15 | AMZN 20251205 227.5Call | Qty: -2
2026-01-26 10:48:48,946 [INFO] utils.trades:   > Realized: Entry $1,114.00 | Exit $-648.00 | Comms $1.45 | P&L $466.00 | Status: Rolled
2026-01-26 10:48:48,947 [INFO] utils.trades: LEG ID: 16 | AMZN 20251219 232.5Call | Qty: -2
2026-01-26 10:48:48,947 [INFO] utils.trades:   > Realized: Entry $892.00 | Exit $-4.00 | Comms $1.32 | P&L $888.00 | Status: Rolled
2026-01-26 10:48:48,948 [INFO] utils.trades: LEG ID: 17 | AMZN 20260102 235.0Call | Qty: -2
2026-01-26 10:48:48,948 [INFO] utils.trades:   > Realized: Entry $246.00 | Exit $-72.00 | Comms $1.67 | P&L $174.00 | Status: Rolled
2026-01-26 10:48:48,948 [INFO] utils.trades: LEG ID: 18 | AMZN 20260109 235.0Call | Qty: -2
2026-01-26 10:48:48,948 [INFO] utils.trades:   > Realized: Entry $422.00 | Exit $-1,960.00 | Comms $2.38 | P&L $-1,538.00 | Status: Rolled
2026-01-26 10:48:48,949 [INFO] utils.trades: --- SUMMARY ---
2026-01-26 10:48:48,951 [INFO] utils.trades: Initial Baseline: -3,151.61
2026-01-26 10:48:48,952 [INFO] utils.trades: Total Realized Cash: -3,490.64
2026-01-26 10:48:48,952 [INFO] utils.trades: Total Unrealized P&L: 5,202.23
2026-01-26 10:48:48,953 [INFO] utils.trades: Final True P&L: 1,711.59
2026-01-26 10:48:48,953 [INFO] utils.trades: --- DEBUG END ---

2026-01-26 10:48:48,974 [DEBUG] utils.ui_components: [close_strategy_dialog] Entering View B Input Form
2026-01-26 10:48:48,988 [INFO] utils.trades: LEG ID: 28 | MA 20251024 560.0Call | Qty: -1
2026-01-26 10:48:48,993 [INFO] utils.trades:   > Realized: Entry $998.00 | Exit $-1,330.00 | Comms $1.40 | P&L $-332.00 | Status: Rolled
2026-01-26 10:48:48,993 [INFO] utils.trades:   > CURRENT MARKET VALUE TO LIQUIDATE: (Mark 7.723687468989272) * Qty 1 = 772.37
2026-01-26 10:48:48,993 [INFO] utils.trades: LEG ID: 29 | MA 20260320 560.0Call | Qty: 1
2026-01-26 10:48:48,994 [INFO] utils.trades:   > UNREALIZED: (Mark 7.723687468989272 - Entry 41.04) * Qty 1 = 772.37
2026-01-26 10:48:48,994 [INFO] utils.trades: LEG ID: 30 | MA 20251031 570.0Call | Qty: -1
2026-01-26 10:48:48,994 [INFO] utils.trades:   > Realized: Entry $1,333.00 | Exit $-1,551.00 | Comms $1.41 | P&L $-218.00 | Status: Rolled
2026-01-26 10:48:48,994 [INFO] utils.trades: LEG ID: 31 | MA 20251107 575.0Call | Qty: -1
2026-01-26 10:48:48,996 [INFO] utils.trades:   > Realized: Entry $1,446.00 | Exit $-19.00 | Comms $1.76 | P&L $1,427.00 | Status: Rolled
2026-01-26 10:48:49,000 [INFO] utils.trades: LEG ID: 32 | MA 20251114 560.0Call | Qty: -1
2026-01-26 10:48:49,005 [INFO] utils.trades:   > Realized: Entry $247.00 | Exit $-453.00 | Comms $2.10 | P&L $-206.00 | Status: Rolled
2026-01-26 10:48:49,008 [INFO] utils.trades: LEG ID: 33 | MA 20251121 565.0Call | Qty: -1
2026-01-26 10:48:49,008 [INFO] utils.trades:   > Realized: Entry $549.00 | Exit $-12.00 | Comms $2.10 | P&L $537.00 | Status: Rolled
2026-01-26 10:48:49,010 [INFO] utils.trades: LEG ID: 34 | MA 20251205 565.0Call | Qty: -1
2026-01-26 10:48:49,011 [INFO] utils.trades:   > Realized: Entry $217.00 | Exit $-15.00 | Comms $1.71 | P&L $202.00 | Status: Rolled
2026-01-26 10:48:49,012 [INFO] utils.trades: LEG ID: 35 | MA 20251212 562.5Call | Qty: -1
2026-01-26 10:48:49,012 [INFO] utils.trades:   > Realized: Entry $208.00 | Exit $-180.00 | Comms $1.68 | P&L $28.00 | Status: Rolled
2026-01-26 10:48:49,012 [INFO] utils.trades: LEG ID: 36 | MA 20251219 565.0Call | Qty: -1
2026-01-26 10:48:49,013 [INFO] utils.trades:   > Realized: Entry $420.00 | Exit $-1,010.00 | Comms $1.69 | P&L $-590.00 | Status: Rolled
2026-01-26 10:48:49,013 [INFO] utils.trades: LEG ID: 37 | MA 20251226 570.0Call | Qty: -1
2026-01-26 10:48:49,013 [INFO] utils.trades:   > Realized: Entry $859.00 | Exit $-996.00 | Comms $1.70 | P&L $-137.00 | Status: Rolled
2026-01-26 10:48:49,014 [INFO] utils.trades: LEG ID: 38 | MA 20260109 580.0Call | Qty: -1
2026-01-26 10:48:49,016 [INFO] utils.trades:   > Realized: Entry $700.00 | Exit $-411.00 | Comms $2.07 | P&L $289.00 | Status: Rolled
2026-01-26 10:48:49,016 [INFO] utils.trades: LEG ID: 39 | MA 20260116 587.5Call | Qty: -1
2026-01-26 10:48:49,017 [INFO] utils.trades:   > Realized: Entry $390.00 | Exit $-20.00 | Comms $2.10 | P&L $370.00 | Status: Rolled
2026-01-26 10:48:49,018 [INFO] utils.trades: LEG ID: 40 | MA 20260116 560.5Call | Qty: -1
2026-01-26 10:48:49,019 [INFO] utils.trades:   > Realized: Entry $135.00 | Exit $-9.00 | Comms $1.75 | P&L $126.00 | Status: Rolled
2026-01-26 10:48:49,019 [INFO] utils.trades: LEG ID: 41 | MA 20260123 560.0Call | Qty: -1
2026-01-26 10:48:49,019 [INFO] utils.trades:   > Realized: Entry $93.00 | Exit $-27.00 | Comms $1.75 | P&L $66.00 | Status: Rolled
2026-01-26 10:48:49,019 [INFO] utils.trades:   > CURRENT MARKET VALUE TO LIQUIDATE: (Mark 2.03) * Qty -1 = -203.00
2026-01-26 10:48:49,023 [INFO] utils.trades: LEG ID: 75 | MA 20260130 560.0Call | Qty: -1
2026-01-26 10:48:49,026 [INFO] utils.trades:   > UNREALIZED: (Mark 2.03 - Entry 1.44) * Qty -1 = -203.00
2026-01-26 10:48:49,032 [INFO] utils.trades: --- SUMMARY ---
2026-01-26 10:48:49,036 [INFO] utils.trades: Initial Baseline: -3,107.40
2026-01-26 10:48:49,040 [INFO] utils.trades: Total Realized Cash: -2,422.97
2026-01-26 10:48:49,040 [INFO] utils.trades: Total Unrealized P&L: 569.37
2026-01-26 10:48:49,045 [INFO] utils.trades: Final True P&L: -1,853.60
2026-01-26 10:48:49,046 [INFO] utils.trades: --- DEBUG END ---

2026-01-26 10:48:49,071 [INFO] utils.trades: LEG ID: 42 | TSLA 20251031 440.0Call | Qty: -1
2026-01-26 10:48:49,076 [INFO] utils.trades:   > Realized: Entry $1,210.00 | Exit $-2,532.00 | Comms $1.40 | P&L $-1,322.00 | Status: Rolled
2026-01-26 10:48:49,077 [INFO] utils.trades:   > CURRENT MARKET VALUE TO LIQUIDATE: (Mark 29.18) * Qty 1 = 2,918.00
2026-01-26 10:48:49,077 [INFO] utils.trades: LEG ID: 43 | TSLA 20260220 440.0Call | Qty: 1
2026-01-26 10:48:49,077 [INFO] utils.trades:   > UNREALIZED: (Mark 29.18 - Entry 56.74) * Qty 1 = 2,918.00
2026-01-26 10:48:49,077 [INFO] utils.trades: LEG ID: 44 | TSLA 20251107 450.0Call | Qty: -1
2026-01-26 10:48:49,078 [INFO] utils.trades:   > Realized: Entry $2,507.00 | Exit $-2,480.00 | Comms $1.41 | P&L $27.00 | Status: Rolled
2026-01-26 10:48:49,078 [INFO] utils.trades: LEG ID: 45 | TSLA 20251121 467.5Call | Qty: -1
2026-01-26 10:48:49,078 [INFO] utils.trades:   > Realized: Entry $2,525.00 | Exit $-12.00 | Comms $1.41 | P&L $2,513.00 | Status: Rolled
2026-01-26 10:48:49,078 [INFO] utils.trades: LEG ID: 46 | TSLA 20251128 440.0Call | Qty: -1
2026-01-26 10:48:49,078 [INFO] utils.trades:   > Realized: Entry $268.00 | Exit $-43.00 | Comms $1.40 | P&L $225.00 | Status: Rolled
2026-01-26 10:48:49,078 [INFO] utils.trades: LEG ID: 47 | TSLA 20251205 440.0Call | Qty: -1
2026-01-26 10:48:49,078 [INFO] utils.trades:   > Realized: Entry $388.00 | Exit $-618.00 | Comms $1.36 | P&L $-230.00 | Status: Rolled
2026-01-26 10:48:49,079 [INFO] utils.trades: LEG ID: 48 | TSLA 20251212 455.0Call | Qty: -1
2026-01-26 10:48:49,079 [INFO] utils.trades:   > Realized: Entry $663.00 | Exit $-128.00 | Comms $1.69 | P&L $535.00 | Status: Rolled
2026-01-26 10:48:49,079 [INFO] utils.trades: LEG ID: 49 | TSLA 20251219 455.0Call | Qty: -1
2026-01-26 10:48:49,079 [INFO] utils.trades:   > Realized: Entry $713.00 | Exit $-2,520.00 | Comms $1.69 | P&L $-1,807.00 | Status: Rolled
2026-01-26 10:48:49,079 [INFO] utils.trades: LEG ID: 50 | TSLA 20260102 470.0Call | Qty: -1
2026-01-26 10:48:49,081 [INFO] utils.trades:   > Realized: Entry $2,417.00 | Exit $-2.00 | Comms $1.73 | P&L $2,415.00 | Status: Rolled
2026-01-26 10:48:49,086 [INFO] utils.trades: LEG ID: 51 | TSLA 20260109 470.0Call | Qty: -1
2026-01-26 10:48:49,089 [INFO] utils.trades:   > Realized: Entry $238.00 | Exit $-22.00 | Comms $2.10 | P&L $216.00 | Status: Rolled
2026-01-26 10:48:49,089 [INFO] utils.trades: LEG ID: 52 | TSLA 20260116 470.0Call | Qty: -1
2026-01-26 10:48:49,092 [INFO] utils.trades:   > Realized: Entry $208.00 | Exit $-23.00 | Comms $2.60 | P&L $185.00 | Status: Rolled
2026-01-26 10:48:49,093 [INFO] utils.trades: LEG ID: 53 | TSLA 20260116 455.0Call | Qty: -1
2026-01-26 10:48:49,093 [INFO] utils.trades:   > Realized: Entry $109.00 | Exit $-32.00 | Comms $2.14 | P&L $77.00 | Status: Rolled
2026-01-26 10:48:49,095 [INFO] utils.trades: LEG ID: 54 | TSLA 20260123 462.5Call | Qty: -1
2026-01-26 10:48:49,095 [INFO] utils.trades:   > Realized: Entry $272.00 | Exit $-10.00 | Comms $1.40 | P&L $262.00 | Status: Rolled
2026-01-26 10:48:49,098 [INFO] utils.trades: LEG ID: 74 | TSLA 20260123 442.5Call | Qty: -1
2026-01-26 10:48:49,099 [INFO] utils.trades:   > Realized: Entry $220.00 | Exit $-550.00 | Comms $1.40 | P&L $-330.00 | Status: Rolled
2026-01-26 10:48:49,099 [INFO] utils.trades:   > CURRENT MARKET VALUE TO LIQUIDATE: (Mark 29.18) * Qty -1 = -2,918.00
2026-01-26 10:48:49,121 [INFO] utils.trades: LEG ID: 77 | TSLA 20260220 440.0Call | Qty: -1
2026-01-26 10:48:49,122 [INFO] utils.trades:   > UNREALIZED: (Mark 29.18 - Entry 27.25) * Qty -1 = -2,918.00
2026-01-26 10:48:49,129 [INFO] utils.trades: --- SUMMARY ---
2026-01-26 10:48:49,130 [INFO] utils.trades: Initial Baseline: -4,465.40
2026-01-26 10:48:49,136 [INFO] utils.trades: Total Realized Cash: -206.13
2026-01-26 10:48:49,144 [INFO] utils.trades: Total Unrealized P&L: 0.00
2026-01-26 10:48:49,145 [INFO] utils.trades: Final True P&L: -206.13
2026-01-26 10:48:49,145 [INFO] utils.trades: --- DEBUG END ---

2026-01-26 10:48:49,156 [INFO] utils.trades:   > CURRENT MARKET VALUE TO LIQUIDATE: (Mark 4.02) * Qty -4 = -1,608.00
2026-01-26 10:48:49,156 [INFO] utils.trades: LEG ID: 55 | RKLB 20260213 80.0Put | Qty: -4
2026-01-26 10:48:49,157 [INFO] utils.trades:   > UNREALIZED: (Mark 4.02 - Entry 4.93) * Qty -4 = -1,608.00
2026-01-26 10:48:49,157 [INFO] utils.trades:   > CURRENT MARKET VALUE TO LIQUIDATE: (Mark 2.0820489119457752) * Qty 4 = 832.82
2026-01-26 10:48:49,157 [INFO] utils.trades: LEG ID: 56 | RKLB 20260213 75.0Put | Qty: 4
2026-01-26 10:48:49,157 [INFO] utils.trades:   > UNREALIZED: (Mark 2.0820489119457752 - Entry 3.13) * Qty 4 = 832.82
2026-01-26 10:48:49,157 [INFO] utils.trades: --- SUMMARY ---
2026-01-26 10:48:49,158 [INFO] utils.trades: Initial Baseline: 717.50
2026-01-26 10:48:49,158 [INFO] utils.trades: Total Realized Cash: 717.50
2026-01-26 10:48:49,158 [INFO] utils.trades: Total Unrealized P&L: -775.18
2026-01-26 10:48:49,158 [INFO] utils.trades: Final True P&L: -57.68
2026-01-26 10:48:49,159 [INFO] utils.trades: --- DEBUG END ---

2026-01-26 10:48:49,167 [INFO] utils.trades: LEG ID: 57 | NVDA 20250919 170.0Call | Qty: -1
2026-01-26 10:48:49,168 [INFO] utils.trades:   > Realized: Entry $416.00 | Exit $-632.00 | Comms $2.04 | P&L $-216.00 | Status: Rolled
2026-01-26 10:48:49,169 [INFO] utils.trades:   > CURRENT MARKET VALUE TO LIQUIDATE: (Mark 24.354095875426868) * Qty 1 = 2,435.41
2026-01-26 10:48:49,169 [INFO] utils.trades: LEG ID: 58 | NVDA 20260320 170.0Call | Qty: 1
2026-01-26 10:48:49,169 [INFO] utils.trades:   > UNREALIZED: (Mark 24.354095875426868 - Entry 21.19) * Qty 1 = 2,435.41
2026-01-26 10:48:49,169 [INFO] utils.trades: LEG ID: 59 | NVDA 20251003 175.0Call | Qty: -1
2026-01-26 10:48:49,169 [INFO] utils.trades:   > Realized: Entry $542.00 | Exit $-774.00 | Comms $1.70 | P&L $-232.00 | Status: Rolled
2026-01-26 10:48:49,169 [INFO] utils.trades: LEG ID: 60 | NVDA 20251010 177.5Call | Qty: -1
2026-01-26 10:48:49,170 [INFO] utils.trades:   > Realized: Entry $737.00 | Exit $-1,072.00 | Comms $1.41 | P&L $-335.00 | Status: Rolled
2026-01-26 10:48:49,170 [INFO] utils.trades: LEG ID: 61 | NVDA 20251031 185.0Call | Qty: -1
2026-01-26 10:48:49,170 [INFO] utils.trades:   > Realized: Entry $937.00 | Exit $-1,417.00 | Comms $1.40 | P&L $-480.00 | Status: Rolled
2026-01-26 10:48:49,171 [INFO] utils.trades: LEG ID: 62 | NVDA 20251107 190.0Call | Qty: -1
2026-01-26 10:48:49,171 [INFO] utils.trades:   > Realized: Entry $1,182.00 | Exit $-2,078.00 | Comms $1.75 | P&L $-896.00 | Status: Rolled
2026-01-26 10:48:49,171 [INFO] utils.trades: LEG ID: 63 | NVDA 20251121 200.0Call | Qty: -1
2026-01-26 10:48:49,171 [INFO] utils.trades:   > Realized: Entry $1,676.00 | Exit $-2.00 | Comms $2.10 | P&L $1,674.00 | Status: Rolled
2026-01-26 10:48:49,172 [INFO] utils.trades: LEG ID: 64 | NVDA 20251128 190.0Call | Qty: -1
2026-01-26 10:48:49,172 [INFO] utils.trades:   > Realized: Entry $156.00 | Exit $-10.00 | Comms $2.04 | P&L $146.00 | Status: Rolled
2026-01-26 10:48:49,172 [INFO] utils.trades: LEG ID: 65 | NVDA 20251128 175.0Call | Qty: -1
2026-01-26 10:48:49,172 [INFO] utils.trades:   > Realized: Entry $203.00 | Exit $-660.00 | Comms $1.69 | P&L $-457.00 | Status: Rolled
2026-01-26 10:48:49,172 [INFO] utils.trades: LEG ID: 66 | NVDA 20251205 180.0Call | Qty: -1
2026-01-26 10:48:49,172 [INFO] utils.trades:   > Realized: Entry $550.00 | Exit $-614.00 | Comms $1.37 | P&L $-64.00 | Status: Rolled
2026-01-26 10:48:49,172 [INFO] utils.trades: LEG ID: 67 | NVDA 20251219 187.0Call | Qty: -1
2026-01-26 10:48:49,173 [INFO] utils.trades:   > Realized: Entry $559.00 | Exit $-7.00 | Comms $1.88 | P&L $552.00 | Status: Rolled
2026-01-26 10:48:49,173 [INFO] utils.trades: LEG ID: 68 | NVDA 20251226 185.0Call | Qty: -1
2026-01-26 10:48:49,173 [INFO] utils.trades:   > Realized: Entry $58.00 | Exit $-571.00 | Comms $1.89 | P&L $-513.00 | Status: Rolled
2026-01-26 10:48:49,173 [INFO] utils.trades: LEG ID: 69 | NVDA 20260102 190.0Call | Qty: -1
2026-01-26 10:48:49,174 [INFO] utils.trades:   > Realized: Entry $336.00 | Exit $-94.00 | Comms $1.73 | P&L $242.00 | Status: Rolled
2026-01-26 10:48:49,174 [INFO] utils.trades: LEG ID: 70 | NVDA 20260109 192.5Call | Qty: -1
2026-01-26 10:48:49,174 [INFO] utils.trades:   > Realized: Entry $240.00 | Exit $-110.00 | Comms $2.10 | P&L $130.00 | Status: Rolled
2026-01-26 10:48:49,175 [INFO] utils.trades: LEG ID: 71 | NVDA 20260116 195.0Call | Qty: -1
2026-01-26 10:48:49,175 [INFO] utils.trades:   > Realized: Entry $211.00 | Exit $-24.00 | Comms $1.75 | P&L $187.00 | Status: Rolled
2026-01-26 10:48:49,175 [INFO] utils.trades: LEG ID: 72 | NVDA 20260123 195.0Call | Qty: -1
2026-01-26 10:48:49,175 [INFO] utils.trades:   > Realized: Entry $86.00 | Exit $-4.00 | Comms $1.75 | P&L $82.00 | Status: Rolled
2026-01-26 10:48:49,176 [INFO] utils.trades: LEG ID: 73 | NVDA 20260123 185.0Call | Qty: -1
2026-01-26 10:48:49,176 [INFO] utils.trades:   > Realized: Entry $60.00 | Exit $-280.00 | Comms $2.10 | P&L $-220.00 | Status: Rolled
2026-01-26 10:48:49,177 [INFO] utils.trades:   > CURRENT MARKET VALUE TO LIQUIDATE: (Mark 1.96) * Qty -1 = -196.00
2026-01-26 10:48:49,177 [INFO] utils.trades: LEG ID: 76 | NVDA 20260130 190.0Call | Qty: -1
2026-01-26 10:48:49,181 [INFO] utils.trades:   > UNREALIZED: (Mark 1.96 - Entry 2.9) * Qty -1 = -196.00
2026-01-26 10:48:49,189 [INFO] utils.trades: --- SUMMARY ---
2026-01-26 10:48:49,192 [INFO] utils.trades: Initial Baseline: -1,705.10
2026-01-26 10:48:49,195 [INFO] utils.trades: Total Realized Cash: -2,259.80
2026-01-26 10:48:49,196 [INFO] utils.trades: Total Unrealized P&L: 2,239.41
2026-01-26 10:48:49,198 [INFO] utils.trades: Final True P&L: -20.39
2026-01-26 10:48:49,198 [INFO] utils.trades: --- DEBUG END ---

2026-01-26 10:48:51,747 [DEBUG] utils.ui_components: [close_strategy_dialog] Entering View B Input Form
2026-01-26 10:49:10,978 [DEBUG] utils.ui_components: [close_strategy_dialog] Entering View B Input Form
2026-01-26 10:49:35,742 [DEBUG] utils.ui_components: [close_strategy_dialog] Entering View B Input Form
2026-01-26 10:49:41,448 [DEBUG] utils.ui_components: [close_strategy_dialog] Entering View B Input Form
2026-01-26 10:49:43,905 [DEBUG] utils.ui_components: [close_strategy_dialog] Entering View B Input Form
2026-01-26 10:49:51,577 [DEBUG] utils.ui_components: [close_strategy_dialog] Entering View B Input Form
2026-01-26 10:49:54,171 [DEBUG] utils.ui_components: [close_strategy_dialog] Entering View B Input Form
2026-01-26 10:49:54,185 [INFO] utils.trades: LEG ID: 11 | AMZN 20251128 220.0Call | Qty: -2
2026-01-26 10:49:54,186 [INFO] utils.trades:   > Realized: Entry $1,038.00 | Exit $-1,740.00 | Comms $1.60 | P&L $-702.00 | Status: Rolled
2026-01-26 10:49:54,187 [INFO] utils.trades:   > CURRENT MARKET VALUE TO LIQUIDATE: (Mark 25.12) * Qty 2 = 5,024.00
2026-01-26 10:49:54,187 [INFO] utils.trades: LEG ID: 12 | AMZN 20260320 220.0Call | Qty: 2
2026-01-26 10:49:54,187 [INFO] utils.trades:   > UNREALIZED: (Mark 25.12 - Entry 20.94) * Qty 2 = 5,024.00
2026-01-26 10:49:54,189 [INFO] utils.trades: LEG ID: 15 | AMZN 20251205 227.5Call | Qty: -2
2026-01-26 10:49:54,189 [INFO] utils.trades:   > Realized: Entry $1,114.00 | Exit $-648.00 | Comms $1.45 | P&L $466.00 | Status: Rolled
2026-01-26 10:49:54,190 [INFO] utils.trades: LEG ID: 16 | AMZN 20251219 232.5Call | Qty: -2
2026-01-26 10:49:54,190 [INFO] utils.trades:   > Realized: Entry $892.00 | Exit $-4.00 | Comms $1.32 | P&L $888.00 | Status: Rolled
2026-01-26 10:49:54,191 [INFO] utils.trades: LEG ID: 17 | AMZN 20260102 235.0Call | Qty: -2
2026-01-26 10:49:54,191 [INFO] utils.trades:   > Realized: Entry $246.00 | Exit $-72.00 | Comms $1.67 | P&L $174.00 | Status: Rolled
2026-01-26 10:49:54,191 [INFO] utils.trades: LEG ID: 18 | AMZN 20260109 235.0Call | Qty: -2
2026-01-26 10:49:54,192 [INFO] utils.trades:   > Realized: Entry $422.00 | Exit $-1,960.00 | Comms $2.38 | P&L $-1,538.00 | Status: Rolled
2026-01-26 10:49:54,192 [INFO] utils.trades:   > CURRENT MARKET VALUE TO LIQUIDATE: (Mark 0.28) * Qty -2 = -56.00
2026-01-26 10:49:54,192 [INFO] utils.trades: LEG ID: 19 | AMZN 20260116 240.0Call | Qty: -2
2026-01-26 10:49:54,193 [INFO] utils.trades:   > UNREALIZED: (Mark 0.28 - Entry 7.1) * Qty -2 = -56.00
2026-01-26 10:49:54,193 [INFO] utils.trades: --- SUMMARY ---
2026-01-26 10:49:54,193 [INFO] utils.trades: Initial Baseline: -3,151.61
2026-01-26 10:49:54,194 [INFO] utils.trades: Total Realized Cash: -3,490.64
2026-01-26 10:49:54,194 [INFO] utils.trades: Total Unrealized P&L: 4,968.00
2026-01-26 10:49:54,194 [INFO] utils.trades: Final True P&L: 1,477.36
2026-01-26 10:49:54,195 [INFO] utils.trades: --- DEBUG END ---

2026-01-26 10:49:54,196 [DEBUG] utils.ui_components: Saved state for 6: Date=2026-01-16, Time=09:53:38
2026-01-26 10:49:54,329 [DEBUG] __main__: Starting Open Trades page
2026-01-26 10:49:54,636 [DEBUG] __main__: get_all_open_positions() INITIATED
2026-01-26 10:49:54,643 [DEBUG] __main__: get_all_open_positions() took 0.01 seconds
2026-01-26 10:49:54,653 [DEBUG] __main__: Open Flat Trades styling INITIATED
2026-01-26 10:49:54,684 [DEBUG] __main__: Open Flat Trades styling took 0.03 seconds
2026-01-26 10:49:54,702 [INFO] utils.trades: --- SUMMARY ---
2026-01-26 10:49:54,703 [INFO] utils.trades: Initial Baseline: 626.38
2026-01-26 10:49:54,704 [INFO] utils.trades: Total Realized Cash: 626.38
2026-01-26 10:49:54,704 [INFO] utils.trades: Total Unrealized P&L: 0.00
2026-01-26 10:49:54,705 [INFO] utils.trades: Final True P&L: 626.38
2026-01-26 10:49:54,705 [INFO] utils.trades: --- DEBUG END ---

2026-01-26 10:49:54,715 [INFO] utils.trades: LEG ID: 11 | AMZN 20251128 220.0Call | Qty: -2
2026-01-26 10:49:54,716 [INFO] utils.trades:   > Realized: Entry $1,038.00 | Exit $-1,740.00 | Comms $1.60 | P&L $-702.00 | Status: Rolled
2026-01-26 10:49:54,717 [INFO] utils.trades:   > CURRENT MARKET VALUE TO LIQUIDATE: (Mark 26.011141503828473) * Qty 2 = 5,202.23
2026-01-26 10:49:54,718 [INFO] utils.trades: LEG ID: 12 | AMZN 20260320 220.0Call | Qty: 2
2026-01-26 10:49:54,718 [INFO] utils.trades:   > UNREALIZED: (Mark 26.011141503828473 - Entry 20.94) * Qty 2 = 5,202.23
2026-01-26 10:49:54,718 [INFO] utils.trades: LEG ID: 15 | AMZN 20251205 227.5Call | Qty: -2
2026-01-26 10:49:54,719 [INFO] utils.trades:   > Realized: Entry $1,114.00 | Exit $-648.00 | Comms $1.45 | P&L $466.00 | Status: Rolled
2026-01-26 10:49:54,719 [INFO] utils.trades: LEG ID: 16 | AMZN 20251219 232.5Call | Qty: -2
2026-01-26 10:49:54,719 [INFO] utils.trades:   > Realized: Entry $892.00 | Exit $-4.00 | Comms $1.32 | P&L $888.00 | Status: Rolled
2026-01-26 10:49:54,720 [INFO] utils.trades: LEG ID: 17 | AMZN 20260102 235.0Call | Qty: -2
2026-01-26 10:49:54,720 [INFO] utils.trades:   > Realized: Entry $246.00 | Exit $-72.00 | Comms $1.67 | P&L $174.00 | Status: Rolled
2026-01-26 10:49:54,721 [INFO] utils.trades: LEG ID: 18 | AMZN 20260109 235.0Call | Qty: -2
2026-01-26 10:49:54,721 [INFO] utils.trades:   > Realized: Entry $422.00 | Exit $-1,960.00 | Comms $2.38 | P&L $-1,538.00 | Status: Rolled
2026-01-26 10:49:54,722 [INFO] utils.trades: --- SUMMARY ---
2026-01-26 10:49:54,722 [INFO] utils.trades: Initial Baseline: -3,151.61
2026-01-26 10:49:54,723 [INFO] utils.trades: Total Realized Cash: -3,490.64
2026-01-26 10:49:54,723 [INFO] utils.trades: Total Unrealized P&L: 5,202.23
2026-01-26 10:49:54,725 [INFO] utils.trades: Final True P&L: 1,711.59
2026-01-26 10:49:54,725 [INFO] utils.trades: --- DEBUG END ---

2026-01-26 10:49:54,746 [DEBUG] utils.ui_components: [close_strategy_dialog] Entering View A Summary
2026-01-26 10:49:54,762 [INFO] utils.trades: LEG ID: 28 | MA 20251024 560.0Call | Qty: -1
2026-01-26 10:49:54,763 [INFO] utils.trades:   > Realized: Entry $998.00 | Exit $-1,330.00 | Comms $1.40 | P&L $-332.00 | Status: Rolled
2026-01-26 10:49:54,764 [INFO] utils.trades:   > CURRENT MARKET VALUE TO LIQUIDATE: (Mark 7.723687468989272) * Qty 1 = 772.37
2026-01-26 10:49:54,766 [INFO] utils.trades: LEG ID: 29 | MA 20260320 560.0Call | Qty: 1
2026-01-26 10:49:54,767 [INFO] utils.trades:   > UNREALIZED: (Mark 7.723687468989272 - Entry 41.04) * Qty 1 = 772.37
2026-01-26 10:49:54,769 [INFO] utils.trades: LEG ID: 30 | MA 20251031 570.0Call | Qty: -1
2026-01-26 10:49:54,769 [INFO] utils.trades:   > Realized: Entry $1,333.00 | Exit $-1,551.00 | Comms $1.41 | P&L $-218.00 | Status: Rolled
2026-01-26 10:49:54,770 [INFO] utils.trades: LEG ID: 31 | MA 20251107 575.0Call | Qty: -1
2026-01-26 10:49:54,771 [INFO] utils.trades:   > Realized: Entry $1,446.00 | Exit $-19.00 | Comms $1.76 | P&L $1,427.00 | Status: Rolled
2026-01-26 10:49:54,771 [INFO] utils.trades: LEG ID: 32 | MA 20251114 560.0Call | Qty: -1
2026-01-26 10:49:54,771 [INFO] utils.trades:   > Realized: Entry $247.00 | Exit $-453.00 | Comms $2.10 | P&L $-206.00 | Status: Rolled
2026-01-26 10:49:54,772 [INFO] utils.trades: LEG ID: 33 | MA 20251121 565.0Call | Qty: -1
2026-01-26 10:49:54,772 [INFO] utils.trades:   > Realized: Entry $549.00 | Exit $-12.00 | Comms $2.10 | P&L $537.00 | Status: Rolled
2026-01-26 10:49:54,773 [INFO] utils.trades: LEG ID: 34 | MA 20251205 565.0Call | Qty: -1
2026-01-26 10:49:54,773 [INFO] utils.trades:   > Realized: Entry $217.00 | Exit $-15.00 | Comms $1.71 | P&L $202.00 | Status: Rolled
2026-01-26 10:49:54,774 [INFO] utils.trades: LEG ID: 35 | MA 20251212 562.5Call | Qty: -1
2026-01-26 10:49:54,774 [INFO] utils.trades:   > Realized: Entry $208.00 | Exit $-180.00 | Comms $1.68 | P&L $28.00 | Status: Rolled
2026-01-26 10:49:54,775 [INFO] utils.trades: LEG ID: 36 | MA 20251219 565.0Call | Qty: -1
2026-01-26 10:49:54,775 [INFO] utils.trades:   > Realized: Entry $420.00 | Exit $-1,010.00 | Comms $1.69 | P&L $-590.00 | Status: Rolled
2026-01-26 10:49:54,776 [INFO] utils.trades: LEG ID: 37 | MA 20251226 570.0Call | Qty: -1
2026-01-26 10:49:54,776 [INFO] utils.trades:   > Realized: Entry $859.00 | Exit $-996.00 | Comms $1.70 | P&L $-137.00 | Status: Rolled
2026-01-26 10:49:54,777 [INFO] utils.trades: LEG ID: 38 | MA 20260109 580.0Call | Qty: -1
2026-01-26 10:49:54,777 [INFO] utils.trades:   > Realized: Entry $700.00 | Exit $-411.00 | Comms $2.07 | P&L $289.00 | Status: Rolled
2026-01-26 10:49:54,777 [INFO] utils.trades: LEG ID: 39 | MA 20260116 587.5Call | Qty: -1
2026-01-26 10:49:54,778 [INFO] utils.trades:   > Realized: Entry $390.00 | Exit $-20.00 | Comms $2.10 | P&L $370.00 | Status: Rolled
2026-01-26 10:49:54,778 [INFO] utils.trades: LEG ID: 40 | MA 20260116 560.5Call | Qty: -1
2026-01-26 10:49:54,779 [INFO] utils.trades:   > Realized: Entry $135.00 | Exit $-9.00 | Comms $1.75 | P&L $126.00 | Status: Rolled
2026-01-26 10:49:54,779 [INFO] utils.trades: LEG ID: 41 | MA 20260123 560.0Call | Qty: -1
2026-01-26 10:49:54,780 [INFO] utils.trades:   > Realized: Entry $93.00 | Exit $-27.00 | Comms $1.75 | P&L $66.00 | Status: Rolled
2026-01-26 10:49:54,780 [INFO] utils.trades:   > CURRENT MARKET VALUE TO LIQUIDATE: (Mark 2.03) * Qty -1 = -203.00
2026-01-26 10:49:54,781 [INFO] utils.trades: LEG ID: 75 | MA 20260130 560.0Call | Qty: -1
2026-01-26 10:49:54,782 [INFO] utils.trades:   > UNREALIZED: (Mark 2.03 - Entry 1.44) * Qty -1 = -203.00
2026-01-26 10:49:54,784 [INFO] utils.trades: --- SUMMARY ---
2026-01-26 10:49:54,786 [INFO] utils.trades: Initial Baseline: -3,107.40
2026-01-26 10:49:54,786 [INFO] utils.trades: Total Realized Cash: -2,422.97
2026-01-26 10:49:54,786 [INFO] utils.trades: Total Unrealized P&L: 569.37
2026-01-26 10:49:54,787 [INFO] utils.trades: Final True P&L: -1,853.60
2026-01-26 10:49:54,789 [INFO] utils.trades: --- DEBUG END ---

2026-01-26 10:49:54,810 [INFO] utils.trades: LEG ID: 42 | TSLA 20251031 440.0Call | Qty: -1
2026-01-26 10:49:54,811 [INFO] utils.trades:   > Realized: Entry $1,210.00 | Exit $-2,532.00 | Comms $1.40 | P&L $-1,322.00 | Status: Rolled
2026-01-26 10:49:54,812 [INFO] utils.trades:   > CURRENT MARKET VALUE TO LIQUIDATE: (Mark 29.18) * Qty 1 = 2,918.00
2026-01-26 10:49:54,813 [INFO] utils.trades: LEG ID: 43 | TSLA 20260220 440.0Call | Qty: 1
2026-01-26 10:49:54,813 [INFO] utils.trades:   > UNREALIZED: (Mark 29.18 - Entry 56.74) * Qty 1 = 2,918.00
2026-01-26 10:49:54,814 [INFO] utils.trades: LEG ID: 44 | TSLA 20251107 450.0Call | Qty: -1
2026-01-26 10:49:54,814 [INFO] utils.trades:   > Realized: Entry $2,507.00 | Exit $-2,480.00 | Comms $1.41 | P&L $27.00 | Status: Rolled
2026-01-26 10:49:54,815 [INFO] utils.trades: LEG ID: 45 | TSLA 20251121 467.5Call | Qty: -1
2026-01-26 10:49:54,818 [INFO] utils.trades:   > Realized: Entry $2,525.00 | Exit $-12.00 | Comms $1.41 | P&L $2,513.00 | Status: Rolled
2026-01-26 10:49:54,820 [INFO] utils.trades: LEG ID: 46 | TSLA 20251128 440.0Call | Qty: -1
2026-01-26 10:49:54,821 [INFO] utils.trades:   > Realized: Entry $268.00 | Exit $-43.00 | Comms $1.40 | P&L $225.00 | Status: Rolled
2026-01-26 10:49:54,822 [INFO] utils.trades: LEG ID: 47 | TSLA 20251205 440.0Call | Qty: -1
2026-01-26 10:49:54,822 [INFO] utils.trades:   > Realized: Entry $388.00 | Exit $-618.00 | Comms $1.36 | P&L $-230.00 | Status: Rolled
2026-01-26 10:49:54,822 [INFO] utils.trades: LEG ID: 48 | TSLA 20251212 455.0Call | Qty: -1
2026-01-26 10:49:54,823 [INFO] utils.trades:   > Realized: Entry $663.00 | Exit $-128.00 | Comms $1.69 | P&L $535.00 | Status: Rolled
2026-01-26 10:49:54,823 [INFO] utils.trades: LEG ID: 49 | TSLA 20251219 455.0Call | Qty: -1
2026-01-26 10:49:54,824 [INFO] utils.trades:   > Realized: Entry $713.00 | Exit $-2,520.00 | Comms $1.69 | P&L $-1,807.00 | Status: Rolled
2026-01-26 10:49:54,824 [INFO] utils.trades: LEG ID: 50 | TSLA 20260102 470.0Call | Qty: -1
2026-01-26 10:49:54,824 [INFO] utils.trades:   > Realized: Entry $2,417.00 | Exit $-2.00 | Comms $1.73 | P&L $2,415.00 | Status: Rolled
2026-01-26 10:49:54,825 [INFO] utils.trades: LEG ID: 51 | TSLA 20260109 470.0Call | Qty: -1
2026-01-26 10:49:54,825 [INFO] utils.trades:   > Realized: Entry $238.00 | Exit $-22.00 | Comms $2.10 | P&L $216.00 | Status: Rolled
2026-01-26 10:49:54,826 [INFO] utils.trades: LEG ID: 52 | TSLA 20260116 470.0Call | Qty: -1
2026-01-26 10:49:54,826 [INFO] utils.trades:   > Realized: Entry $208.00 | Exit $-23.00 | Comms $2.60 | P&L $185.00 | Status: Rolled
2026-01-26 10:49:54,827 [INFO] utils.trades: LEG ID: 53 | TSLA 20260116 455.0Call | Qty: -1
2026-01-26 10:49:54,827 [INFO] utils.trades:   > Realized: Entry $109.00 | Exit $-32.00 | Comms $2.14 | P&L $77.00 | Status: Rolled
2026-01-26 10:49:54,827 [INFO] utils.trades: LEG ID: 54 | TSLA 20260123 462.5Call | Qty: -1
2026-01-26 10:49:54,828 [INFO] utils.trades:   > Realized: Entry $272.00 | Exit $-10.00 | Comms $1.40 | P&L $262.00 | Status: Rolled
2026-01-26 10:49:54,828 [INFO] utils.trades: LEG ID: 74 | TSLA 20260123 442.5Call | Qty: -1
2026-01-26 10:49:54,829 [INFO] utils.trades:   > Realized: Entry $220.00 | Exit $-550.00 | Comms $1.40 | P&L $-330.00 | Status: Rolled
2026-01-26 10:49:54,829 [INFO] utils.trades:   > CURRENT MARKET VALUE TO LIQUIDATE: (Mark 29.18) * Qty -1 = -2,918.00
2026-01-26 10:49:54,829 [INFO] utils.trades: LEG ID: 77 | TSLA 20260220 440.0Call | Qty: -1
2026-01-26 10:49:54,830 [INFO] utils.trades:   > UNREALIZED: (Mark 29.18 - Entry 27.25) * Qty -1 = -2,918.00
2026-01-26 10:49:54,830 [INFO] utils.trades: --- SUMMARY ---
2026-01-26 10:49:54,831 [INFO] utils.trades: Initial Baseline: -4,465.40
2026-01-26 10:49:54,831 [INFO] utils.trades: Total Realized Cash: -206.13
2026-01-26 10:49:54,831 [INFO] utils.trades: Total Unrealized P&L: 0.00
2026-01-26 10:49:54,832 [INFO] utils.trades: Final True P&L: -206.13
2026-01-26 10:49:54,833 [INFO] utils.trades: --- DEBUG END ---

2026-01-26 10:49:54,873 [INFO] utils.trades:   > CURRENT MARKET VALUE TO LIQUIDATE: (Mark 4.02) * Qty -4 = -1,608.00
2026-01-26 10:49:54,873 [INFO] utils.trades: LEG ID: 55 | RKLB 20260213 80.0Put | Qty: -4
2026-01-26 10:49:54,874 [INFO] utils.trades:   > UNREALIZED: (Mark 4.02 - Entry 4.93) * Qty -4 = -1,608.00
2026-01-26 10:49:54,875 [INFO] utils.trades:   > CURRENT MARKET VALUE TO LIQUIDATE: (Mark 2.0820489119457752) * Qty 4 = 832.82
2026-01-26 10:49:54,876 [INFO] utils.trades: LEG ID: 56 | RKLB 20260213 75.0Put | Qty: 4
2026-01-26 10:49:54,877 [INFO] utils.trades:   > UNREALIZED: (Mark 2.0820489119457752 - Entry 3.13) * Qty 4 = 832.82
2026-01-26 10:49:54,877 [INFO] utils.trades: --- SUMMARY ---
2026-01-26 10:49:54,877 [INFO] utils.trades: Initial Baseline: 717.50
2026-01-26 10:49:54,878 [INFO] utils.trades: Total Realized Cash: 717.50
2026-01-26 10:49:54,878 [INFO] utils.trades: Total Unrealized P&L: -775.18
2026-01-26 10:49:54,879 [INFO] utils.trades: Final True P&L: -57.68
2026-01-26 10:49:54,879 [INFO] utils.trades: --- DEBUG END ---

2026-01-26 10:49:54,894 [INFO] utils.trades: LEG ID: 57 | NVDA 20250919 170.0Call | Qty: -1
2026-01-26 10:49:54,895 [INFO] utils.trades:   > Realized: Entry $416.00 | Exit $-632.00 | Comms $2.04 | P&L $-216.00 | Status: Rolled
2026-01-26 10:49:54,896 [INFO] utils.trades:   > CURRENT MARKET VALUE TO LIQUIDATE: (Mark 24.354095875426868) * Qty 1 = 2,435.41
2026-01-26 10:49:54,896 [INFO] utils.trades: LEG ID: 58 | NVDA 20260320 170.0Call | Qty: 1
2026-01-26 10:49:54,897 [INFO] utils.trades:   > UNREALIZED: (Mark 24.354095875426868 - Entry 21.19) * Qty 1 = 2,435.41
2026-01-26 10:49:54,897 [INFO] utils.trades: LEG ID: 59 | NVDA 20251003 175.0Call | Qty: -1
2026-01-26 10:49:54,898 [INFO] utils.trades:   > Realized: Entry $542.00 | Exit $-774.00 | Comms $1.70 | P&L $-232.00 | Status: Rolled
2026-01-26 10:49:54,898 [INFO] utils.trades: LEG ID: 60 | NVDA 20251010 177.5Call | Qty: -1
2026-01-26 10:49:54,900 [INFO] utils.trades:   > Realized: Entry $737.00 | Exit $-1,072.00 | Comms $1.41 | P&L $-335.00 | Status: Rolled
2026-01-26 10:49:54,900 [INFO] utils.trades: LEG ID: 61 | NVDA 20251031 185.0Call | Qty: -1
2026-01-26 10:49:54,901 [INFO] utils.trades:   > Realized: Entry $937.00 | Exit $-1,417.00 | Comms $1.40 | P&L $-480.00 | Status: Rolled
2026-01-26 10:49:54,902 [INFO] utils.trades: LEG ID: 62 | NVDA 20251107 190.0Call | Qty: -1
2026-01-26 10:49:54,903 [INFO] utils.trades:   > Realized: Entry $1,182.00 | Exit $-2,078.00 | Comms $1.75 | P&L $-896.00 | Status: Rolled
2026-01-26 10:49:54,903 [INFO] utils.trades: LEG ID: 63 | NVDA 20251121 200.0Call | Qty: -1
2026-01-26 10:49:54,904 [INFO] utils.trades:   > Realized: Entry $1,676.00 | Exit $-2.00 | Comms $2.10 | P&L $1,674.00 | Status: Rolled
2026-01-26 10:49:54,904 [INFO] utils.trades: LEG ID: 64 | NVDA 20251128 190.0Call | Qty: -1
2026-01-26 10:49:54,905 [INFO] utils.trades:   > Realized: Entry $156.00 | Exit $-10.00 | Comms $2.04 | P&L $146.00 | Status: Rolled
2026-01-26 10:49:54,905 [INFO] utils.trades: LEG ID: 65 | NVDA 20251128 175.0Call | Qty: -1
2026-01-26 10:49:54,906 [INFO] utils.trades:   > Realized: Entry $203.00 | Exit $-660.00 | Comms $1.69 | P&L $-457.00 | Status: Rolled
2026-01-26 10:49:54,906 [INFO] utils.trades: LEG ID: 66 | NVDA 20251205 180.0Call | Qty: -1
2026-01-26 10:49:54,907 [INFO] utils.trades:   > Realized: Entry $550.00 | Exit $-614.00 | Comms $1.37 | P&L $-64.00 | Status: Rolled
2026-01-26 10:49:54,909 [INFO] utils.trades: LEG ID: 67 | NVDA 20251219 187.0Call | Qty: -1
2026-01-26 10:49:54,909 [INFO] utils.trades:   > Realized: Entry $559.00 | Exit $-7.00 | Comms $1.88 | P&L $552.00 | Status: Rolled
2026-01-26 10:49:54,910 [INFO] utils.trades: LEG ID: 68 | NVDA 20251226 185.0Call | Qty: -1
2026-01-26 10:49:54,910 [INFO] utils.trades:   > Realized: Entry $58.00 | Exit $-571.00 | Comms $1.89 | P&L $-513.00 | Status: Rolled
2026-01-26 10:49:54,911 [INFO] utils.trades: LEG ID: 69 | NVDA 20260102 190.0Call | Qty: -1
2026-01-26 10:49:54,912 [INFO] utils.trades:   > Realized: Entry $336.00 | Exit $-94.00 | Comms $1.73 | P&L $242.00 | Status: Rolled
2026-01-26 10:49:54,913 [INFO] utils.trades: LEG ID: 70 | NVDA 20260109 192.5Call | Qty: -1
2026-01-26 10:49:54,914 [INFO] utils.trades:   > Realized: Entry $240.00 | Exit $-110.00 | Comms $2.10 | P&L $130.00 | Status: Rolled
2026-01-26 10:49:54,914 [INFO] utils.trades: LEG ID: 71 | NVDA 20260116 195.0Call | Qty: -1
2026-01-26 10:49:54,915 [INFO] utils.trades:   > Realized: Entry $211.00 | Exit $-24.00 | Comms $1.75 | P&L $187.00 | Status: Rolled
2026-01-26 10:49:54,916 [INFO] utils.trades: LEG ID: 72 | NVDA 20260123 195.0Call | Qty: -1
2026-01-26 10:49:54,917 [INFO] utils.trades:   > Realized: Entry $86.00 | Exit $-4.00 | Comms $1.75 | P&L $82.00 | Status: Rolled
2026-01-26 10:49:54,917 [INFO] utils.trades: LEG ID: 73 | NVDA 20260123 185.0Call | Qty: -1
2026-01-26 10:49:54,917 [INFO] utils.trades:   > Realized: Entry $60.00 | Exit $-280.00 | Comms $2.10 | P&L $-220.00 | Status: Rolled
2026-01-26 10:49:54,918 [INFO] utils.trades:   > CURRENT MARKET VALUE TO LIQUIDATE: (Mark 1.96) * Qty -1 = -196.00
2026-01-26 10:49:54,919 [INFO] utils.trades: LEG ID: 76 | NVDA 20260130 190.0Call | Qty: -1
2026-01-26 10:49:54,919 [INFO] utils.trades:   > UNREALIZED: (Mark 1.96 - Entry 2.9) * Qty -1 = -196.00
2026-01-26 10:49:54,919 [INFO] utils.trades: --- SUMMARY ---
2026-01-26 10:49:54,920 [INFO] utils.trades: Initial Baseline: -1,705.10
2026-01-26 10:49:54,920 [INFO] utils.trades: Total Realized Cash: -2,259.80
2026-01-26 10:49:54,920 [INFO] utils.trades: Total Unrealized P&L: 2,239.41
2026-01-26 10:49:54,920 [INFO] utils.trades: Final True P&L: -20.39
2026-01-26 10:49:54,921 [INFO] utils.trades: --- DEBUG END ---

2026-01-26 10:50:03,149 [DEBUG] utils.ui_components: [close_strategy_dialog] Entering View A Summary
2026-01-26 10:50:03,363 [DEBUG] __main__: Starting Open Trades page
2026-01-26 10:50:03,622 [DEBUG] __main__: get_all_open_positions() INITIATED
2026-01-26 10:50:03,626 [DEBUG] __main__: get_all_open_positions() took 0.00 seconds
2026-01-26 10:50:03,636 [DEBUG] __main__: Open Flat Trades styling INITIATED
2026-01-26 10:50:03,663 [DEBUG] __main__: Open Flat Trades styling took 0.03 seconds
2026-01-26 10:50:03,678 [INFO] utils.trades: --- SUMMARY ---
2026-01-26 10:50:03,679 [INFO] utils.trades: Initial Baseline: 626.38
2026-01-26 10:50:03,680 [INFO] utils.trades: Total Realized Cash: 626.38
2026-01-26 10:50:03,680 [INFO] utils.trades: Total Unrealized P&L: 0.00
2026-01-26 10:50:03,681 [INFO] utils.trades: Final True P&L: 626.38
2026-01-26 10:50:03,681 [INFO] utils.trades: --- DEBUG END ---

2026-01-26 10:50:03,692 [INFO] utils.trades: LEG ID: 11 | AMZN 20251128 220.0Call | Qty: -2
2026-01-26 10:50:03,692 [INFO] utils.trades:   > Realized: Entry $1,038.00 | Exit $-1,740.00 | Comms $1.60 | P&L $-702.00 | Status: Rolled
2026-01-26 10:50:03,692 [INFO] utils.trades: LEG ID: 12 | AMZN 20260320 220.0Call | Qty: 2
2026-01-26 10:50:03,693 [INFO] utils.trades:   > Realized: Entry $-4,188.00 | Exit $5,024.00 | Comms $1.52 | P&L $836.00 | Status: Closed
2026-01-26 10:50:03,693 [INFO] utils.trades: LEG ID: 15 | AMZN 20251205 227.5Call | Qty: -2
2026-01-26 10:50:03,693 [INFO] utils.trades:   > Realized: Entry $1,114.00 | Exit $-648.00 | Comms $1.45 | P&L $466.00 | Status: Rolled
2026-01-26 10:50:03,694 [INFO] utils.trades: LEG ID: 16 | AMZN 20251219 232.5Call | Qty: -2
2026-01-26 10:50:03,694 [INFO] utils.trades:   > Realized: Entry $892.00 | Exit $-4.00 | Comms $1.32 | P&L $888.00 | Status: Rolled
2026-01-26 10:50:03,694 [INFO] utils.trades: LEG ID: 17 | AMZN 20260102 235.0Call | Qty: -2
2026-01-26 10:50:03,694 [INFO] utils.trades:   > Realized: Entry $246.00 | Exit $-72.00 | Comms $1.67 | P&L $174.00 | Status: Rolled
2026-01-26 10:50:03,695 [INFO] utils.trades: LEG ID: 18 | AMZN 20260109 235.0Call | Qty: -2
2026-01-26 10:50:03,695 [INFO] utils.trades:   > Realized: Entry $422.00 | Exit $-1,960.00 | Comms $2.38 | P&L $-1,538.00 | Status: Rolled
2026-01-26 10:50:03,695 [INFO] utils.trades: LEG ID: 19 | AMZN 20260116 240.0Call | Qty: -2
2026-01-26 10:50:03,696 [INFO] utils.trades:   > Realized: Entry $1,420.00 | Exit $-56.00 | Comms $2.12 | P&L $1,364.00 | Status: Closed
2026-01-26 10:50:03,696 [INFO] utils.trades: --- SUMMARY ---
2026-01-26 10:50:03,696 [INFO] utils.trades: Initial Baseline: -3,151.61
2026-01-26 10:50:03,696 [INFO] utils.trades: Total Realized Cash: 1,475.94
2026-01-26 10:50:03,696 [INFO] utils.trades: Total Unrealized P&L: 0.00
2026-01-26 10:50:03,697 [INFO] utils.trades: Final True P&L: 1,475.94
2026-01-26 10:50:03,697 [INFO] utils.trades: --- DEBUG END ---

2026-01-26 10:50:03,712 [INFO] utils.trades: LEG ID: 28 | MA 20251024 560.0Call | Qty: -1
2026-01-26 10:50:03,713 [INFO] utils.trades:   > Realized: Entry $998.00 | Exit $-1,330.00 | Comms $1.40 | P&L $-332.00 | Status: Rolled
2026-01-26 10:50:03,714 [INFO] utils.trades:   > CURRENT MARKET VALUE TO LIQUIDATE: (Mark 7.723687468989272) * Qty 1 = 772.37
2026-01-26 10:50:03,714 [INFO] utils.trades: LEG ID: 29 | MA 20260320 560.0Call | Qty: 1
2026-01-26 10:50:03,714 [INFO] utils.trades:   > UNREALIZED: (Mark 7.723687468989272 - Entry 41.04) * Qty 1 = 772.37
2026-01-26 10:50:03,715 [INFO] utils.trades: LEG ID: 30 | MA 20251031 570.0Call | Qty: -1
2026-01-26 10:50:03,715 [INFO] utils.trades:   > Realized: Entry $1,333.00 | Exit $-1,551.00 | Comms $1.41 | P&L $-218.00 | Status: Rolled
2026-01-26 10:50:03,715 [INFO] utils.trades: LEG ID: 31 | MA 20251107 575.0Call | Qty: -1
2026-01-26 10:50:03,716 [INFO] utils.trades:   > Realized: Entry $1,446.00 | Exit $-19.00 | Comms $1.76 | P&L $1,427.00 | Status: Rolled
2026-01-26 10:50:03,716 [INFO] utils.trades: LEG ID: 32 | MA 20251114 560.0Call | Qty: -1
2026-01-26 10:50:03,716 [INFO] utils.trades:   > Realized: Entry $247.00 | Exit $-453.00 | Comms $2.10 | P&L $-206.00 | Status: Rolled
2026-01-26 10:50:03,716 [INFO] utils.trades: LEG ID: 33 | MA 20251121 565.0Call | Qty: -1
2026-01-26 10:50:03,717 [INFO] utils.trades:   > Realized: Entry $549.00 | Exit $-12.00 | Comms $2.10 | P&L $537.00 | Status: Rolled
2026-01-26 10:50:03,717 [INFO] utils.trades: LEG ID: 34 | MA 20251205 565.0Call | Qty: -1
2026-01-26 10:50:03,717 [INFO] utils.trades:   > Realized: Entry $217.00 | Exit $-15.00 | Comms $1.71 | P&L $202.00 | Status: Rolled
2026-01-26 10:50:03,717 [INFO] utils.trades: LEG ID: 35 | MA 20251212 562.5Call | Qty: -1
2026-01-26 10:50:03,718 [INFO] utils.trades:   > Realized: Entry $208.00 | Exit $-180.00 | Comms $1.68 | P&L $28.00 | Status: Rolled
2026-01-26 10:50:03,718 [INFO] utils.trades: LEG ID: 36 | MA 20251219 565.0Call | Qty: -1
2026-01-26 10:50:03,718 [INFO] utils.trades:   > Realized: Entry $420.00 | Exit $-1,010.00 | Comms $1.69 | P&L $-590.00 | Status: Rolled
2026-01-26 10:50:03,718 [INFO] utils.trades: LEG ID: 37 | MA 20251226 570.0Call | Qty: -1
2026-01-26 10:50:03,719 [INFO] utils.trades:   > Realized: Entry $859.00 | Exit $-996.00 | Comms $1.70 | P&L $-137.00 | Status: Rolled
2026-01-26 10:50:03,719 [INFO] utils.trades: LEG ID: 38 | MA 20260109 580.0Call | Qty: -1
2026-01-26 10:50:03,719 [INFO] utils.trades:   > Realized: Entry $700.00 | Exit $-411.00 | Comms $2.07 | P&L $289.00 | Status: Rolled
2026-01-26 10:50:03,719 [INFO] utils.trades: LEG ID: 39 | MA 20260116 587.5Call | Qty: -1
2026-01-26 10:50:03,719 [INFO] utils.trades:   > Realized: Entry $390.00 | Exit $-20.00 | Comms $2.10 | P&L $370.00 | Status: Rolled
2026-01-26 10:50:03,720 [INFO] utils.trades: LEG ID: 40 | MA 20260116 560.5Call | Qty: -1
2026-01-26 10:50:03,720 [INFO] utils.trades:   > Realized: Entry $135.00 | Exit $-9.00 | Comms $1.75 | P&L $126.00 | Status: Rolled
2026-01-26 10:50:03,720 [INFO] utils.trades: LEG ID: 41 | MA 20260123 560.0Call | Qty: -1
2026-01-26 10:50:03,720 [INFO] utils.trades:   > Realized: Entry $93.00 | Exit $-27.00 | Comms $1.75 | P&L $66.00 | Status: Rolled
2026-01-26 10:50:03,721 [INFO] utils.trades:   > CURRENT MARKET VALUE TO LIQUIDATE: (Mark 2.03) * Qty -1 = -203.00
2026-01-26 10:50:03,721 [INFO] utils.trades: LEG ID: 75 | MA 20260130 560.0Call | Qty: -1
2026-01-26 10:50:03,721 [INFO] utils.trades:   > UNREALIZED: (Mark 2.03 - Entry 1.44) * Qty -1 = -203.00
2026-01-26 10:50:03,722 [INFO] utils.trades: --- SUMMARY ---
2026-01-26 10:50:03,722 [INFO] utils.trades: Initial Baseline: -3,107.40
2026-01-26 10:50:03,722 [INFO] utils.trades: Total Realized Cash: -2,422.97
2026-01-26 10:50:03,723 [INFO] utils.trades: Total Unrealized P&L: 569.37
2026-01-26 10:50:03,723 [INFO] utils.trades: Final True P&L: -1,853.60
2026-01-26 10:50:03,723 [INFO] utils.trades: --- DEBUG END ---

2026-01-26 10:50:03,740 [INFO] utils.trades: LEG ID: 42 | TSLA 20251031 440.0Call | Qty: -1
2026-01-26 10:50:03,742 [INFO] utils.trades:   > Realized: Entry $1,210.00 | Exit $-2,532.00 | Comms $1.40 | P&L $-1,322.00 | Status: Rolled
2026-01-26 10:50:03,742 [INFO] utils.trades:   > CURRENT MARKET VALUE TO LIQUIDATE: (Mark 29.18) * Qty 1 = 2,918.00
2026-01-26 10:50:03,743 [INFO] utils.trades: LEG ID: 43 | TSLA 20260220 440.0Call | Qty: 1
2026-01-26 10:50:03,743 [INFO] utils.trades:   > UNREALIZED: (Mark 29.18 - Entry 56.74) * Qty 1 = 2,918.00
2026-01-26 10:50:03,744 [INFO] utils.trades: LEG ID: 44 | TSLA 20251107 450.0Call | Qty: -1
2026-01-26 10:50:03,744 [INFO] utils.trades:   > Realized: Entry $2,507.00 | Exit $-2,480.00 | Comms $1.41 | P&L $27.00 | Status: Rolled
2026-01-26 10:50:03,744 [INFO] utils.trades: LEG ID: 45 | TSLA 20251121 467.5Call | Qty: -1
2026-01-26 10:50:03,745 [INFO] utils.trades:   > Realized: Entry $2,525.00 | Exit $-12.00 | Comms $1.41 | P&L $2,513.00 | Status: Rolled
2026-01-26 10:50:03,745 [INFO] utils.trades: LEG ID: 46 | TSLA 20251128 440.0Call | Qty: -1
2026-01-26 10:50:03,745 [INFO] utils.trades:   > Realized: Entry $268.00 | Exit $-43.00 | Comms $1.40 | P&L $225.00 | Status: Rolled
2026-01-26 10:50:03,746 [INFO] utils.trades: LEG ID: 47 | TSLA 20251205 440.0Call | Qty: -1
2026-01-26 10:50:03,746 [INFO] utils.trades:   > Realized: Entry $388.00 | Exit $-618.00 | Comms $1.36 | P&L $-230.00 | Status: Rolled
2026-01-26 10:50:03,746 [INFO] utils.trades: LEG ID: 48 | TSLA 20251212 455.0Call | Qty: -1
2026-01-26 10:50:03,746 [INFO] utils.trades:   > Realized: Entry $663.00 | Exit $-128.00 | Comms $1.69 | P&L $535.00 | Status: Rolled
2026-01-26 10:50:03,747 [INFO] utils.trades: LEG ID: 49 | TSLA 20251219 455.0Call | Qty: -1
2026-01-26 10:50:03,747 [INFO] utils.trades:   > Realized: Entry $713.00 | Exit $-2,520.00 | Comms $1.69 | P&L $-1,807.00 | Status: Rolled
2026-01-26 10:50:03,747 [INFO] utils.trades: LEG ID: 50 | TSLA 20260102 470.0Call | Qty: -1
2026-01-26 10:50:03,747 [INFO] utils.trades:   > Realized: Entry $2,417.00 | Exit $-2.00 | Comms $1.73 | P&L $2,415.00 | Status: Rolled
2026-01-26 10:50:03,748 [INFO] utils.trades: LEG ID: 51 | TSLA 20260109 470.0Call | Qty: -1
2026-01-26 10:50:03,748 [INFO] utils.trades:   > Realized: Entry $238.00 | Exit $-22.00 | Comms $2.10 | P&L $216.00 | Status: Rolled
2026-01-26 10:50:03,749 [INFO] utils.trades: LEG ID: 52 | TSLA 20260116 470.0Call | Qty: -1
2026-01-26 10:50:03,749 [INFO] utils.trades:   > Realized: Entry $208.00 | Exit $-23.00 | Comms $2.60 | P&L $185.00 | Status: Rolled
2026-01-26 10:50:03,750 [INFO] utils.trades: LEG ID: 53 | TSLA 20260116 455.0Call | Qty: -1
2026-01-26 10:50:03,750 [INFO] utils.trades:   > Realized: Entry $109.00 | Exit $-32.00 | Comms $2.14 | P&L $77.00 | Status: Rolled
2026-01-26 10:50:03,750 [INFO] utils.trades: LEG ID: 54 | TSLA 20260123 462.5Call | Qty: -1
2026-01-26 10:50:03,750 [INFO] utils.trades:   > Realized: Entry $272.00 | Exit $-10.00 | Comms $1.40 | P&L $262.00 | Status: Rolled
2026-01-26 10:50:03,751 [INFO] utils.trades: LEG ID: 74 | TSLA 20260123 442.5Call | Qty: -1
2026-01-26 10:50:03,751 [INFO] utils.trades:   > Realized: Entry $220.00 | Exit $-550.00 | Comms $1.40 | P&L $-330.00 | Status: Rolled
2026-01-26 10:50:03,752 [INFO] utils.trades:   > CURRENT MARKET VALUE TO LIQUIDATE: (Mark 29.18) * Qty -1 = -2,918.00
2026-01-26 10:50:03,752 [INFO] utils.trades: LEG ID: 77 | TSLA 20260220 440.0Call | Qty: -1
2026-01-26 10:50:03,752 [INFO] utils.trades:   > UNREALIZED: (Mark 29.18 - Entry 27.25) * Qty -1 = -2,918.00
2026-01-26 10:50:03,752 [INFO] utils.trades: --- SUMMARY ---
2026-01-26 10:50:03,753 [INFO] utils.trades: Initial Baseline: -4,465.40
2026-01-26 10:50:03,753 [INFO] utils.trades: Total Realized Cash: -206.13
2026-01-26 10:50:03,753 [INFO] utils.trades: Total Unrealized P&L: 0.00
2026-01-26 10:50:03,753 [INFO] utils.trades: Final True P&L: -206.13
2026-01-26 10:50:03,754 [INFO] utils.trades: --- DEBUG END ---

2026-01-26 10:50:03,782 [INFO] utils.trades:   > CURRENT MARKET VALUE TO LIQUIDATE: (Mark 4.02) * Qty -4 = -1,608.00
2026-01-26 10:50:03,783 [INFO] utils.trades: LEG ID: 55 | RKLB 20260213 80.0Put | Qty: -4
2026-01-26 10:50:03,784 [INFO] utils.trades:   > UNREALIZED: (Mark 4.02 - Entry 4.93) * Qty -4 = -1,608.00
2026-01-26 10:50:03,784 [INFO] utils.trades:   > CURRENT MARKET VALUE TO LIQUIDATE: (Mark 2.0820489119457752) * Qty 4 = 832.82
2026-01-26 10:50:03,785 [INFO] utils.trades: LEG ID: 56 | RKLB 20260213 75.0Put | Qty: 4
2026-01-26 10:50:03,786 [INFO] utils.trades:   > UNREALIZED: (Mark 2.0820489119457752 - Entry 3.13) * Qty 4 = 832.82
2026-01-26 10:50:03,786 [INFO] utils.trades: --- SUMMARY ---
2026-01-26 10:50:03,787 [INFO] utils.trades: Initial Baseline: 717.50
2026-01-26 10:50:03,787 [INFO] utils.trades: Total Realized Cash: 717.50
2026-01-26 10:50:03,789 [INFO] utils.trades: Total Unrealized P&L: -775.18
2026-01-26 10:50:03,790 [INFO] utils.trades: Final True P&L: -57.68
2026-01-26 10:50:03,791 [INFO] utils.trades: --- DEBUG END ---

2026-01-26 10:50:03,804 [INFO] utils.trades: LEG ID: 57 | NVDA 20250919 170.0Call | Qty: -1
2026-01-26 10:50:03,805 [INFO] utils.trades:   > Realized: Entry $416.00 | Exit $-632.00 | Comms $2.04 | P&L $-216.00 | Status: Rolled
2026-01-26 10:50:03,806 [INFO] utils.trades:   > CURRENT MARKET VALUE TO LIQUIDATE: (Mark 24.354095875426868) * Qty 1 = 2,435.41
2026-01-26 10:50:03,807 [INFO] utils.trades: LEG ID: 58 | NVDA 20260320 170.0Call | Qty: 1
2026-01-26 10:50:03,807 [INFO] utils.trades:   > UNREALIZED: (Mark 24.354095875426868 - Entry 21.19) * Qty 1 = 2,435.41
2026-01-26 10:50:03,807 [INFO] utils.trades: LEG ID: 59 | NVDA 20251003 175.0Call | Qty: -1
2026-01-26 10:50:03,808 [INFO] utils.trades:   > Realized: Entry $542.00 | Exit $-774.00 | Comms $1.70 | P&L $-232.00 | Status: Rolled
2026-01-26 10:50:03,808 [INFO] utils.trades: LEG ID: 60 | NVDA 20251010 177.5Call | Qty: -1
2026-01-26 10:50:03,809 [INFO] utils.trades:   > Realized: Entry $737.00 | Exit $-1,072.00 | Comms $1.41 | P&L $-335.00 | Status: Rolled
2026-01-26 10:50:03,809 [INFO] utils.trades: LEG ID: 61 | NVDA 20251031 185.0Call | Qty: -1
2026-01-26 10:50:03,809 [INFO] utils.trades:   > Realized: Entry $937.00 | Exit $-1,417.00 | Comms $1.40 | P&L $-480.00 | Status: Rolled
2026-01-26 10:50:03,810 [INFO] utils.trades: LEG ID: 62 | NVDA 20251107 190.0Call | Qty: -1
2026-01-26 10:50:03,810 [INFO] utils.trades:   > Realized: Entry $1,182.00 | Exit $-2,078.00 | Comms $1.75 | P&L $-896.00 | Status: Rolled
2026-01-26 10:50:03,810 [INFO] utils.trades: LEG ID: 63 | NVDA 20251121 200.0Call | Qty: -1
2026-01-26 10:50:03,811 [INFO] utils.trades:   > Realized: Entry $1,676.00 | Exit $-2.00 | Comms $2.10 | P&L $1,674.00 | Status: Rolled
2026-01-26 10:50:03,811 [INFO] utils.trades: LEG ID: 64 | NVDA 20251128 190.0Call | Qty: -1
2026-01-26 10:50:03,811 [INFO] utils.trades:   > Realized: Entry $156.00 | Exit $-10.00 | Comms $2.04 | P&L $146.00 | Status: Rolled
2026-01-26 10:50:03,811 [INFO] utils.trades: LEG ID: 65 | NVDA 20251128 175.0Call | Qty: -1
2026-01-26 10:50:03,812 [INFO] utils.trades:   > Realized: Entry $203.00 | Exit $-660.00 | Comms $1.69 | P&L $-457.00 | Status: Rolled
2026-01-26 10:50:03,812 [INFO] utils.trades: LEG ID: 66 | NVDA 20251205 180.0Call | Qty: -1
2026-01-26 10:50:03,812 [INFO] utils.trades:   > Realized: Entry $550.00 | Exit $-614.00 | Comms $1.37 | P&L $-64.00 | Status: Rolled
2026-01-26 10:50:03,812 [INFO] utils.trades: LEG ID: 67 | NVDA 20251219 187.0Call | Qty: -1
2026-01-26 10:50:03,813 [INFO] utils.trades:   > Realized: Entry $559.00 | Exit $-7.00 | Comms $1.88 | P&L $552.00 | Status: Rolled
2026-01-26 10:50:03,813 [INFO] utils.trades: LEG ID: 68 | NVDA 20251226 185.0Call | Qty: -1
2026-01-26 10:50:03,813 [INFO] utils.trades:   > Realized: Entry $58.00 | Exit $-571.00 | Comms $1.89 | P&L $-513.00 | Status: Rolled
2026-01-26 10:50:03,813 [INFO] utils.trades: LEG ID: 69 | NVDA 20260102 190.0Call | Qty: -1
2026-01-26 10:50:03,814 [INFO] utils.trades:   > Realized: Entry $336.00 | Exit $-94.00 | Comms $1.73 | P&L $242.00 | Status: Rolled
2026-01-26 10:50:03,814 [INFO] utils.trades: LEG ID: 70 | NVDA 20260109 192.5Call | Qty: -1
2026-01-26 10:50:03,814 [INFO] utils.trades:   > Realized: Entry $240.00 | Exit $-110.00 | Comms $2.10 | P&L $130.00 | Status: Rolled
2026-01-26 10:50:03,815 [INFO] utils.trades: LEG ID: 71 | NVDA 20260116 195.0Call | Qty: -1
2026-01-26 10:50:03,815 [INFO] utils.trades:   > Realized: Entry $211.00 | Exit $-24.00 | Comms $1.75 | P&L $187.00 | Status: Rolled
2026-01-26 10:50:03,815 [INFO] utils.trades: LEG ID: 72 | NVDA 20260123 195.0Call | Qty: -1
2026-01-26 10:50:03,815 [INFO] utils.trades:   > Realized: Entry $86.00 | Exit $-4.00 | Comms $1.75 | P&L $82.00 | Status: Rolled
2026-01-26 10:50:03,816 [INFO] utils.trades: LEG ID: 73 | NVDA 20260123 185.0Call | Qty: -1
2026-01-26 10:50:03,816 [INFO] utils.trades:   > Realized: Entry $60.00 | Exit $-280.00 | Comms $2.10 | P&L $-220.00 | Status: Rolled
2026-01-26 10:50:03,816 [INFO] utils.trades:   > CURRENT MARKET VALUE TO LIQUIDATE: (Mark 1.96) * Qty -1 = -196.00
2026-01-26 10:50:03,816 [INFO] utils.trades: LEG ID: 76 | NVDA 20260130 190.0Call | Qty: -1
2026-01-26 10:50:03,817 [INFO] utils.trades:   > UNREALIZED: (Mark 1.96 - Entry 2.9) * Qty -1 = -196.00
2026-01-26 10:50:03,817 [INFO] utils.trades: --- SUMMARY ---
2026-01-26 10:50:03,817 [INFO] utils.trades: Initial Baseline: -1,705.10
2026-01-26 10:50:03,817 [INFO] utils.trades: Total Realized Cash: -2,259.80
2026-01-26 10:50:03,817 [INFO] utils.trades: Total Unrealized P&L: 2,239.41
2026-01-26 10:50:03,818 [INFO] utils.trades: Final True P&L: -20.39
2026-01-26 10:50:03,818 [INFO] utils.trades: --- DEBUG END ---

2026-01-26 10:50:10,334 [DEBUG] __main__: Starting Closed Trades page
2026-01-26 10:50:10,583 [DEBUG] __main__: fetch_trades() INITIATED
2026-01-26 10:50:10,593 [DEBUG] __main__: fetch_trades() took 0.01 seconds
2026-01-26 10:50:10,593 [DEBUG] __main__: trades_to_df() INITIATED
2026-01-26 10:50:10,645 [DEBUG] __main__: trades_to_df() took 0.05 seconds
2026-01-26 10:50:10,647 [DEBUG] __main__: load_closed_trades() INITIATED
2026-01-26 10:50:10,676 [DEBUG] __main__: load_closed_trades() took 0.03 seconds
2026-01-26 10:50:10,678 [DEBUG] __main__: closed_df styling INITIATED
2026-01-26 10:50:10,724 [DEBUG] __main__: closed_df styling took 0.05 seconds
2026-01-26 10:50:10,738 [INFO] utils.trades: LEG ID: 20 | COST 20251031 935.0Call | Qty: -1
2026-01-26 10:50:10,739 [INFO] utils.trades:   > Realized: Entry $1,289.00 | Exit $-2,142.00 | Comms $1.40 | P&L $-853.00 | Status: Rolled
2026-01-26 10:50:10,739 [INFO] utils.trades: LEG ID: 21 | COST 20260116 935.0Call | Qty: 1
2026-01-26 10:50:10,739 [INFO] utils.trades:   > Realized: Entry $-4,672.00 | Exit $2,237.00 | Comms $1.50 | P&L $-2,435.00 | Status: Closed
2026-01-26 10:50:10,740 [INFO] utils.trades: LEG ID: 22 | COST 20251114 950.0Call | Qty: -1
2026-01-26 10:50:10,740 [INFO] utils.trades:   > Realized: Entry $2,037.00 | Exit $-14.00 | Comms $1.75 | P&L $2,023.00 | Status: Rolled
2026-01-26 10:50:10,741 [INFO] utils.trades: LEG ID: 23 | COST 20251121 940.0Call | Qty: -1
2026-01-26 10:50:10,741 [INFO] utils.trades:   > Realized: Entry $427.00 | Exit $-3.00 | Comms $2.10 | P&L $424.00 | Status: Rolled
2026-01-26 10:50:10,742 [INFO] utils.trades: LEG ID: 24 | COST 20251128 940.0Call | Qty: -1
2026-01-26 10:50:10,742 [INFO] utils.trades:   > Realized: Entry $139.00 | Exit $-6.00 | Comms $2.10 | P&L $133.00 | Status: Rolled
2026-01-26 10:50:10,742 [INFO] utils.trades: LEG ID: 25 | COST 20251205 940.0Call | Qty: -1
2026-01-26 10:50:10,743 [INFO] utils.trades:   > Realized: Entry $111.00 | Exit $-8.00 | Comms $2.07 | P&L $103.00 | Status: Rolled
2026-01-26 10:50:10,744 [INFO] utils.trades: LEG ID: 26 | COST 20251212 940.0Call | Qty: -1
2026-01-26 10:50:10,744 [INFO] utils.trades:   > Realized: Entry $553.00 | Exit $-4.00 | Comms $1.70 | P&L $549.00 | Status: Rolled
2026-01-26 10:50:10,744 [INFO] utils.trades: LEG ID: 27 | COST 20260102 945.0Call | Qty: -1
2026-01-26 10:50:10,745 [INFO] utils.trades:   > Realized: Entry $137.00 | Exit $-0.00 | Comms $0.67 | P&L $137.00 | Status: Rolled
2026-01-26 10:50:10,745 [INFO] utils.trades: --- SUMMARY ---
2026-01-26 10:50:10,746 [INFO] utils.trades: Initial Baseline: -3,384.40
2026-01-26 10:50:10,746 [INFO] utils.trades: Total Realized Cash: 67.71
2026-01-26 10:50:10,746 [INFO] utils.trades: Total Unrealized P&L: 0.00
2026-01-26 10:50:10,747 [INFO] utils.trades: Final True P&L: 67.71
2026-01-26 10:50:10,747 [INFO] utils.trades: --- DEBUG END ---

2026-01-26 10:50:10,757 [INFO] utils.trades: LEG ID: 13 | SNDK 20260123 350.0Put | Qty: -3
2026-01-26 10:50:10,758 [INFO] utils.trades:   > Realized: Entry $3,621.00 | Exit $-0.00 | Comms $0.28 | P&L $3,621.00 | Status: Closed
2026-01-26 10:50:10,758 [INFO] utils.trades: LEG ID: 14 | SNDK 20260123 340.0Put | Qty: 3
2026-01-26 10:50:10,759 [INFO] utils.trades:   > Realized: Entry $-2,781.00 | Exit $0.00 | Comms $0.28 | P&L $-2,781.00 | Status: Closed
2026-01-26 10:50:10,759 [INFO] utils.trades: --- SUMMARY ---
2026-01-26 10:50:10,760 [INFO] utils.trades: Initial Baseline: 839.44
2026-01-26 10:50:10,760 [INFO] utils.trades: Total Realized Cash: 839.44
2026-01-26 10:50:10,761 [INFO] utils.trades: Total Unrealized P&L: 0.00
2026-01-26 10:50:10,761 [INFO] utils.trades: Final True P&L: 839.44
2026-01-26 10:50:10,761 [INFO] utils.trades: --- DEBUG END ---

2026-01-26 10:50:10,772 [INFO] utils.trades: LEG ID: 11 | AMZN 20251128 220.0Call | Qty: -2
2026-01-26 10:50:10,773 [INFO] utils.trades:   > Realized: Entry $1,038.00 | Exit $-1,740.00 | Comms $1.60 | P&L $-702.00 | Status: Rolled
2026-01-26 10:50:10,773 [INFO] utils.trades: LEG ID: 12 | AMZN 20260320 220.0Call | Qty: 2
2026-01-26 10:50:10,774 [INFO] utils.trades:   > Realized: Entry $-4,188.00 | Exit $5,024.00 | Comms $1.52 | P&L $836.00 | Status: Closed
2026-01-26 10:50:10,774 [INFO] utils.trades: LEG ID: 15 | AMZN 20251205 227.5Call | Qty: -2
2026-01-26 10:50:10,775 [INFO] utils.trades:   > Realized: Entry $1,114.00 | Exit $-648.00 | Comms $1.45 | P&L $466.00 | Status: Rolled
2026-01-26 10:50:10,775 [INFO] utils.trades: LEG ID: 16 | AMZN 20251219 232.5Call | Qty: -2
2026-01-26 10:50:10,775 [INFO] utils.trades:   > Realized: Entry $892.00 | Exit $-4.00 | Comms $1.32 | P&L $888.00 | Status: Rolled
2026-01-26 10:50:10,776 [INFO] utils.trades: LEG ID: 17 | AMZN 20260102 235.0Call | Qty: -2
2026-01-26 10:50:10,776 [INFO] utils.trades:   > Realized: Entry $246.00 | Exit $-72.00 | Comms $1.67 | P&L $174.00 | Status: Rolled
2026-01-26 10:50:10,776 [INFO] utils.trades: LEG ID: 18 | AMZN 20260109 235.0Call | Qty: -2
2026-01-26 10:50:10,776 [INFO] utils.trades:   > Realized: Entry $422.00 | Exit $-1,960.00 | Comms $2.38 | P&L $-1,538.00 | Status: Rolled
2026-01-26 10:50:10,777 [INFO] utils.trades: LEG ID: 19 | AMZN 20260116 240.0Call | Qty: -2
2026-01-26 10:50:10,777 [INFO] utils.trades:   > Realized: Entry $1,420.00 | Exit $-56.00 | Comms $2.12 | P&L $1,364.00 | Status: Closed
2026-01-26 10:50:10,777 [INFO] utils.trades: --- SUMMARY ---
2026-01-26 10:50:10,777 [INFO] utils.trades: Initial Baseline: -3,151.61
2026-01-26 10:50:10,778 [INFO] utils.trades: Total Realized Cash: 1,475.94
2026-01-26 10:50:10,778 [INFO] utils.trades: Total Unrealized P&L: 0.00
2026-01-26 10:50:10,778 [INFO] utils.trades: Final True P&L: 1,475.94
2026-01-26 10:50:10,779 [INFO] utils.trades: --- DEBUG END ---

2026-01-26 10:50:10,790 [INFO] utils.trades: LEG ID: 7 | CRWD 20260123 455.0Put | Qty: -4
2026-01-26 10:50:10,791 [INFO] utils.trades:   > Realized: Entry $3,664.00 | Exit $-836.00 | Comms $4.14 | P&L $2,828.00 | Status: Closed
2026-01-26 10:50:10,791 [INFO] utils.trades: LEG ID: 8 | CRWD 20260123 445.0Put | Qty: 4
2026-01-26 10:50:10,792 [INFO] utils.trades:   > Realized: Entry $-2,740.00 | Exit $104.00 | Comms $4.13 | P&L $-2,636.00 | Status: Closed
2026-01-26 10:50:10,792 [INFO] utils.trades: --- SUMMARY ---
2026-01-26 10:50:10,792 [INFO] utils.trades: Initial Baseline: 921.35
2026-01-26 10:50:10,793 [INFO] utils.trades: Total Realized Cash: 183.73
2026-01-26 10:50:10,793 [INFO] utils.trades: Total Unrealized P&L: 0.00
2026-01-26 10:50:10,793 [INFO] utils.trades: Final True P&L: 183.73
2026-01-26 10:50:10,793 [INFO] utils.trades: --- DEBUG END ---

2026-01-26 10:51:44,848 [DEBUG] __main__: Starting Open Trades page
2026-01-26 10:51:45,146 [DEBUG] __main__: get_all_open_positions() INITIATED
2026-01-26 10:51:45,148 [DEBUG] __main__: Fetching positions (Cache Miss or TTL Expired)
2026-01-26 10:51:45,153 [DEBUG] utils.trades: 
--- DATABASE FETCH DEBUG ---
2026-01-26 10:51:45,154 [DEBUG] utils.trades: Group ID 5: Total Legs Found: 2 | Statuses: ['Active', 'Active']
2026-01-26 10:51:45,154 [DEBUG] utils.trades: Group ID 9: Total Legs Found: 15 | Statuses: ['Active', 'Active', 'Rolled', 'Rolled', 'Rolled', 'Rolled', 'Rolled', 'Rolled', 'Rolled', 'Rolled', 'Rolled', 'Rolled', 'Rolled', 'Rolled', 'Rolled']
2026-01-26 10:51:45,155 [DEBUG] utils.trades: Group ID 10: Total Legs Found: 15 | Statuses: ['Active', 'Active', 'Rolled', 'Rolled', 'Rolled', 'Rolled', 'Rolled', 'Rolled', 'Rolled', 'Rolled', 'Rolled', 'Rolled', 'Rolled', 'Rolled', 'Rolled']
2026-01-26 10:51:45,155 [DEBUG] utils.trades: Group ID 11: Total Legs Found: 2 | Statuses: ['Active', 'Active']
2026-01-26 10:51:45,156 [DEBUG] utils.trades: Group ID 12: Total Legs Found: 18 | Statuses: ['Active', 'Active', 'Rolled', 'Rolled', 'Rolled', 'Rolled', 'Rolled', 'Rolled', 'Rolled', 'Rolled', 'Rolled', 'Rolled', 'Rolled', 'Rolled', 'Rolled', 'Rolled', 'Rolled', 'Rolled']
2026-01-26 10:51:45,157 [INFO] utils.trades: Fetching live option quote for CRWD 20260220 435.0P
2026-01-26 10:51:45,158 [INFO] utils.quote_manager: [get_quote] START symbol=CRWD, expiry=20260220, strike=435.0, right=P
2026-01-26 10:51:45,390 [INFO] utils.quote_manager: [get_quote] Request the right market data: session=weekend
2026-01-26 10:51:47,776 [DEBUG] __main__: Starting Closed Trades page
2026-01-26 10:51:48,228 [DEBUG] __main__: fetch_trades() INITIATED
2026-01-26 10:51:48,299 [DEBUG] __main__: fetch_trades() took 0.07 seconds
2026-01-26 10:51:48,304 [DEBUG] __main__: trades_to_df() INITIATED
2026-01-26 10:51:48,490 [DEBUG] __main__: trades_to_df() took 0.19 seconds
2026-01-26 10:51:48,501 [DEBUG] __main__: load_closed_trades() INITIATED
2026-01-26 10:51:48,617 [DEBUG] __main__: load_closed_trades() took 0.12 seconds
2026-01-26 10:51:48,640 [DEBUG] __main__: closed_df styling INITIATED
2026-01-26 10:51:48,748 [DEBUG] __main__: closed_df styling took 0.11 seconds
2026-01-26 10:51:48,868 [INFO] utils.trades: LEG ID: 20 | COST 20251031 935.0Call | Qty: -1
2026-01-26 10:51:48,886 [INFO] utils.trades:   > Realized: Entry $1,289.00 | Exit $-2,142.00 | Comms $1.40 | P&L $-853.00 | Status: Rolled
2026-01-26 10:51:48,927 [INFO] utils.trades: LEG ID: 21 | COST 20260116 935.0Call | Qty: 1
2026-01-26 10:51:48,930 [INFO] utils.trades:   > Realized: Entry $-4,672.00 | Exit $2,237.00 | Comms $1.50 | P&L $-2,435.00 | Status: Closed
2026-01-26 10:51:48,940 [INFO] utils.trades: LEG ID: 22 | COST 20251114 950.0Call | Qty: -1
2026-01-26 10:51:48,941 [INFO] utils.trades:   > Realized: Entry $2,037.00 | Exit $-14.00 | Comms $1.75 | P&L $2,023.00 | Status: Rolled
2026-01-26 10:51:48,943 [INFO] utils.trades: LEG ID: 23 | COST 20251121 940.0Call | Qty: -1
2026-01-26 10:51:48,945 [INFO] utils.trades:   > Realized: Entry $427.00 | Exit $-3.00 | Comms $2.10 | P&L $424.00 | Status: Rolled
2026-01-26 10:51:48,947 [INFO] utils.trades: LEG ID: 24 | COST 20251128 940.0Call | Qty: -1
2026-01-26 10:51:48,953 [INFO] utils.trades:   > Realized: Entry $139.00 | Exit $-6.00 | Comms $2.10 | P&L $133.00 | Status: Rolled
2026-01-26 10:51:48,954 [INFO] utils.trades: LEG ID: 25 | COST 20251205 940.0Call | Qty: -1
2026-01-26 10:51:48,955 [INFO] utils.trades:   > Realized: Entry $111.00 | Exit $-8.00 | Comms $2.07 | P&L $103.00 | Status: Rolled
2026-01-26 10:51:48,957 [INFO] utils.trades: LEG ID: 26 | COST 20251212 940.0Call | Qty: -1
2026-01-26 10:51:48,960 [INFO] utils.trades:   > Realized: Entry $553.00 | Exit $-4.00 | Comms $1.70 | P&L $549.00 | Status: Rolled
2026-01-26 10:51:48,962 [INFO] utils.trades: LEG ID: 27 | COST 20260102 945.0Call | Qty: -1
2026-01-26 10:51:48,965 [INFO] utils.trades:   > Realized: Entry $137.00 | Exit $-0.00 | Comms $0.67 | P&L $137.00 | Status: Rolled
2026-01-26 10:51:48,971 [INFO] utils.trades: --- SUMMARY ---
2026-01-26 10:51:48,972 [INFO] utils.trades: Initial Baseline: -3,384.40
2026-01-26 10:51:48,973 [INFO] utils.trades: Total Realized Cash: 67.71
2026-01-26 10:51:48,976 [INFO] utils.trades: Total Unrealized P&L: 0.00
2026-01-26 10:51:48,977 [INFO] utils.trades: Final True P&L: 67.71
2026-01-26 10:51:48,978 [INFO] utils.trades: --- DEBUG END ---

2026-01-26 10:51:49,065 [INFO] utils.trades: LEG ID: 13 | SNDK 20260123 350.0Put | Qty: -3
2026-01-26 10:51:49,072 [INFO] utils.trades:   > Realized: Entry $3,621.00 | Exit $-0.00 | Comms $0.28 | P&L $3,621.00 | Status: Closed
2026-01-26 10:51:49,096 [INFO] utils.trades: LEG ID: 14 | SNDK 20260123 340.0Put | Qty: 3
2026-01-26 10:51:49,113 [INFO] utils.trades:   > Realized: Entry $-2,781.00 | Exit $0.00 | Comms $0.28 | P&L $-2,781.00 | Status: Closed
2026-01-26 10:51:49,124 [INFO] utils.trades: --- SUMMARY ---
2026-01-26 10:51:49,126 [INFO] utils.trades: Initial Baseline: 839.44
2026-01-26 10:51:49,128 [INFO] utils.trades: Total Realized Cash: 839.44
2026-01-26 10:51:49,129 [INFO] utils.trades: Total Unrealized P&L: 0.00
2026-01-26 10:51:49,130 [INFO] utils.trades: Final True P&L: 839.44
2026-01-26 10:51:49,141 [INFO] utils.trades: --- DEBUG END ---

2026-01-26 10:51:49,172 [INFO] utils.trades: LEG ID: 11 | AMZN 20251128 220.0Call | Qty: -2
2026-01-26 10:51:49,179 [INFO] utils.trades:   > Realized: Entry $1,038.00 | Exit $-1,740.00 | Comms $1.60 | P&L $-702.00 | Status: Rolled
2026-01-26 10:51:49,211 [INFO] utils.trades: LEG ID: 12 | AMZN 20260320 220.0Call | Qty: 2
2026-01-26 10:51:49,422 [INFO] utils.trades:   > Realized: Entry $-4,188.00 | Exit $5,024.00 | Comms $1.52 | P&L $836.00 | Status: Closed
2026-01-26 10:51:49,458 [INFO] utils.trades: LEG ID: 15 | AMZN 20251205 227.5Call | Qty: -2
2026-01-26 10:51:49,459 [INFO] utils.trades:   > Realized: Entry $1,114.00 | Exit $-648.00 | Comms $1.45 | P&L $466.00 | Status: Rolled
2026-01-26 10:51:49,460 [INFO] utils.trades: LEG ID: 16 | AMZN 20251219 232.5Call | Qty: -2
2026-01-26 10:51:49,461 [INFO] utils.trades:   > Realized: Entry $892.00 | Exit $-4.00 | Comms $1.32 | P&L $888.00 | Status: Rolled
2026-01-26 10:51:49,462 [INFO] utils.trades: LEG ID: 17 | AMZN 20260102 235.0Call | Qty: -2
2026-01-26 10:51:49,463 [INFO] utils.trades:   > Realized: Entry $246.00 | Exit $-72.00 | Comms $1.67 | P&L $174.00 | Status: Rolled
2026-01-26 10:51:49,463 [INFO] utils.trades: LEG ID: 18 | AMZN 20260109 235.0Call | Qty: -2
2026-01-26 10:51:49,464 [INFO] utils.trades:   > Realized: Entry $422.00 | Exit $-1,960.00 | Comms $2.38 | P&L $-1,538.00 | Status: Rolled
2026-01-26 10:51:49,475 [INFO] utils.trades: LEG ID: 19 | AMZN 20260116 240.0Call | Qty: -2
2026-01-26 10:51:49,492 [INFO] utils.trades:   > Realized: Entry $1,420.00 | Exit $-56.00 | Comms $2.12 | P&L $1,364.00 | Status: Closed
2026-01-26 10:51:49,496 [INFO] utils.trades: --- SUMMARY ---
2026-01-26 10:51:49,504 [INFO] utils.trades: Initial Baseline: -3,151.61
2026-01-26 10:51:49,520 [INFO] utils.trades: Total Realized Cash: 1,475.94
2026-01-26 10:51:49,536 [INFO] utils.trades: Total Unrealized P&L: 0.00
2026-01-26 10:51:49,538 [INFO] utils.trades: Final True P&L: 1,475.94
2026-01-26 10:51:49,541 [INFO] utils.trades: --- DEBUG END ---

2026-01-26 10:51:49,601 [INFO] utils.trades: LEG ID: 7 | CRWD 20260123 455.0Put | Qty: -4
2026-01-26 10:51:49,606 [INFO] utils.trades:   > Realized: Entry $3,664.00 | Exit $-836.00 | Comms $4.14 | P&L $2,828.00 | Status: Closed
2026-01-26 10:51:49,608 [INFO] utils.trades: LEG ID: 8 | CRWD 20260123 445.0Put | Qty: 4
2026-01-26 10:51:49,610 [INFO] utils.trades:   > Realized: Entry $-2,740.00 | Exit $104.00 | Comms $4.13 | P&L $-2,636.00 | Status: Closed
2026-01-26 10:51:49,613 [INFO] utils.trades: --- SUMMARY ---
2026-01-26 10:51:49,616 [INFO] utils.trades: Initial Baseline: 921.35
2026-01-26 10:51:49,621 [INFO] utils.trades: Total Realized Cash: 183.73
2026-01-26 10:51:49,623 [INFO] utils.trades: Total Unrealized P&L: 0.00
2026-01-26 10:51:49,627 [INFO] utils.trades: Final True P&L: 183.73
2026-01-26 10:51:49,635 [INFO] utils.trades: --- DEBUG END ---

2026-01-26 10:51:50,440 [WARNING] utils.quote_manager: [subscribe_get_quote] TIMEOUT for CRWD after 5.05s: last=nan, bid=-1.0, ask=-1.0, mg=None
2026-01-26 10:51:50,448 [DEBUG] utils.trades: get_quote() took 5.29 seconds
2026-01-26 10:51:50,485 [DEBUG] utils.trades: Received option quote for CRWD 20260220 435.0P: 10.61
2026-01-26 10:51:50,486 [DEBUG] utils.trades: Fetching live stock quote (in options) for CRWD
2026-01-26 10:51:50,486 [INFO] utils.quote_manager: [get_quote] START symbol=CRWD, expiry=None, strike=None, right=None
2026-01-26 10:51:51,168 [INFO] utils.quote_manager: [get_quote] Request the right market data: session=weekend
2026-01-26 10:51:51,183 [INFO] utils.quote_manager: [subscribe-get_quote] CRWD | Price Found: True (450.32) | Greeks Source: None | IV: N/A
2026-01-26 10:51:51,207 [INFO] utils.quote_manager: [subscribe-get_quote] Full data ready for CRWD
2026-01-26 10:51:51,219 [DEBUG] utils.trades: get_quote() took 0.73 seconds
2026-01-26 10:51:51,221 [DEBUG] utils.trades: Received stock quote (in options) for CRWD: 450.32
2026-01-26 10:51:51,224 [INFO] utils.trades: Fetching live option quote for CRWD 20260206 470.0P
2026-01-26 10:51:51,226 [INFO] utils.quote_manager: [get_quote] START symbol=CRWD, expiry=20260206, strike=470.0, right=P
2026-01-26 10:51:51,780 [INFO] utils.quote_manager: [get_quote] Request the right market data: session=weekend
2026-01-26 10:51:56,830 [WARNING] utils.quote_manager: [subscribe_get_quote] TIMEOUT for CRWD after 5.04s: last=nan, bid=-1.0, ask=-1.0, mg=None
2026-01-26 10:51:56,833 [DEBUG] utils.trades: get_quote() took 5.61 seconds
2026-01-26 10:51:56,833 [DEBUG] utils.trades: Received option quote for CRWD 20260206 470.0P: 22.71
2026-01-26 10:51:56,833 [DEBUG] utils.trades: Fetching live stock quote (in options) for CRWD
2026-01-26 10:51:56,834 [INFO] utils.quote_manager: [get_quote] START symbol=CRWD, expiry=None, strike=None, right=None
2026-01-26 10:51:57,367 [INFO] utils.quote_manager: [get_quote] Request the right market data: session=weekend
2026-01-26 10:51:57,380 [INFO] utils.quote_manager: [subscribe-get_quote] CRWD | Price Found: True (450.32) | Greeks Source: None | IV: N/A
2026-01-26 10:51:57,384 [INFO] utils.quote_manager: [subscribe-get_quote] Full data ready for CRWD
2026-01-26 10:51:57,409 [DEBUG] utils.trades: get_quote() took 0.58 seconds
2026-01-26 10:51:57,443 [DEBUG] utils.trades: Received stock quote (in options) for CRWD: 450.32
2026-01-26 10:51:57,462 [DEBUG] utils.trades: Fetching live stock quote for INTC
2026-01-26 10:51:57,506 [INFO] utils.quote_manager: [get_quote] START symbol=INTC, expiry=None, strike=None, right=None
2026-01-26 10:51:58,103 [INFO] utils.quote_manager: [get_quote] Request the right market data: session=weekend
2026-01-26 10:51:58,121 [INFO] utils.quote_manager: [subscribe-get_quote] INTC | Price Found: True (43.54) | Greeks Source: None | IV: N/A
2026-01-26 10:51:58,136 [INFO] utils.quote_manager: [subscribe-get_quote] Full data ready for INTC
2026-01-26 10:51:58,211 [DEBUG] utils.trades: get_quote() took 0.75 seconds
2026-01-26 10:51:58,291 [DEBUG] utils.trades: Received stock quote for INTC: 43.54
2026-01-26 10:51:58,324 [INFO] utils.trades: Fetching live option quote for TSLA 20260130 495.0C
2026-01-26 10:51:58,341 [INFO] utils.quote_manager: [get_quote] START symbol=TSLA, expiry=20260130, strike=495.0, right=C
2026-01-26 10:51:59,152 [INFO] utils.quote_manager: [get_quote] Request the right market data: session=weekend
2026-01-26 10:51:59,188 [INFO] utils.quote_manager: [subscribe-get_quote] TSLA | Price Found: True (1.826318490864032) | Greeks Source: modelGreeks | IV: 0.5577525638506
2026-01-26 10:51:59,201 [INFO] utils.quote_manager: [subscribe-get_quote] Full data ready for TSLA
2026-01-26 10:51:59,238 [DEBUG] utils.trades: get_quote() took 0.91 seconds
2026-01-26 10:51:59,260 [DEBUG] utils.trades: Received option quote for TSLA 20260130 495.0C: 1.826318490864032
2026-01-26 10:51:59,290 [DEBUG] utils.trades: Fetching live stock quote (in options) for TSLA
2026-01-26 10:51:59,303 [INFO] utils.quote_manager: [get_quote] START symbol=TSLA, expiry=None, strike=None, right=None
2026-01-26 10:51:59,991 [INFO] utils.quote_manager: [get_quote] Request the right market data: session=weekend
2026-01-26 10:52:00,001 [INFO] utils.quote_manager: [subscribe-get_quote] TSLA | Price Found: True (443.14) | Greeks Source: None | IV: N/A
2026-01-26 10:52:00,057 [INFO] utils.quote_manager: [subscribe-get_quote] Full data ready for TSLA
2026-01-26 10:52:00,072 [DEBUG] utils.trades: get_quote() took 0.78 seconds
2026-01-26 10:52:00,086 [DEBUG] utils.trades: Received stock quote (in options) for TSLA: 443.14
2026-01-26 10:52:00,111 [INFO] utils.trades: Fetching live option quote for SNDK 20260213 320.0P
2026-01-26 10:52:00,124 [INFO] utils.quote_manager: [get_quote] START symbol=SNDK, expiry=20260213, strike=320.0, right=P
2026-01-26 10:52:00,300 [INFO] utils.quote_manager: [get_quote] Request the right market data: session=weekend
2026-01-26 10:52:05,348 [WARNING] utils.quote_manager: [subscribe_get_quote] TIMEOUT for SNDK after 5.05s: last=nan, bid=-1.0, ask=-1.0, mg=None
2026-01-26 10:52:05,349 [DEBUG] utils.trades: get_quote() took 5.24 seconds
2026-01-26 10:52:05,349 [DEBUG] utils.trades: Received option quote for SNDK 20260213 320.0P: 4.44
2026-01-26 10:52:05,350 [DEBUG] utils.trades: Fetching live stock quote (in options) for SNDK
2026-01-26 10:52:05,351 [INFO] utils.quote_manager: [get_quote] START symbol=SNDK, expiry=None, strike=None, right=None
2026-01-26 10:52:05,571 [INFO] utils.quote_manager: [get_quote] Request the right market data: session=weekend
2026-01-26 10:52:05,572 [INFO] utils.quote_manager: [subscribe-get_quote] SNDK | Price Found: True (468.0) | Greeks Source: None | IV: N/A
2026-01-26 10:52:05,573 [INFO] utils.quote_manager: [subscribe-get_quote] Full data ready for SNDK
2026-01-26 10:52:05,573 [DEBUG] utils.trades: get_quote() took 0.22 seconds
2026-01-26 10:52:05,573 [DEBUG] utils.trades: Received stock quote (in options) for SNDK: 468.0
2026-01-26 10:52:05,574 [INFO] utils.trades: Fetching live option quote for TSLA 20260130 465.0C
2026-01-26 10:52:05,574 [INFO] utils.quote_manager: [get_quote] START symbol=TSLA, expiry=20260130, strike=465.0, right=C
2026-01-26 10:52:05,769 [INFO] utils.quote_manager: [get_quote] Request the right market data: session=weekend
2026-01-26 10:52:10,777 [WARNING] utils.quote_manager: [subscribe_get_quote] TIMEOUT for TSLA after 5.01s: last=nan, bid=-1.0, ask=-1.0, mg=None
2026-01-26 10:52:10,780 [DEBUG] utils.trades: get_quote() took 5.21 seconds
2026-01-26 10:52:10,781 [DEBUG] utils.trades: Received option quote for TSLA 20260130 465.0C: 8.52
2026-01-26 10:52:10,782 [DEBUG] utils.trades: Fetching live stock quote (in options) for TSLA
2026-01-26 10:52:10,782 [INFO] utils.quote_manager: [get_quote] START symbol=TSLA, expiry=None, strike=None, right=None
2026-01-26 10:52:11,474 [INFO] utils.quote_manager: [get_quote] Request the right market data: session=weekend
2026-01-26 10:52:11,484 [INFO] utils.quote_manager: [subscribe-get_quote] TSLA | Price Found: True (443.14) | Greeks Source: None | IV: N/A
2026-01-26 10:52:11,508 [INFO] utils.quote_manager: [subscribe-get_quote] Full data ready for TSLA
2026-01-26 10:52:11,519 [DEBUG] utils.trades: get_quote() took 0.74 seconds
2026-01-26 10:52:11,542 [DEBUG] utils.trades: Received stock quote (in options) for TSLA: 443.14
2026-01-26 10:52:11,554 [INFO] utils.trades: Fetching live option quote for ANET 20260206 115.0P
2026-01-26 10:52:11,612 [INFO] utils.quote_manager: [get_quote] START symbol=ANET, expiry=20260206, strike=115.0, right=P
2026-01-26 10:52:12,170 [INFO] utils.quote_manager: [get_quote] Request the right market data: session=weekend
2026-01-26 10:52:12,172 [INFO] utils.quote_manager: [subscribe-get_quote] ANET | Price Found: True (0.390350202475549) | Greeks Source: modelGreeks | IV: 0.5728285158120052
2026-01-26 10:52:12,193 [INFO] utils.quote_manager: [subscribe-get_quote] Full data ready for ANET
2026-01-26 10:52:12,200 [DEBUG] utils.trades: get_quote() took 0.65 seconds
2026-01-26 10:52:12,218 [DEBUG] utils.trades: Received option quote for ANET 20260206 115.0P: 0.390350202475549
2026-01-26 10:52:12,223 [DEBUG] utils.trades: Fetching live stock quote (in options) for ANET
2026-01-26 10:52:12,358 [INFO] utils.quote_manager: [get_quote] START symbol=ANET, expiry=None, strike=None, right=None
2026-01-26 10:52:13,116 [INFO] utils.quote_manager: [get_quote] Request the right market data: session=weekend
2026-01-26 10:52:13,117 [INFO] utils.quote_manager: [subscribe-get_quote] ANET | Price Found: True (134.0) | Greeks Source: None | IV: N/A
2026-01-26 10:52:13,118 [INFO] utils.quote_manager: [subscribe-get_quote] Full data ready for ANET
2026-01-26 10:52:13,119 [DEBUG] utils.trades: get_quote() took 0.90 seconds
2026-01-26 10:52:13,120 [DEBUG] utils.trades: Received stock quote (in options) for ANET: 134.0
2026-01-26 10:52:13,121 [DEBUG] utils.trades: Fetching live stock quote for SNDK
2026-01-26 10:52:13,121 [INFO] utils.quote_manager: [get_quote] START symbol=SNDK, expiry=None, strike=None, right=None
2026-01-26 10:52:13,370 [INFO] utils.quote_manager: [get_quote] Request the right market data: session=weekend
2026-01-26 10:52:13,372 [INFO] utils.quote_manager: [subscribe-get_quote] SNDK | Price Found: True (468.0) | Greeks Source: None | IV: N/A
2026-01-26 10:52:13,373 [INFO] utils.quote_manager: [subscribe-get_quote] Full data ready for SNDK
2026-01-26 10:52:13,374 [DEBUG] utils.trades: get_quote() took 0.25 seconds
2026-01-26 10:52:13,374 [DEBUG] utils.trades: Received stock quote for SNDK: 468.0
2026-01-26 10:52:13,375 [INFO] utils.trades: Fetching live option quote for TSM 20260206 300.0P
2026-01-26 10:52:13,376 [INFO] utils.quote_manager: [get_quote] START symbol=TSM, expiry=20260206, strike=300.0, right=P
2026-01-26 10:52:13,588 [INFO] utils.quote_manager: [get_quote] Request the right market data: session=weekend
2026-01-26 10:52:13,589 [INFO] utils.quote_manager: [subscribe-get_quote] TSM | Price Found: True (0.8501488914791606) | Greeks Source: modelGreeks | IV: 0.3998051010475681
2026-01-26 10:52:13,590 [INFO] utils.quote_manager: [subscribe-get_quote] Full data ready for TSM
2026-01-26 10:52:13,590 [DEBUG] utils.trades: get_quote() took 0.21 seconds
2026-01-26 10:52:13,590 [DEBUG] utils.trades: Received option quote for TSM 20260206 300.0P: 0.8501488914791606
2026-01-26 10:52:13,591 [DEBUG] utils.trades: Fetching live stock quote (in options) for TSM
2026-01-26 10:52:13,591 [INFO] utils.quote_manager: [get_quote] START symbol=TSM, expiry=None, strike=None, right=None
2026-01-26 10:52:13,802 [INFO] utils.quote_manager: [get_quote] Request the right market data: session=weekend
2026-01-26 10:52:13,803 [INFO] utils.quote_manager: [subscribe-get_quote] TSM | Price Found: True (332.2) | Greeks Source: None | IV: N/A
2026-01-26 10:52:13,803 [INFO] utils.quote_manager: [subscribe-get_quote] Full data ready for TSM
2026-01-26 10:52:13,804 [DEBUG] utils.trades: get_quote() took 0.21 seconds
2026-01-26 10:52:13,804 [DEBUG] utils.trades: Received stock quote (in options) for TSM: 332.2
2026-01-26 10:52:13,805 [INFO] utils.trades: Fetching live option quote for APLD 20260206 25.5P
2026-01-26 10:52:13,806 [INFO] utils.quote_manager: [get_quote] START symbol=APLD, expiry=20260206, strike=25.5, right=P
2026-01-26 10:52:14,019 [INFO] utils.quote_manager: [get_quote] Request the right market data: session=weekend
2026-01-26 10:52:19,061 [WARNING] utils.quote_manager: [subscribe_get_quote] TIMEOUT for APLD after 5.04s: last=nan, bid=-1.0, ask=-1.0, mg=None
2026-01-26 10:52:19,064 [DEBUG] utils.trades: get_quote() took 5.26 seconds
2026-01-26 10:52:19,065 [DEBUG] utils.trades: Received option quote for APLD 20260206 25.5P: 0.25
2026-01-26 10:52:19,065 [DEBUG] utils.trades: Fetching live stock quote (in options) for APLD
2026-01-26 10:52:19,066 [INFO] utils.quote_manager: [get_quote] START symbol=APLD, expiry=None, strike=None, right=None
2026-01-26 10:52:19,703 [INFO] utils.quote_manager: [get_quote] Request the right market data: session=weekend
2026-01-26 10:52:19,715 [INFO] utils.quote_manager: [subscribe-get_quote] APLD | Price Found: True (37.06) | Greeks Source: None | IV: N/A
2026-01-26 10:52:19,730 [INFO] utils.quote_manager: [subscribe-get_quote] Full data ready for APLD
2026-01-26 10:52:19,750 [DEBUG] utils.trades: get_quote() took 0.69 seconds
2026-01-26 10:52:19,755 [DEBUG] utils.trades: Received stock quote (in options) for APLD: 37.06
2026-01-26 10:52:19,759 [INFO] utils.trades: Fetching live option quote for AMD 20260130 255.0C
2026-01-26 10:52:19,762 [INFO] utils.quote_manager: [get_quote] START symbol=AMD, expiry=20260130, strike=255.0, right=C
2026-01-26 10:52:20,335 [INFO] utils.quote_manager: [get_quote] Request the right market data: session=weekend
2026-01-26 10:52:25,398 [WARNING] utils.quote_manager: [subscribe_get_quote] TIMEOUT for AMD after 5.05s: last=nan, bid=-1.0, ask=-1.0, mg=None
2026-01-26 10:52:25,398 [DEBUG] utils.trades: get_quote() took 5.64 seconds
2026-01-26 10:52:25,399 [DEBUG] utils.trades: Received option quote for AMD 20260130 255.0C: 7.82
2026-01-26 10:52:25,400 [DEBUG] utils.trades: Fetching live stock quote (in options) for AMD
2026-01-26 10:52:25,400 [INFO] utils.quote_manager: [get_quote] START symbol=AMD, expiry=None, strike=None, right=None
2026-01-26 10:52:25,502 [INFO] utils.quote_manager: [get_quote] Request the right market data: session=weekend
2026-01-26 10:52:25,503 [INFO] utils.quote_manager: [subscribe-get_quote] AMD | Price Found: True (257.68) | Greeks Source: None | IV: N/A
2026-01-26 10:52:25,504 [INFO] utils.quote_manager: [subscribe-get_quote] Full data ready for AMD
2026-01-26 10:52:25,504 [DEBUG] utils.trades: get_quote() took 0.10 seconds
2026-01-26 10:52:25,505 [DEBUG] utils.trades: Received stock quote (in options) for AMD: 257.68
2026-01-26 10:52:25,509 [INFO] utils.trades: Fetching live option quote for IREN 20260130 36.0P
2026-01-26 10:52:25,512 [INFO] utils.quote_manager: [get_quote] START symbol=IREN, expiry=20260130, strike=36.0, right=P
2026-01-26 10:52:25,606 [INFO] utils.quote_manager: [get_quote] Request the right market data: session=weekend
2026-01-26 10:52:25,607 [INFO] utils.quote_manager: [subscribe-get_quote] IREN | Price Found: True (0.17210942408160937) | Greeks Source: modelGreeks | IV: 1.8480884558990454
2026-01-26 10:52:25,607 [INFO] utils.quote_manager: [subscribe-get_quote] Full data ready for IREN
2026-01-26 10:52:25,607 [DEBUG] utils.trades: get_quote() took 0.10 seconds
2026-01-26 10:52:25,608 [DEBUG] utils.trades: Received option quote for IREN 20260130 36.0P: 0.17210942408160937
2026-01-26 10:52:25,608 [DEBUG] utils.trades: Fetching live stock quote (in options) for IREN
2026-01-26 10:52:25,614 [INFO] utils.quote_manager: [get_quote] START symbol=IREN, expiry=None, strike=None, right=None
2026-01-26 10:52:25,719 [INFO] utils.quote_manager: [get_quote] Request the right market data: session=weekend
2026-01-26 10:52:25,720 [INFO] utils.quote_manager: [subscribe-get_quote] IREN | Price Found: True (55.09) | Greeks Source: None | IV: N/A
2026-01-26 10:52:25,720 [INFO] utils.quote_manager: [subscribe-get_quote] Full data ready for IREN
2026-01-26 10:52:25,720 [DEBUG] utils.trades: get_quote() took 0.11 seconds
2026-01-26 10:52:25,721 [DEBUG] utils.trades: Received stock quote (in options) for IREN: 55.09
2026-01-26 10:52:25,722 [DEBUG] utils.trades: Fetching live stock quote for TSLA
2026-01-26 10:52:25,723 [INFO] utils.quote_manager: [get_quote] START symbol=TSLA, expiry=None, strike=None, right=None
2026-01-26 10:52:25,811 [INFO] utils.quote_manager: [get_quote] Request the right market data: session=weekend
2026-01-26 10:52:25,812 [INFO] utils.quote_manager: [subscribe-get_quote] TSLA | Price Found: True (443.14) | Greeks Source: None | IV: N/A
2026-01-26 10:52:25,812 [INFO] utils.quote_manager: [subscribe-get_quote] Full data ready for TSLA
2026-01-26 10:52:25,812 [DEBUG] utils.trades: get_quote() took 0.09 seconds
2026-01-26 10:52:25,812 [DEBUG] utils.trades: Received stock quote for TSLA: 443.14
2026-01-26 10:52:25,813 [INFO] utils.trades: Fetching live option quote for CLS 20260130 275.0P
2026-01-26 10:52:25,813 [INFO] utils.quote_manager: [get_quote] START symbol=CLS, expiry=20260130, strike=275.0, right=P
2026-01-26 10:52:25,906 [INFO] utils.quote_manager: [get_quote] Request the right market data: session=weekend
2026-01-26 10:52:30,911 [WARNING] utils.quote_manager: [subscribe_get_quote] TIMEOUT for CLS after 5.00s: last=nan, bid=-1.0, ask=-1.0, mg=None
2026-01-26 10:52:30,912 [DEBUG] utils.trades: get_quote() took 5.10 seconds
2026-01-26 10:52:30,913 [DEBUG] utils.trades: Received option quote for CLS 20260130 275.0P: 12.04
2026-01-26 10:52:30,913 [DEBUG] utils.trades: Fetching live stock quote (in options) for CLS
2026-01-26 10:52:30,914 [INFO] utils.quote_manager: [get_quote] START symbol=CLS, expiry=None, strike=None, right=None
2026-01-26 10:52:31,026 [INFO] utils.quote_manager: [get_quote] Request the right market data: session=weekend
2026-01-26 10:52:31,026 [INFO] utils.quote_manager: [subscribe-get_quote] CLS | Price Found: True (297.0) | Greeks Source: None | IV: N/A
2026-01-26 10:52:31,027 [INFO] utils.quote_manager: [subscribe-get_quote] Full data ready for CLS
2026-01-26 10:52:31,027 [DEBUG] utils.trades: get_quote() took 0.11 seconds
2026-01-26 10:52:31,027 [DEBUG] utils.trades: Received stock quote (in options) for CLS: 297.0
2026-01-26 10:52:31,027 [INFO] utils.trades: Fetching live option quote for ONDS 20260130 7.5P
2026-01-26 10:52:31,027 [INFO] utils.quote_manager: [get_quote] START symbol=ONDS, expiry=20260130, strike=7.5, right=P
2026-01-26 10:52:31,122 [INFO] utils.quote_manager: [get_quote] Request the right market data: session=weekend
2026-01-26 10:52:31,128 [INFO] utils.quote_manager: [subscribe-get_quote] ONDS | Price Found: True (0.010309048399622649) | Greeks Source: modelGreeks | IV: 1.5966922910214663
2026-01-26 10:52:31,128 [INFO] utils.quote_manager: [subscribe-get_quote] Full data ready for ONDS
2026-01-26 10:52:31,128 [DEBUG] utils.trades: get_quote() took 0.10 seconds
2026-01-26 10:52:31,128 [DEBUG] utils.trades: Received option quote for ONDS 20260130 7.5P: 0.010309048399622649
2026-01-26 10:52:31,170 [DEBUG] utils.trades: Fetching live stock quote (in options) for ONDS
2026-01-26 10:52:31,171 [INFO] utils.quote_manager: [get_quote] START symbol=ONDS, expiry=None, strike=None, right=None
2026-01-26 10:52:31,265 [INFO] utils.quote_manager: [get_quote] Request the right market data: session=weekend
2026-01-26 10:52:31,273 [INFO] utils.quote_manager: [subscribe-get_quote] ONDS | Price Found: True (12.06) | Greeks Source: None | IV: N/A
2026-01-26 10:52:31,273 [INFO] utils.quote_manager: [subscribe-get_quote] Full data ready for ONDS
2026-01-26 10:52:31,273 [DEBUG] utils.trades: get_quote() took 0.10 seconds
2026-01-26 10:52:31,274 [DEBUG] utils.trades: Received stock quote (in options) for ONDS: 12.06
2026-01-26 10:52:31,274 [INFO] utils.trades: Fetching live option quote for HOOD 20260130 115.0P
2026-01-26 10:52:31,274 [INFO] utils.quote_manager: [get_quote] START symbol=HOOD, expiry=20260130, strike=115.0, right=P
2026-01-26 10:52:31,369 [INFO] utils.quote_manager: [get_quote] Request the right market data: session=weekend
2026-01-26 10:52:31,370 [INFO] utils.quote_manager: [subscribe-get_quote] HOOD | Price Found: True (8.548162504489396) | Greeks Source: modelGreeks | IV: 0.48923327526361143
2026-01-26 10:52:31,376 [INFO] utils.quote_manager: [subscribe-get_quote] Full data ready for HOOD
2026-01-26 10:52:31,382 [DEBUG] utils.trades: get_quote() took 0.11 seconds
2026-01-26 10:52:31,387 [DEBUG] utils.trades: Received option quote for HOOD 20260130 115.0P: 8.548162504489396
2026-01-26 10:52:31,394 [DEBUG] utils.trades: Fetching live stock quote (in options) for HOOD
2026-01-26 10:52:31,395 [INFO] utils.quote_manager: [get_quote] START symbol=HOOD, expiry=None, strike=None, right=None
2026-01-26 10:52:31,508 [INFO] utils.quote_manager: [get_quote] Request the right market data: session=weekend
2026-01-26 10:52:31,508 [INFO] utils.quote_manager: [subscribe-get_quote] HOOD | Price Found: True (105.35) | Greeks Source: None | IV: N/A
2026-01-26 10:52:31,508 [INFO] utils.quote_manager: [subscribe-get_quote] Full data ready for HOOD
2026-01-26 10:52:31,508 [DEBUG] utils.trades: get_quote() took 0.11 seconds
2026-01-26 10:52:31,508 [DEBUG] utils.trades: Received stock quote (in options) for HOOD: 105.35
2026-01-26 10:52:31,509 [INFO] utils.trades: Fetching live option quote for VIX 20260818 13.5C
2026-01-26 10:52:31,509 [INFO] utils.quote_manager: [get_quote] START symbol=VIX, expiry=20260818, strike=13.5, right=C
2026-01-26 10:52:31,606 [INFO] utils.quote_manager: [get_quote] Request the right market data: session=weekend
2026-01-26 10:52:31,615 [INFO] utils.quote_manager: [subscribe-get_quote] VIX | Price Found: True (7.65) | Greeks Source: modelGreeks | IV: 0.39127501489676164
2026-01-26 10:52:31,625 [INFO] utils.quote_manager: [subscribe-get_quote] Full data ready for VIX
2026-01-26 10:52:31,635 [DEBUG] utils.trades: get_quote() took 0.13 seconds
2026-01-26 10:52:31,635 [DEBUG] utils.trades: Received option quote for VIX 20260818 13.5C: 7.65
2026-01-26 10:52:31,635 [DEBUG] utils.trades: Fetching live stock quote (in options) for VIX
2026-01-26 10:52:31,635 [INFO] utils.quote_manager: [get_quote] START symbol=VIX, expiry=None, strike=None, right=None
2026-01-26 10:52:31,738 [INFO] utils.quote_manager: [get_quote] Request the right market data: session=weekend
2026-01-26 10:52:31,739 [INFO] utils.quote_manager: [subscribe] built contract=Stock(symbol='VIX', exchange='SMART', currency='USD') for ('VIX', None, None, None, 0)
2026-01-26 10:52:33,744 [WARNING] utils.quote_manager: [safe_qualify] Qualification failed for VIX: 
2026-01-26 10:52:33,749 [ERROR] utils.quote_manager: [subscribe] All exchanges failed for ('VIX', None, None, None, 0)
2026-01-26 10:52:33,752 [ERROR] utils.quote_manager: [get_quote] ticker is None for ('VIX', None, None, None, 0)
2026-01-26 10:52:33,756 [DEBUG] utils.trades: get_quote() took 2.12 seconds
2026-01-26 10:52:33,756 [DEBUG] utils.trades: Received stock quote (in options) for VIX: None
2026-01-26 10:52:33,757 [DEBUG] utils.trades: Fetching live stock quote for TSLA
2026-01-26 10:52:33,758 [INFO] utils.quote_manager: [get_quote] START symbol=TSLA, expiry=None, strike=None, right=None
2026-01-26 10:52:33,848 [INFO] utils.quote_manager: [get_quote] Request the right market data: session=weekend
2026-01-26 10:52:33,849 [INFO] utils.quote_manager: [subscribe-get_quote] TSLA | Price Found: True (443.14) | Greeks Source: None | IV: N/A
2026-01-26 10:52:33,849 [INFO] utils.quote_manager: [subscribe-get_quote] Full data ready for TSLA
2026-01-26 10:52:33,849 [DEBUG] utils.trades: get_quote() took 0.09 seconds
2026-01-26 10:52:33,850 [DEBUG] utils.trades: Received stock quote for TSLA: 443.14
2026-01-26 10:52:33,850 [DEBUG] utils.trades: Fetching live stock quote for AAPL
2026-01-26 10:52:33,851 [INFO] utils.quote_manager: [get_quote] START symbol=AAPL, expiry=None, strike=None, right=None
2026-01-26 10:52:33,950 [INFO] utils.quote_manager: [get_quote] Request the right market data: session=weekend
2026-01-26 10:52:33,950 [INFO] utils.quote_manager: [subscribe-get_quote] AAPL | Price Found: True (248.15) | Greeks Source: None | IV: N/A
2026-01-26 10:52:33,951 [INFO] utils.quote_manager: [subscribe-get_quote] Full data ready for AAPL
2026-01-26 10:52:33,951 [DEBUG] utils.trades: get_quote() took 0.10 seconds
2026-01-26 10:52:33,951 [DEBUG] utils.trades: Received stock quote for AAPL: 248.15
2026-01-26 10:52:33,952 [DEBUG] utils.trades: Fetching live stock quote for AMD
2026-01-26 10:52:33,952 [INFO] utils.quote_manager: [get_quote] START symbol=AMD, expiry=None, strike=None, right=None
2026-01-26 10:52:34,044 [INFO] utils.quote_manager: [get_quote] Request the right market data: session=weekend
2026-01-26 10:52:34,044 [INFO] utils.quote_manager: [subscribe-get_quote] AMD | Price Found: True (257.68) | Greeks Source: None | IV: N/A
2026-01-26 10:52:34,044 [INFO] utils.quote_manager: [subscribe-get_quote] Full data ready for AMD
2026-01-26 10:52:34,045 [DEBUG] utils.trades: get_quote() took 0.09 seconds
2026-01-26 10:52:34,045 [DEBUG] utils.trades: Received stock quote for AMD: 257.68
2026-01-26 10:52:34,045 [DEBUG] utils.trades: Fetching live stock quote for CRCL
2026-01-26 10:52:34,045 [INFO] utils.quote_manager: [get_quote] START symbol=CRCL, expiry=None, strike=None, right=None
2026-01-26 10:52:34,133 [INFO] utils.quote_manager: [get_quote] Request the right market data: session=weekend
2026-01-26 10:52:34,134 [INFO] utils.quote_manager: [subscribe-get_quote] CRCL | Price Found: True (69.61) | Greeks Source: None | IV: N/A
2026-01-26 10:52:34,134 [INFO] utils.quote_manager: [subscribe-get_quote] Full data ready for CRCL
2026-01-26 10:52:34,134 [DEBUG] utils.trades: get_quote() took 0.09 seconds
2026-01-26 10:52:34,135 [DEBUG] utils.trades: Received stock quote for CRCL: 69.61
2026-01-26 10:52:34,135 [INFO] utils.trades: Fetching live option quote for HOOD 20260320 120.0C
2026-01-26 10:52:34,136 [INFO] utils.quote_manager: [get_quote] START symbol=HOOD, expiry=20260320, strike=120.0, right=C
2026-01-26 10:52:34,229 [INFO] utils.quote_manager: [get_quote] Request the right market data: session=weekend
2026-01-26 10:52:39,236 [WARNING] utils.quote_manager: [subscribe_get_quote] TIMEOUT for HOOD after 5.01s: last=nan, bid=-1.0, ask=-1.0, mg=None
2026-01-26 10:52:39,236 [DEBUG] utils.trades: get_quote() took 5.10 seconds
2026-01-26 10:52:39,237 [DEBUG] utils.trades: Received option quote for HOOD 20260320 120.0C: 5.03
2026-01-26 10:52:39,237 [DEBUG] utils.trades: Fetching live stock quote (in options) for HOOD
2026-01-26 10:52:39,237 [INFO] utils.quote_manager: [get_quote] START symbol=HOOD, expiry=None, strike=None, right=None
2026-01-26 10:52:39,395 [INFO] utils.quote_manager: [get_quote] Request the right market data: session=weekend
2026-01-26 10:52:39,396 [INFO] utils.quote_manager: [subscribe-get_quote] HOOD | Price Found: True (105.35) | Greeks Source: None | IV: N/A
2026-01-26 10:52:39,396 [INFO] utils.quote_manager: [subscribe-get_quote] Full data ready for HOOD
2026-01-26 10:52:39,397 [DEBUG] utils.trades: get_quote() took 0.16 seconds
2026-01-26 10:52:39,397 [DEBUG] utils.trades: Received stock quote (in options) for HOOD: 105.35
2026-01-26 10:52:39,398 [DEBUG] utils.trades: Fetching live stock quote for MSAI
2026-01-26 10:52:39,399 [INFO] utils.quote_manager: [get_quote] START symbol=MSAI, expiry=None, strike=None, right=None
2026-01-26 10:52:39,558 [INFO] utils.quote_manager: [get_quote] Request the right market data: session=weekend
2026-01-26 10:52:39,559 [INFO] utils.quote_manager: [subscribe-get_quote] MSAI | Price Found: True (0.3355) | Greeks Source: None | IV: N/A
2026-01-26 10:52:39,559 [INFO] utils.quote_manager: [subscribe-get_quote] Full data ready for MSAI
2026-01-26 10:52:39,560 [DEBUG] utils.trades: get_quote() took 0.16 seconds
2026-01-26 10:52:39,560 [DEBUG] utils.trades: Received stock quote for MSAI: 0.3355
2026-01-26 10:52:39,560 [DEBUG] utils.trades: Fetching live stock quote for NVDA
2026-01-26 10:52:39,560 [INFO] utils.quote_manager: [get_quote] START symbol=NVDA, expiry=None, strike=None, right=None
2026-01-26 10:52:39,756 [INFO] utils.quote_manager: [get_quote] Request the right market data: session=weekend
2026-01-26 10:52:39,757 [INFO] utils.quote_manager: [subscribe-get_quote] NVDA | Price Found: True (186.08) | Greeks Source: None | IV: N/A
2026-01-26 10:52:39,757 [INFO] utils.quote_manager: [subscribe-get_quote] Full data ready for NVDA
2026-01-26 10:52:39,758 [DEBUG] utils.trades: get_quote() took 0.20 seconds
2026-01-26 10:52:39,758 [DEBUG] utils.trades: Received stock quote for NVDA: 186.08
2026-01-26 10:52:39,759 [DEBUG] utils.trades: Fetching live stock quote for SOFI
2026-01-26 10:52:39,760 [INFO] utils.quote_manager: [get_quote] START symbol=SOFI, expiry=None, strike=None, right=None
2026-01-26 10:52:39,946 [INFO] utils.quote_manager: [get_quote] Request the right market data: session=weekend
2026-01-26 10:52:39,947 [INFO] utils.quote_manager: [subscribe-get_quote] SOFI | Price Found: True (25.7) | Greeks Source: None | IV: N/A
2026-01-26 10:52:39,948 [INFO] utils.quote_manager: [subscribe-get_quote] Full data ready for SOFI
2026-01-26 10:52:39,948 [DEBUG] utils.trades: get_quote() took 0.19 seconds
2026-01-26 10:52:39,948 [DEBUG] utils.trades: Received stock quote for SOFI: 25.7
2026-01-26 10:52:39,950 [DEBUG] utils.trades: Passing 5 groups to complex_groups_to_df...
2026-01-26 10:52:39,951 [INFO] utils.quote_manager: [get_quote] START symbol=FISV, expiry=20260116, strike=65.0, right=Put
2026-01-26 10:52:40,113 [INFO] utils.quote_manager: [get_quote] Request the right market data: session=weekend
2026-01-26 10:52:40,114 [INFO] utils.quote_manager: [subscribe] built contract=Option(symbol='FISV', lastTradeDateOrContractMonth='20260116', strike=65.0, right='Put', multiplier='100', exchange='SMART', currency='USD') for ('FISV', '20260116', 65.0, 'Put', 0)
2026-01-26 10:52:42,116 [WARNING] utils.quote_manager: [safe_qualify] Qualification failed for FISV: 
2026-01-26 10:52:44,121 [WARNING] utils.quote_manager: [safe_qualify] Qualification failed for FISV: 
2026-01-26 10:52:46,245 [WARNING] utils.quote_manager: [safe_qualify] Qualification failed for FISV: 
2026-01-26 10:52:48,355 [WARNING] utils.quote_manager: [safe_qualify] Qualification failed for FISV: 
2026-01-26 10:52:48,463 [ERROR] utils.quote_manager: [subscribe] All exchanges failed for ('FISV', '20260116', 65.0, 'Put', 0)
2026-01-26 10:52:48,464 [ERROR] utils.quote_manager: [get_quote] ticker is None for ('FISV', '20260116', 65.0, 'Put', 0)
2026-01-26 10:52:48,464 [ERROR] utils.trades: Quote failed for leg 10: unsupported operand type(s) for *: 'NoneType' and 'int'
2026-01-26 10:52:48,465 [INFO] utils.quote_manager: [get_quote] START symbol=FISV, expiry=20260116, strike=70.0, right=Put
2026-01-26 10:52:48,606 [INFO] utils.quote_manager: [get_quote] Request the right market data: session=weekend
2026-01-26 10:52:48,606 [INFO] utils.quote_manager: [subscribe] built contract=Option(symbol='FISV', lastTradeDateOrContractMonth='20260116', strike=70.0, right='Put', multiplier='100', exchange='SMART', currency='USD') for ('FISV', '20260116', 70.0, 'Put', 0)
2026-01-26 10:52:50,613 [WARNING] utils.quote_manager: [safe_qualify] Qualification failed for FISV: 
2026-01-26 10:52:52,629 [WARNING] utils.quote_manager: [safe_qualify] Qualification failed for FISV: 
2026-01-26 10:52:54,760 [WARNING] utils.quote_manager: [safe_qualify] Qualification failed for FISV: 
2026-01-26 10:52:56,868 [WARNING] utils.quote_manager: [safe_qualify] Qualification failed for FISV: 
2026-01-26 10:52:56,979 [ERROR] utils.quote_manager: [subscribe] All exchanges failed for ('FISV', '20260116', 70.0, 'Put', 0)
2026-01-26 10:52:56,980 [ERROR] utils.quote_manager: [get_quote] ticker is None for ('FISV', '20260116', 70.0, 'Put', 0)
2026-01-26 10:52:56,981 [ERROR] utils.trades: Quote failed for leg 9: unsupported operand type(s) for *: 'NoneType' and 'int'
2026-01-26 10:52:56,982 [INFO] utils.quote_manager: [get_quote] START symbol=MA, expiry=20260320, strike=560.0, right=Call
2026-01-26 10:52:57,087 [INFO] utils.quote_manager: [get_quote] Request the right market data: session=weekend
2026-01-26 10:52:57,087 [INFO] utils.quote_manager: [subscribe-get_quote] MA | Price Found: True (7.723687468989272) | Greeks Source: modelGreeks | IV: 0.23327907018555047
2026-01-26 10:52:57,088 [INFO] utils.quote_manager: [subscribe-get_quote] Full data ready for MA
2026-01-26 10:52:57,088 [INFO] utils.quote_manager: [get_quote] START symbol=MA, expiry=20260130, strike=560.0, right=Call
2026-01-26 10:52:57,175 [INFO] utils.quote_manager: [get_quote] Request the right market data: session=weekend
2026-01-26 10:53:02,214 [WARNING] utils.quote_manager: [subscribe_get_quote] TIMEOUT for MA after 5.04s: last=nan, bid=-1.0, ask=-1.0, mg=None
2026-01-26 10:53:02,215 [INFO] utils.quote_manager: [get_quote] START symbol=TSLA, expiry=20260220, strike=440.0, right=Call
2026-01-26 10:53:02,339 [INFO] utils.quote_manager: [get_quote] Request the right market data: session=weekend
2026-01-26 10:53:07,379 [WARNING] utils.quote_manager: [subscribe_get_quote] TIMEOUT for TSLA after 5.04s: last=nan, bid=-1.0, ask=-1.0, mg=None
2026-01-26 10:53:07,380 [INFO] utils.quote_manager: [get_quote] START symbol=TSLA, expiry=20260220, strike=440.0, right=Call
2026-01-26 10:53:07,637 [INFO] utils.quote_manager: [get_quote] Request the right market data: session=weekend
2026-01-26 10:53:12,647 [WARNING] utils.quote_manager: [subscribe_get_quote] TIMEOUT for TSLA after 5.01s: last=nan, bid=-1.0, ask=-1.0, mg=None
2026-01-26 10:53:12,654 [INFO] utils.quote_manager: [get_quote] START symbol=RKLB, expiry=20260213, strike=75.0, right=Put
2026-01-26 10:53:13,087 [INFO] utils.quote_manager: [get_quote] Request the right market data: session=weekend
2026-01-26 10:53:13,089 [INFO] utils.quote_manager: [subscribe-get_quote] RKLB | Price Found: True (2.0820489119457752) | Greeks Source: modelGreeks | IV: 0.8952559084348135
2026-01-26 10:53:13,090 [INFO] utils.quote_manager: [subscribe-get_quote] Full data ready for RKLB
2026-01-26 10:53:13,091 [INFO] utils.quote_manager: [get_quote] START symbol=RKLB, expiry=20260213, strike=80.0, right=Put
2026-01-26 10:53:13,363 [INFO] utils.quote_manager: [get_quote] Request the right market data: session=weekend
2026-01-26 10:53:18,411 [WARNING] utils.quote_manager: [subscribe_get_quote] TIMEOUT for RKLB after 5.05s: last=nan, bid=-1.0, ask=-1.0, mg=None
2026-01-26 10:53:18,411 [INFO] utils.quote_manager: [get_quote] START symbol=NVDA, expiry=20260320, strike=170.0, right=Call
2026-01-26 10:53:18,506 [INFO] utils.quote_manager: [get_quote] Request the right market data: session=weekend
2026-01-26 10:53:18,507 [INFO] utils.quote_manager: [subscribe-get_quote] NVDA | Price Found: True (24.354095875426868) | Greeks Source: modelGreeks | IV: 0.4601320315188967
2026-01-26 10:53:18,507 [INFO] utils.quote_manager: [subscribe-get_quote] Full data ready for NVDA
2026-01-26 10:53:18,514 [INFO] utils.quote_manager: [get_quote] START symbol=NVDA, expiry=20260130, strike=190.0, right=Call
2026-01-26 10:53:18,627 [INFO] utils.quote_manager: [get_quote] Request the right market data: session=weekend
2026-01-26 10:53:23,658 [WARNING] utils.quote_manager: [subscribe_get_quote] TIMEOUT for NVDA after 5.03s: last=nan, bid=-1.0, ask=-1.0, mg=None
2026-01-26 10:53:23,659 [DEBUG] utils.trades: DataFrame Row 0 Legs Count: 2
2026-01-26 11:44:09,498 [DEBUG] __main__: Starting Open Trades page
2026-01-26 11:44:09,506 [INFO] utils.quote_manager: [QuoteManager.__init__] self.ib id=140717023293936
2026-01-26 11:44:09,632 [DEBUG] __main__: get_all_open_positions() INITIATED
2026-01-26 11:44:09,662 [DEBUG] __main__: Fetching positions (Cache Miss or TTL Expired)
2026-01-26 11:44:09,741 [DEBUG] utils.trades: 
--- DATABASE FETCH DEBUG ---
2026-01-26 11:44:09,757 [DEBUG] utils.trades: Group ID 5: Total Legs Found: 2 | Statuses: ['Active', 'Active']
2026-01-26 11:44:09,760 [DEBUG] utils.trades: Group ID 9: Total Legs Found: 15 | Statuses: ['Active', 'Active', 'Rolled', 'Rolled', 'Rolled', 'Rolled', 'Rolled', 'Rolled', 'Rolled', 'Rolled', 'Rolled', 'Rolled', 'Rolled', 'Rolled', 'Rolled']
2026-01-26 11:44:09,763 [DEBUG] utils.trades: Group ID 10: Total Legs Found: 15 | Statuses: ['Active', 'Active', 'Rolled', 'Rolled', 'Rolled', 'Rolled', 'Rolled', 'Rolled', 'Rolled', 'Rolled', 'Rolled', 'Rolled', 'Rolled', 'Rolled', 'Rolled']
2026-01-26 11:44:09,768 [DEBUG] utils.trades: Group ID 11: Total Legs Found: 2 | Statuses: ['Active', 'Active']
2026-01-26 11:44:09,769 [DEBUG] utils.trades: Group ID 12: Total Legs Found: 18 | Statuses: ['Active', 'Active', 'Rolled', 'Rolled', 'Rolled', 'Rolled', 'Rolled', 'Rolled', 'Rolled', 'Rolled', 'Rolled', 'Rolled', 'Rolled', 'Rolled', 'Rolled', 'Rolled', 'Rolled', 'Rolled']
2026-01-26 11:44:09,770 [INFO] utils.trades: Fetching live option quote for CRWD 20260220 435.0P
2026-01-26 11:44:09,774 [INFO] utils.quote_manager: [get_quote] START symbol=CRWD, expiry=20260220, strike=435.0, right=P
2026-01-26 11:44:09,781 [INFO] utils.ibkr: Trying IBKR: port=4001, clientId=8
2026-01-26 11:44:10,442 [INFO] utils.ibkr: Connected to IBKR on port 4001 (clientId=8), ib id=2358047004320
2026-01-26 11:44:10,650 [INFO] utils.quote_manager: [get_quote] Request the right market data: session=weekend
2026-01-26 11:44:10,652 [INFO] utils.quote_manager: [subscribe] built contract=Option(symbol='CRWD', lastTradeDateOrContractMonth='20260220', strike=435.0, right='P', multiplier='100', exchange='SMART', currency='USD') for ('CRWD', '20260220', 435.0, 'P', 0)
2026-01-26 11:44:15,909 [WARNING] utils.quote_manager: [subscribe_get_quote] TIMEOUT for CRWD after 5.00s: last=nan, bid=nan, ask=nan, mg=None
2026-01-26 11:44:15,911 [DEBUG] utils.trades: get_quote() took 6.14 seconds
2026-01-26 11:44:15,912 [DEBUG] utils.trades: Received option quote for CRWD 20260220 435.0P: None
2026-01-26 11:44:15,912 [DEBUG] utils.trades: Fetching live stock quote (in options) for CRWD
2026-01-26 11:44:15,912 [INFO] utils.quote_manager: [get_quote] START symbol=CRWD, expiry=None, strike=None, right=None
2026-01-26 11:44:16,037 [INFO] utils.quote_manager: [get_quote] Request the right market data: session=weekend
2026-01-26 11:44:16,039 [INFO] utils.quote_manager: [subscribe] built contract=Stock(symbol='CRWD', exchange='SMART', currency='USD') for ('CRWD', None, None, None, 0)
2026-01-26 11:44:16,323 [INFO] utils.quote_manager: [subscribe-get_quote] CRWD | Price Found: True (450.32) | Greeks Source: None | IV: N/A
2026-01-26 11:44:16,324 [INFO] utils.quote_manager: [subscribe-get_quote] Full data ready for CRWD
2026-01-26 11:44:16,325 [DEBUG] utils.trades: get_quote() took 0.41 seconds
2026-01-26 11:44:16,325 [DEBUG] utils.trades: Received stock quote (in options) for CRWD: 450.32
2026-01-26 11:44:16,326 [INFO] utils.trades: Fetching live option quote for CRWD 20260206 470.0P
2026-01-26 11:44:16,326 [INFO] utils.quote_manager: [get_quote] START symbol=CRWD, expiry=20260206, strike=470.0, right=P
2026-01-26 11:44:16,838 [INFO] utils.quote_manager: [get_quote] Request the right market data: session=weekend
2026-01-26 11:44:16,850 [INFO] utils.quote_manager: [subscribe] built contract=Option(symbol='CRWD', lastTradeDateOrContractMonth='20260206', strike=470.0, right='P', multiplier='100', exchange='SMART', currency='USD') for ('CRWD', '20260206', 470.0, 'P', 0)
2026-01-26 11:44:21,965 [WARNING] utils.quote_manager: [subscribe_get_quote] TIMEOUT for CRWD after 5.04s: last=nan, bid=-1.0, ask=-1.0, mg=None
2026-01-26 11:44:21,965 [DEBUG] utils.trades: get_quote() took 5.64 seconds
2026-01-26 11:44:21,966 [DEBUG] utils.trades: Received option quote for CRWD 20260206 470.0P: 22.71
2026-01-26 11:44:21,966 [DEBUG] utils.trades: Fetching live stock quote (in options) for CRWD
2026-01-26 11:44:21,966 [INFO] utils.quote_manager: [get_quote] START symbol=CRWD, expiry=None, strike=None, right=None
2026-01-26 11:44:22,467 [INFO] utils.quote_manager: [get_quote] Request the right market data: session=weekend
2026-01-26 11:44:22,484 [INFO] utils.quote_manager: [subscribe-get_quote] CRWD | Price Found: True (450.32) | Greeks Source: None | IV: N/A
2026-01-26 11:44:22,509 [INFO] utils.quote_manager: [subscribe-get_quote] Full data ready for CRWD
2026-01-26 11:44:22,538 [DEBUG] utils.trades: get_quote() took 0.57 seconds
2026-01-26 11:44:22,551 [DEBUG] utils.trades: Received stock quote (in options) for CRWD: 450.32
2026-01-26 11:44:22,687 [DEBUG] utils.trades: Fetching live stock quote for INTC
2026-01-26 11:44:22,702 [INFO] utils.quote_manager: [get_quote] START symbol=INTC, expiry=None, strike=None, right=None
2026-01-26 11:44:24,847 [INFO] utils.quote_manager: [get_quote] Request the right market data: session=weekend
2026-01-26 11:44:24,905 [INFO] utils.quote_manager: [subscribe] built contract=Stock(symbol='INTC', exchange='SMART', currency='USD') for ('INTC', None, None, None, 0)
2026-01-26 11:44:25,561 [INFO] utils.quote_manager: [subscribe-get_quote] INTC | Price Found: True (43.89) | Greeks Source: None | IV: N/A
2026-01-26 11:44:25,604 [INFO] utils.quote_manager: [subscribe-get_quote] Full data ready for INTC
2026-01-26 11:44:25,619 [DEBUG] utils.trades: get_quote() took 2.93 seconds
2026-01-26 11:44:25,652 [DEBUG] utils.trades: Received stock quote for INTC: 43.89
2026-01-26 11:44:25,732 [INFO] utils.trades: Fetching live option quote for TSLA 20260130 495.0C
2026-01-26 11:44:25,774 [INFO] utils.quote_manager: [get_quote] START symbol=TSLA, expiry=20260130, strike=495.0, right=C
2026-01-26 11:44:27,589 [INFO] utils.quote_manager: [get_quote] Request the right market data: session=weekend
2026-01-26 11:44:27,599 [INFO] utils.quote_manager: [subscribe] built contract=Option(symbol='TSLA', lastTradeDateOrContractMonth='20260130', strike=495.0, right='C', multiplier='100', exchange='SMART', currency='USD') for ('TSLA', '20260130', 495.0, 'C', 0)
2026-01-26 11:44:29,145 [INFO] utils.quote_manager: [subscribe-get_quote] TSLA | Price Found: True (1.826318490864032) | Greeks Source: modelGreeks | IV: 0.5577525638506
2026-01-26 11:44:29,147 [INFO] utils.quote_manager: [subscribe-get_quote] Full data ready for TSLA
2026-01-26 11:44:29,187 [DEBUG] utils.trades: get_quote() took 3.45 seconds
2026-01-26 11:44:29,187 [DEBUG] utils.trades: Received option quote for TSLA 20260130 495.0C: 1.826318490864032
2026-01-26 11:44:29,187 [DEBUG] utils.trades: Fetching live stock quote (in options) for TSLA
2026-01-26 11:44:29,187 [INFO] utils.quote_manager: [get_quote] START symbol=TSLA, expiry=None, strike=None, right=None
2026-01-26 11:44:30,988 [INFO] utils.quote_manager: [get_quote] Request the right market data: session=weekend
2026-01-26 11:44:31,013 [INFO] utils.quote_manager: [subscribe] built contract=Stock(symbol='TSLA', exchange='SMART', currency='USD') for ('TSLA', None, None, None, 0)
2026-01-26 11:44:31,311 [INFO] utils.quote_manager: [subscribe-get_quote] TSLA | Price Found: True (442.95) | Greeks Source: None | IV: N/A
2026-01-26 11:44:31,312 [INFO] utils.quote_manager: [subscribe-get_quote] Full data ready for TSLA
2026-01-26 11:44:31,319 [DEBUG] utils.trades: get_quote() took 2.13 seconds
2026-01-26 11:44:31,319 [DEBUG] utils.trades: Received stock quote (in options) for TSLA: 442.95
2026-01-26 11:44:31,320 [INFO] utils.trades: Fetching live option quote for SNDK 20260213 320.0P
2026-01-26 11:44:31,331 [INFO] utils.quote_manager: [get_quote] START symbol=SNDK, expiry=20260213, strike=320.0, right=P
2026-01-26 11:44:32,462 [INFO] utils.quote_manager: [get_quote] Request the right market data: session=weekend
2026-01-26 11:44:32,487 [INFO] utils.quote_manager: [subscribe] built contract=Option(symbol='SNDK', lastTradeDateOrContractMonth='20260213', strike=320.0, right='P', multiplier='100', exchange='SMART', currency='USD') for ('SNDK', '20260213', 320.0, 'P', 0)
2026-01-26 11:44:37,726 [WARNING] utils.quote_manager: [subscribe_get_quote] TIMEOUT for SNDK after 5.04s: last=nan, bid=-1.0, ask=-1.0, mg=None
2026-01-26 11:44:37,730 [DEBUG] utils.trades: get_quote() took 6.41 seconds
2026-01-26 11:44:37,732 [DEBUG] utils.trades: Received option quote for SNDK 20260213 320.0P: 4.44
2026-01-26 11:44:37,734 [DEBUG] utils.trades: Fetching live stock quote (in options) for SNDK
2026-01-26 11:44:37,735 [INFO] utils.quote_manager: [get_quote] START symbol=SNDK, expiry=None, strike=None, right=None
2026-01-26 11:44:38,673 [INFO] utils.quote_manager: [get_quote] Request the right market data: session=weekend
2026-01-26 11:44:38,682 [INFO] utils.quote_manager: [subscribe] built contract=Stock(symbol='SNDK', exchange='SMART', currency='USD') for ('SNDK', None, None, None, 0)
2026-01-26 11:44:38,778 [INFO] utils.quote_manager: [subscribe-get_quote] SNDK | Price Found: True (464.55) | Greeks Source: None | IV: N/A
2026-01-26 11:44:38,783 [INFO] utils.quote_manager: [subscribe-get_quote] Full data ready for SNDK
2026-01-26 11:44:38,783 [DEBUG] utils.trades: get_quote() took 1.05 seconds
2026-01-26 11:44:38,786 [DEBUG] utils.trades: Received stock quote (in options) for SNDK: 464.55
2026-01-26 11:44:38,791 [INFO] utils.trades: Fetching live option quote for TSLA 20260130 465.0C
2026-01-26 11:44:38,796 [INFO] utils.quote_manager: [get_quote] START symbol=TSLA, expiry=20260130, strike=465.0, right=C
2026-01-26 11:44:39,954 [INFO] utils.quote_manager: [get_quote] Request the right market data: session=weekend
2026-01-26 11:44:39,972 [INFO] utils.quote_manager: [subscribe] built contract=Option(symbol='TSLA', lastTradeDateOrContractMonth='20260130', strike=465.0, right='C', multiplier='100', exchange='SMART', currency='USD') for ('TSLA', '20260130', 465.0, 'C', 0)
2026-01-26 11:44:45,145 [WARNING] utils.quote_manager: [subscribe_get_quote] TIMEOUT for TSLA after 5.04s: last=nan, bid=-1.0, ask=-1.0, mg=None
2026-01-26 11:44:45,196 [DEBUG] utils.trades: get_quote() took 6.40 seconds
2026-01-26 11:44:45,197 [DEBUG] utils.trades: Received option quote for TSLA 20260130 465.0C: 8.52
2026-01-26 11:44:45,198 [DEBUG] utils.trades: Fetching live stock quote (in options) for TSLA
2026-01-26 11:44:45,199 [INFO] utils.quote_manager: [get_quote] START symbol=TSLA, expiry=None, strike=None, right=None
2026-01-26 11:44:45,607 [INFO] utils.quote_manager: [get_quote] Request the right market data: session=weekend
2026-01-26 11:44:45,613 [INFO] utils.quote_manager: [subscribe-get_quote] TSLA | Price Found: True (442.95) | Greeks Source: None | IV: N/A
2026-01-26 11:44:45,615 [INFO] utils.quote_manager: [subscribe-get_quote] Full data ready for TSLA
2026-01-26 11:44:45,655 [DEBUG] utils.trades: get_quote() took 0.46 seconds
2026-01-26 11:44:45,664 [DEBUG] utils.trades: Received stock quote (in options) for TSLA: 442.95
2026-01-26 11:44:45,673 [INFO] utils.trades: Fetching live option quote for ANET 20260206 115.0P
2026-01-26 11:44:45,686 [INFO] utils.quote_manager: [get_quote] START symbol=ANET, expiry=20260206, strike=115.0, right=P
2026-01-26 11:44:47,049 [INFO] utils.quote_manager: [get_quote] Request the right market data: session=weekend
2026-01-26 11:44:47,055 [INFO] utils.quote_manager: [subscribe] built contract=Option(symbol='ANET', lastTradeDateOrContractMonth='20260206', strike=115.0, right='P', multiplier='100', exchange='SMART', currency='USD') for ('ANET', '20260206', 115.0, 'P', 0)
2026-01-26 11:44:48,319 [INFO] utils.quote_manager: [subscribe-get_quote] ANET | Price Found: True (0.390350202475549) | Greeks Source: modelGreeks | IV: 0.5728285158120052
2026-01-26 11:44:48,350 [INFO] utils.quote_manager: [subscribe-get_quote] Full data ready for ANET
2026-01-26 11:44:48,403 [DEBUG] utils.trades: get_quote() took 2.73 seconds
2026-01-26 11:44:48,497 [DEBUG] utils.trades: Received option quote for ANET 20260206 115.0P: 0.390350202475549
2026-01-26 11:44:48,523 [DEBUG] utils.trades: Fetching live stock quote (in options) for ANET
2026-01-26 11:44:48,533 [INFO] utils.quote_manager: [get_quote] START symbol=ANET, expiry=None, strike=None, right=None
2026-01-26 11:44:48,870 [INFO] utils.quote_manager: [get_quote] Request the right market data: session=weekend
2026-01-26 11:44:48,876 [INFO] utils.quote_manager: [subscribe] built contract=Stock(symbol='ANET', exchange='SMART', currency='USD') for ('ANET', None, None, None, 0)
2026-01-26 11:44:48,972 [INFO] utils.quote_manager: [subscribe-get_quote] ANET | Price Found: True (134.0) | Greeks Source: None | IV: N/A
2026-01-26 11:44:48,979 [INFO] utils.quote_manager: [subscribe-get_quote] Full data ready for ANET
2026-01-26 11:44:48,979 [DEBUG] utils.trades: get_quote() took 0.46 seconds
2026-01-26 11:44:48,979 [DEBUG] utils.trades: Received stock quote (in options) for ANET: 134.0
2026-01-26 11:44:48,981 [DEBUG] utils.trades: Fetching live stock quote for SNDK
2026-01-26 11:44:48,981 [INFO] utils.quote_manager: [get_quote] START symbol=SNDK, expiry=None, strike=None, right=None
2026-01-26 11:44:50,514 [INFO] utils.quote_manager: [get_quote] Request the right market data: session=weekend
2026-01-26 11:44:50,521 [INFO] utils.quote_manager: [subscribe-get_quote] SNDK | Price Found: True (464.55) | Greeks Source: None | IV: N/A
2026-01-26 11:44:50,525 [INFO] utils.quote_manager: [subscribe-get_quote] Full data ready for SNDK
2026-01-26 11:44:50,557 [DEBUG] utils.trades: get_quote() took 1.58 seconds
2026-01-26 11:44:50,612 [DEBUG] utils.trades: Received stock quote for SNDK: 464.55
2026-01-26 11:44:50,613 [INFO] utils.trades: Fetching live option quote for TSM 20260206 300.0P
2026-01-26 11:44:50,641 [INFO] utils.quote_manager: [get_quote] START symbol=TSM, expiry=20260206, strike=300.0, right=P
2026-01-26 11:44:52,216 [INFO] utils.quote_manager: [get_quote] Request the right market data: session=weekend
2026-01-26 11:44:52,230 [INFO] utils.quote_manager: [subscribe] built contract=Option(symbol='TSM', lastTradeDateOrContractMonth='20260206', strike=300.0, right='P', multiplier='100', exchange='SMART', currency='USD') for ('TSM', '20260206', 300.0, 'P', 0)
2026-01-26 11:44:57,329 [WARNING] utils.quote_manager: [subscribe_get_quote] TIMEOUT for TSM after 5.00s: last=nan, bid=-1.0, ask=-1.0, mg=None
2026-01-26 11:44:57,331 [DEBUG] utils.trades: get_quote() took 6.72 seconds
2026-01-26 11:44:57,331 [DEBUG] utils.trades: Received option quote for TSM 20260206 300.0P: 1.57
2026-01-26 11:44:57,333 [DEBUG] utils.trades: Fetching live stock quote (in options) for TSM
2026-01-26 11:44:57,334 [INFO] utils.quote_manager: [get_quote] START symbol=TSM, expiry=None, strike=None, right=None
2026-01-26 11:44:58,744 [INFO] utils.quote_manager: [get_quote] Request the right market data: session=weekend
2026-01-26 11:44:58,748 [INFO] utils.quote_manager: [subscribe] built contract=Stock(symbol='TSM', exchange='SMART', currency='USD') for ('TSM', None, None, None, 0)
2026-01-26 11:44:58,958 [INFO] utils.quote_manager: [subscribe-get_quote] TSM | Price Found: True (331.81) | Greeks Source: None | IV: N/A
2026-01-26 11:44:58,979 [INFO] utils.quote_manager: [subscribe-get_quote] Full data ready for TSM
2026-01-26 11:44:58,979 [DEBUG] utils.trades: get_quote() took 1.65 seconds
2026-01-26 11:44:58,980 [DEBUG] utils.trades: Received stock quote (in options) for TSM: 331.81
2026-01-26 11:44:58,980 [INFO] utils.trades: Fetching live option quote for APLD 20260206 25.5P
2026-01-26 11:44:58,981 [INFO] utils.quote_manager: [get_quote] START symbol=APLD, expiry=20260206, strike=25.5, right=P
2026-01-26 11:44:59,353 [INFO] utils.quote_manager: [get_quote] Request the right market data: session=weekend
2026-01-26 11:44:59,358 [INFO] utils.quote_manager: [subscribe] built contract=Option(symbol='APLD', lastTradeDateOrContractMonth='20260206', strike=25.5, right='P', multiplier='100', exchange='SMART', currency='USD') for ('APLD', '20260206', 25.5, 'P', 0)
2026-01-26 11:45:04,408 [WARNING] utils.quote_manager: [subscribe_get_quote] TIMEOUT for APLD after 5.00s: last=nan, bid=-1.0, ask=-1.0, mg=None
2026-01-26 11:45:04,415 [DEBUG] utils.trades: get_quote() took 5.43 seconds
2026-01-26 11:45:04,416 [DEBUG] utils.trades: Received option quote for APLD 20260206 25.5P: 0.25
2026-01-26 11:45:04,416 [DEBUG] utils.trades: Fetching live stock quote (in options) for APLD
2026-01-26 11:45:04,417 [INFO] utils.quote_manager: [get_quote] START symbol=APLD, expiry=None, strike=None, right=None
2026-01-26 11:45:04,809 [INFO] utils.quote_manager: [get_quote] Request the right market data: session=weekend
2026-01-26 11:45:04,812 [INFO] utils.quote_manager: [subscribe] built contract=Stock(symbol='APLD', exchange='SMART', currency='USD') for ('APLD', None, None, None, 0)
2026-01-26 11:45:04,904 [INFO] utils.quote_manager: [subscribe-get_quote] APLD | Price Found: True (36.87) | Greeks Source: None | IV: N/A
2026-01-26 11:45:04,907 [INFO] utils.quote_manager: [subscribe-get_quote] Full data ready for APLD
2026-01-26 11:45:04,907 [DEBUG] utils.trades: get_quote() took 0.49 seconds
2026-01-26 11:45:04,907 [DEBUG] utils.trades: Received stock quote (in options) for APLD: 36.87
2026-01-26 11:45:04,911 [INFO] utils.trades: Fetching live option quote for AMD 20260130 255.0C
2026-01-26 11:45:04,913 [INFO] utils.quote_manager: [get_quote] START symbol=AMD, expiry=20260130, strike=255.0, right=C
2026-01-26 11:45:05,899 [INFO] utils.quote_manager: [get_quote] Request the right market data: session=weekend
2026-01-26 11:45:05,901 [INFO] utils.quote_manager: [subscribe] built contract=Option(symbol='AMD', lastTradeDateOrContractMonth='20260130', strike=255.0, right='C', multiplier='100', exchange='SMART', currency='USD') for ('AMD', '20260130', 255.0, 'C', 0)
2026-01-26 11:45:07,287 [INFO] utils.quote_manager: [subscribe-get_quote] AMD | Price Found: True (10.498249898704527) | Greeks Source: modelGreeks | IV: 0.5508214533047111
2026-01-26 11:45:07,324 [INFO] utils.quote_manager: [subscribe-get_quote] Full data ready for AMD
2026-01-26 11:45:07,329 [DEBUG] utils.trades: get_quote() took 2.42 seconds
2026-01-26 11:45:07,333 [DEBUG] utils.trades: Received option quote for AMD 20260130 255.0C: 10.498249898704527
2026-01-26 11:45:07,334 [DEBUG] utils.trades: Fetching live stock quote (in options) for AMD
2026-01-26 11:45:07,335 [INFO] utils.quote_manager: [get_quote] START symbol=AMD, expiry=None, strike=None, right=None
2026-01-26 11:45:08,659 [INFO] utils.quote_manager: [get_quote] Request the right market data: session=weekend
2026-01-26 11:45:08,683 [INFO] utils.quote_manager: [subscribe] built contract=Stock(symbol='AMD', exchange='SMART', currency='USD') for ('AMD', None, None, None, 0)
2026-01-26 11:45:08,825 [INFO] utils.quote_manager: [subscribe-get_quote] AMD | Price Found: True (257.26) | Greeks Source: None | IV: N/A
2026-01-26 11:45:08,833 [INFO] utils.quote_manager: [subscribe-get_quote] Full data ready for AMD
2026-01-26 11:45:08,834 [DEBUG] utils.trades: get_quote() took 1.50 seconds
2026-01-26 11:45:08,834 [DEBUG] utils.trades: Received stock quote (in options) for AMD: 257.26
2026-01-26 11:45:08,835 [INFO] utils.trades: Fetching live option quote for IREN 20260130 36.0P
2026-01-26 11:45:08,835 [INFO] utils.quote_manager: [get_quote] START symbol=IREN, expiry=20260130, strike=36.0, right=P
2026-01-26 11:45:10,141 [INFO] utils.quote_manager: [get_quote] Request the right market data: session=weekend
2026-01-26 11:45:10,185 [INFO] utils.quote_manager: [subscribe] built contract=Option(symbol='IREN', lastTradeDateOrContractMonth='20260130', strike=36.0, right='P', multiplier='100', exchange='SMART', currency='USD') for ('IREN', '20260130', 36.0, 'P', 0)
2026-01-26 11:45:15,322 [WARNING] utils.quote_manager: [subscribe_get_quote] TIMEOUT for IREN after 5.03s: last=nan, bid=-1.0, ask=-1.0, mg=None
2026-01-26 11:45:15,327 [DEBUG] utils.trades: get_quote() took 6.49 seconds
2026-01-26 11:45:15,328 [DEBUG] utils.trades: Received option quote for IREN 20260130 36.0P: 0.38
2026-01-26 11:45:15,329 [DEBUG] utils.trades: Fetching live stock quote (in options) for IREN
2026-01-26 11:45:15,330 [INFO] utils.quote_manager: [get_quote] START symbol=IREN, expiry=None, strike=None, right=None
2026-01-26 11:45:16,439 [INFO] utils.quote_manager: [get_quote] Request the right market data: session=weekend
2026-01-26 11:45:16,450 [INFO] utils.quote_manager: [subscribe] built contract=Stock(symbol='IREN', exchange='SMART', currency='USD') for ('IREN', None, None, None, 0)
2026-01-26 11:45:16,547 [INFO] utils.quote_manager: [subscribe-get_quote] IREN | Price Found: True (54.78) | Greeks Source: None | IV: N/A
2026-01-26 11:45:16,548 [INFO] utils.quote_manager: [subscribe-get_quote] Full data ready for IREN
2026-01-26 11:45:16,553 [DEBUG] utils.trades: get_quote() took 1.22 seconds
2026-01-26 11:45:16,553 [DEBUG] utils.trades: Received stock quote (in options) for IREN: 54.78
2026-01-26 11:45:16,554 [DEBUG] utils.trades: Fetching live stock quote for TSLA
2026-01-26 11:45:16,557 [INFO] utils.quote_manager: [get_quote] START symbol=TSLA, expiry=None, strike=None, right=None
2026-01-26 11:45:16,885 [INFO] utils.quote_manager: [get_quote] Request the right market data: session=weekend
2026-01-26 11:45:16,888 [INFO] utils.quote_manager: [subscribe-get_quote] TSLA | Price Found: True (442.97) | Greeks Source: None | IV: N/A
2026-01-26 11:45:16,889 [INFO] utils.quote_manager: [subscribe-get_quote] Full data ready for TSLA
2026-01-26 11:45:16,894 [DEBUG] utils.trades: get_quote() took 0.34 seconds
2026-01-26 11:45:16,900 [DEBUG] utils.trades: Received stock quote for TSLA: 442.97
2026-01-26 11:45:16,922 [INFO] utils.trades: Fetching live option quote for CLS 20260130 275.0P
2026-01-26 11:45:16,923 [INFO] utils.quote_manager: [get_quote] START symbol=CLS, expiry=20260130, strike=275.0, right=P
2026-01-26 11:45:17,722 [INFO] utils.quote_manager: [get_quote] Request the right market data: session=weekend
2026-01-26 11:45:17,766 [INFO] utils.quote_manager: [subscribe] built contract=Option(symbol='CLS', lastTradeDateOrContractMonth='20260130', strike=275.0, right='P', multiplier='100', exchange='SMART', currency='USD') for ('CLS', '20260130', 275.0, 'P', 0)
2026-01-26 11:45:22,869 [WARNING] utils.quote_manager: [subscribe_get_quote] TIMEOUT for CLS after 5.02s: last=nan, bid=-1.0, ask=-1.0, mg=None
2026-01-26 11:45:22,871 [DEBUG] utils.trades: get_quote() took 5.95 seconds
2026-01-26 11:45:22,873 [DEBUG] utils.trades: Received option quote for CLS 20260130 275.0P: 12.04
2026-01-26 11:45:22,874 [DEBUG] utils.trades: Fetching live stock quote (in options) for CLS
2026-01-26 11:45:22,876 [INFO] utils.quote_manager: [get_quote] START symbol=CLS, expiry=None, strike=None, right=None
2026-01-26 11:45:24,684 [INFO] utils.quote_manager: [get_quote] Request the right market data: session=weekend
2026-01-26 11:45:24,694 [INFO] utils.quote_manager: [subscribe] built contract=Stock(symbol='CLS', exchange='SMART', currency='USD') for ('CLS', None, None, None, 0)
2026-01-26 11:45:24,792 [INFO] utils.quote_manager: [subscribe-get_quote] CLS | Price Found: True (297.0) | Greeks Source: None | IV: N/A
2026-01-26 11:45:24,809 [INFO] utils.quote_manager: [subscribe-get_quote] Full data ready for CLS
2026-01-26 11:45:24,816 [DEBUG] utils.trades: get_quote() took 1.94 seconds
2026-01-26 11:45:24,823 [DEBUG] utils.trades: Received stock quote (in options) for CLS: 297.0
2026-01-26 11:45:24,838 [INFO] utils.trades: Fetching live option quote for ONDS 20260130 7.5P
2026-01-26 11:45:24,847 [INFO] utils.quote_manager: [get_quote] START symbol=ONDS, expiry=20260130, strike=7.5, right=P
2026-01-26 11:45:24,988 [INFO] utils.quote_manager: [get_quote] Request the right market data: session=weekend
2026-01-26 11:45:24,991 [INFO] utils.quote_manager: [subscribe] built contract=Option(symbol='ONDS', lastTradeDateOrContractMonth='20260130', strike=7.5, right='P', multiplier='100', exchange='SMART', currency='USD') for ('ONDS', '20260130', 7.5, 'P', 0)
2026-01-26 11:45:26,113 [INFO] utils.quote_manager: [subscribe-get_quote] ONDS | Price Found: True (0.010309048399622649) | Greeks Source: modelGreeks | IV: 1.5966922910214663
2026-01-26 11:45:26,118 [INFO] utils.quote_manager: [subscribe-get_quote] Full data ready for ONDS
2026-01-26 11:45:26,118 [DEBUG] utils.trades: get_quote() took 1.28 seconds
2026-01-26 11:45:26,119 [DEBUG] utils.trades: Received option quote for ONDS 20260130 7.5P: 0.010309048399622649
2026-01-26 11:45:26,119 [DEBUG] utils.trades: Fetching live stock quote (in options) for ONDS
2026-01-26 11:45:26,119 [INFO] utils.quote_manager: [get_quote] START symbol=ONDS, expiry=None, strike=None, right=None
2026-01-26 11:45:26,461 [INFO] utils.quote_manager: [get_quote] Request the right market data: session=weekend
2026-01-26 11:45:26,463 [INFO] utils.quote_manager: [subscribe] built contract=Stock(symbol='ONDS', exchange='SMART', currency='USD') for ('ONDS', None, None, None, 0)
2026-01-26 11:45:26,557 [INFO] utils.quote_manager: [subscribe-get_quote] ONDS | Price Found: True (11.98) | Greeks Source: None | IV: N/A
2026-01-26 11:45:26,566 [INFO] utils.quote_manager: [subscribe-get_quote] Full data ready for ONDS
2026-01-26 11:45:26,575 [DEBUG] utils.trades: get_quote() took 0.46 seconds
2026-01-26 11:45:26,588 [DEBUG] utils.trades: Received stock quote (in options) for ONDS: 11.98
2026-01-26 11:45:26,592 [INFO] utils.trades: Fetching live option quote for HOOD 20260130 115.0P
2026-01-26 11:45:26,596 [INFO] utils.quote_manager: [get_quote] START symbol=HOOD, expiry=20260130, strike=115.0, right=P
2026-01-26 11:45:26,824 [INFO] utils.quote_manager: [get_quote] Request the right market data: session=weekend
2026-01-26 11:45:26,827 [INFO] utils.quote_manager: [subscribe] built contract=Option(symbol='HOOD', lastTradeDateOrContractMonth='20260130', strike=115.0, right='P', multiplier='100', exchange='SMART', currency='USD') for ('HOOD', '20260130', 115.0, 'P', 0)
2026-01-26 11:45:28,260 [INFO] utils.quote_manager: [subscribe-get_quote] HOOD | Price Found: True (8.548162504489396) | Greeks Source: modelGreeks | IV: 0.48923327526361143
2026-01-26 11:45:28,261 [INFO] utils.quote_manager: [subscribe-get_quote] Full data ready for HOOD
2026-01-26 11:45:28,261 [DEBUG] utils.trades: get_quote() took 1.67 seconds
2026-01-26 11:45:28,261 [DEBUG] utils.trades: Received option quote for HOOD 20260130 115.0P: 8.548162504489396
2026-01-26 11:45:28,261 [DEBUG] utils.trades: Fetching live stock quote (in options) for HOOD
2026-01-26 11:45:28,262 [INFO] utils.quote_manager: [get_quote] START symbol=HOOD, expiry=None, strike=None, right=None
2026-01-26 11:45:28,477 [INFO] utils.quote_manager: [get_quote] Request the right market data: session=weekend
2026-01-26 11:45:28,478 [INFO] utils.quote_manager: [subscribe] built contract=Stock(symbol='HOOD', exchange='SMART', currency='USD') for ('HOOD', None, None, None, 0)
2026-01-26 11:45:28,760 [INFO] utils.quote_manager: [subscribe-get_quote] HOOD | Price Found: True (105.33) | Greeks Source: None | IV: N/A
2026-01-26 11:45:28,760 [INFO] utils.quote_manager: [subscribe-get_quote] Full data ready for HOOD
2026-01-26 11:45:28,761 [DEBUG] utils.trades: get_quote() took 0.50 seconds
2026-01-26 11:45:28,761 [DEBUG] utils.trades: Received stock quote (in options) for HOOD: 105.33
2026-01-26 11:45:28,762 [INFO] utils.trades: Fetching live option quote for VIX 20260818 13.5C
2026-01-26 11:45:28,762 [INFO] utils.quote_manager: [get_quote] START symbol=VIX, expiry=20260818, strike=13.5, right=C
2026-01-26 11:45:28,967 [INFO] utils.quote_manager: [get_quote] Request the right market data: session=weekend
2026-01-26 11:45:28,968 [INFO] utils.quote_manager: [subscribe] built contract=Option(symbol='VIX', lastTradeDateOrContractMonth='20260818', strike=13.5, right='C', multiplier='100', exchange='SMART', currency='USD') for ('VIX', '20260818', 13.5, 'C', 0)
2026-01-26 11:45:31,294 [INFO] utils.quote_manager: [subscribe-get_quote] VIX | Price Found: True (7.6) | Greeks Source: modelGreeks | IV: 0.3912751865733248
2026-01-26 11:45:31,298 [INFO] utils.quote_manager: [subscribe-get_quote] Full data ready for VIX
2026-01-26 11:45:31,301 [DEBUG] utils.trades: get_quote() took 2.54 seconds
2026-01-26 11:45:31,301 [DEBUG] utils.trades: Received option quote for VIX 20260818 13.5C: 7.6
2026-01-26 11:45:31,301 [DEBUG] utils.trades: Fetching live stock quote (in options) for VIX
2026-01-26 11:45:31,301 [INFO] utils.quote_manager: [get_quote] START symbol=VIX, expiry=None, strike=None, right=None
2026-01-26 11:45:31,467 [INFO] utils.quote_manager: [get_quote] Request the right market data: session=weekend
2026-01-26 11:45:31,471 [INFO] utils.quote_manager: [subscribe] built contract=Stock(symbol='VIX', exchange='SMART', currency='USD') for ('VIX', None, None, None, 0)
2026-01-26 11:45:31,520 [ERROR] utils.quote_manager: [subscribe] All exchanges failed for ('VIX', None, None, None, 0)
2026-01-26 11:45:31,520 [ERROR] utils.quote_manager: [get_quote] ticker is None for ('VIX', None, None, None, 0)
2026-01-26 11:45:31,520 [DEBUG] utils.trades: get_quote() took 0.22 seconds
2026-01-26 11:45:31,520 [DEBUG] utils.trades: Received stock quote (in options) for VIX: None
2026-01-26 11:45:31,521 [DEBUG] utils.trades: Fetching live stock quote for TSLA
2026-01-26 11:45:31,521 [INFO] utils.quote_manager: [get_quote] START symbol=TSLA, expiry=None, strike=None, right=None
2026-01-26 11:45:31,642 [INFO] utils.quote_manager: [get_quote] Request the right market data: session=weekend
2026-01-26 11:45:31,650 [INFO] utils.quote_manager: [subscribe-get_quote] TSLA | Price Found: True (442.96) | Greeks Source: None | IV: N/A
2026-01-26 11:45:31,651 [INFO] utils.quote_manager: [subscribe-get_quote] Full data ready for TSLA
2026-01-26 11:45:31,653 [DEBUG] utils.trades: get_quote() took 0.13 seconds
2026-01-26 11:45:31,657 [DEBUG] utils.trades: Received stock quote for TSLA: 442.96
2026-01-26 11:45:31,657 [DEBUG] utils.trades: Fetching live stock quote for AAPL
2026-01-26 11:45:31,657 [INFO] utils.quote_manager: [get_quote] START symbol=AAPL, expiry=None, strike=None, right=None
2026-01-26 11:45:31,999 [INFO] utils.quote_manager: [get_quote] Request the right market data: session=weekend
2026-01-26 11:45:31,999 [INFO] utils.quote_manager: [subscribe] built contract=Stock(symbol='AAPL', exchange='SMART', currency='USD') for ('AAPL', None, None, None, 0)
2026-01-26 11:45:33,248 [INFO] utils.quote_manager: [subscribe-get_quote] AAPL | Price Found: True (248.26) | Greeks Source: None | IV: N/A
2026-01-26 11:45:33,285 [INFO] utils.quote_manager: [subscribe-get_quote] Full data ready for AAPL
2026-01-26 11:45:33,286 [DEBUG] utils.trades: get_quote() took 1.63 seconds
2026-01-26 11:45:33,286 [DEBUG] utils.trades: Received stock quote for AAPL: 248.26
2026-01-26 11:45:33,286 [DEBUG] utils.trades: Fetching live stock quote for AMD
2026-01-26 11:45:33,287 [INFO] utils.quote_manager: [get_quote] START symbol=AMD, expiry=None, strike=None, right=None
2026-01-26 11:45:33,611 [INFO] utils.quote_manager: [get_quote] Request the right market data: session=weekend
2026-01-26 11:45:33,615 [INFO] utils.quote_manager: [subscribe-get_quote] AMD | Price Found: True (257.26) | Greeks Source: None | IV: N/A
2026-01-26 11:45:33,625 [INFO] utils.quote_manager: [subscribe-get_quote] Full data ready for AMD
2026-01-26 11:45:33,631 [DEBUG] utils.trades: get_quote() took 0.34 seconds
2026-01-26 11:45:33,633 [DEBUG] utils.trades: Received stock quote for AMD: 257.26
2026-01-26 11:45:33,634 [DEBUG] utils.trades: Fetching live stock quote for CRCL
2026-01-26 11:45:33,635 [INFO] utils.quote_manager: [get_quote] START symbol=CRCL, expiry=None, strike=None, right=None
2026-01-26 11:45:34,421 [INFO] utils.quote_manager: [get_quote] Request the right market data: session=weekend
2026-01-26 11:45:34,431 [INFO] utils.quote_manager: [subscribe] built contract=Stock(symbol='CRCL', exchange='SMART', currency='USD') for ('CRCL', None, None, None, 0)
2026-01-26 11:45:35,052 [INFO] utils.quote_manager: [subscribe-get_quote] CRCL | Price Found: True (69.53) | Greeks Source: None | IV: N/A
2026-01-26 11:45:35,068 [INFO] utils.quote_manager: [subscribe-get_quote] Full data ready for CRCL
2026-01-26 11:45:35,068 [DEBUG] utils.trades: get_quote() took 1.43 seconds
2026-01-26 11:45:35,068 [DEBUG] utils.trades: Received stock quote for CRCL: 69.53
2026-01-26 11:45:35,069 [INFO] utils.trades: Fetching live option quote for HOOD 20260320 120.0C
2026-01-26 11:45:35,083 [INFO] utils.quote_manager: [get_quote] START symbol=HOOD, expiry=20260320, strike=120.0, right=C
2026-01-26 11:45:36,092 [INFO] utils.quote_manager: [get_quote] Request the right market data: session=weekend
2026-01-26 11:45:36,094 [INFO] utils.quote_manager: [subscribe] built contract=Option(symbol='HOOD', lastTradeDateOrContractMonth='20260320', strike=120.0, right='C', multiplier='100', exchange='SMART', currency='USD') for ('HOOD', '20260320', 120.0, 'C', 0)
2026-01-26 11:45:41,321 [WARNING] utils.quote_manager: [subscribe_get_quote] TIMEOUT for HOOD after 5.00s: last=nan, bid=-1.0, ask=-1.0, mg=None
2026-01-26 11:45:41,338 [DEBUG] utils.trades: get_quote() took 6.27 seconds
2026-01-26 11:45:41,368 [DEBUG] utils.trades: Received option quote for HOOD 20260320 120.0C: 5.03
2026-01-26 11:45:41,385 [DEBUG] utils.trades: Fetching live stock quote (in options) for HOOD
2026-01-26 11:45:41,391 [INFO] utils.quote_manager: [get_quote] START symbol=HOOD, expiry=None, strike=None, right=None
2026-01-26 11:45:41,533 [INFO] utils.quote_manager: [get_quote] Request the right market data: session=weekend
2026-01-26 11:45:41,533 [INFO] utils.quote_manager: [subscribe-get_quote] HOOD | Price Found: True (105.33) | Greeks Source: None | IV: N/A
2026-01-26 11:45:41,538 [INFO] utils.quote_manager: [subscribe-get_quote] Full data ready for HOOD
2026-01-26 11:45:41,542 [DEBUG] utils.trades: get_quote() took 0.16 seconds
2026-01-26 11:45:41,548 [DEBUG] utils.trades: Received stock quote (in options) for HOOD: 105.33
2026-01-26 11:45:41,554 [DEBUG] utils.trades: Fetching live stock quote for MSAI
2026-01-26 11:45:41,555 [INFO] utils.quote_manager: [get_quote] START symbol=MSAI, expiry=None, strike=None, right=None
2026-01-26 11:45:41,673 [INFO] utils.quote_manager: [get_quote] Request the right market data: session=weekend
2026-01-26 11:45:41,679 [INFO] utils.quote_manager: [subscribe] built contract=Stock(symbol='MSAI', exchange='SMART', currency='USD') for ('MSAI', None, None, None, 0)
2026-01-26 11:45:42,692 [INFO] utils.quote_manager: [subscribe-get_quote] MSAI | Price Found: True (0.3734) | Greeks Source: None | IV: N/A
2026-01-26 11:45:42,694 [INFO] utils.quote_manager: [subscribe-get_quote] Full data ready for MSAI
2026-01-26 11:45:42,696 [DEBUG] utils.trades: get_quote() took 1.14 seconds
2026-01-26 11:45:42,697 [DEBUG] utils.trades: Received stock quote for MSAI: 0.3734
2026-01-26 11:45:42,700 [DEBUG] utils.trades: Fetching live stock quote for NVDA
2026-01-26 11:45:42,702 [INFO] utils.quote_manager: [get_quote] START symbol=NVDA, expiry=None, strike=None, right=None
2026-01-26 11:45:42,931 [INFO] utils.quote_manager: [get_quote] Request the right market data: session=weekend
2026-01-26 11:45:42,933 [INFO] utils.quote_manager: [subscribe] built contract=Stock(symbol='NVDA', exchange='SMART', currency='USD') for ('NVDA', None, None, None, 0)
2026-01-26 11:45:43,560 [INFO] utils.quote_manager: [subscribe-get_quote] NVDA | Price Found: True (186.23) | Greeks Source: None | IV: N/A
2026-01-26 11:45:43,561 [INFO] utils.quote_manager: [subscribe-get_quote] Full data ready for NVDA
2026-01-26 11:45:43,562 [DEBUG] utils.trades: get_quote() took 0.86 seconds
2026-01-26 11:45:43,562 [DEBUG] utils.trades: Received stock quote for NVDA: 186.23
2026-01-26 11:45:43,563 [DEBUG] utils.trades: Fetching live stock quote for SOFI
2026-01-26 11:45:43,563 [INFO] utils.quote_manager: [get_quote] START symbol=SOFI, expiry=None, strike=None, right=None
2026-01-26 11:45:43,725 [INFO] utils.quote_manager: [get_quote] Request the right market data: session=weekend
2026-01-26 11:45:43,728 [INFO] utils.quote_manager: [subscribe] built contract=Stock(symbol='SOFI', exchange='SMART', currency='USD') for ('SOFI', None, None, None, 0)
2026-01-26 11:45:44,377 [INFO] utils.quote_manager: [subscribe-get_quote] SOFI | Price Found: True (25.65) | Greeks Source: None | IV: N/A
2026-01-26 11:45:44,425 [INFO] utils.quote_manager: [subscribe-get_quote] Full data ready for SOFI
2026-01-26 11:45:44,447 [DEBUG] utils.trades: get_quote() took 0.88 seconds
2026-01-26 11:45:44,458 [DEBUG] utils.trades: Received stock quote for SOFI: 25.65
2026-01-26 11:45:44,613 [DEBUG] utils.trades: Passing 5 groups to complex_groups_to_df...
2026-01-26 11:45:44,621 [INFO] utils.quote_manager: [get_quote] START symbol=FISV, expiry=20260116, strike=65.0, right=Put
2026-01-26 11:45:45,407 [INFO] utils.quote_manager: [get_quote] Request the right market data: session=weekend
2026-01-26 11:45:45,414 [INFO] utils.quote_manager: [subscribe] built contract=Option(symbol='FISV', lastTradeDateOrContractMonth='20260116', strike=65.0, right='Put', multiplier='100', exchange='SMART', currency='USD') for ('FISV', '20260116', 65.0, 'Put', 0)
2026-01-26 11:45:45,956 [ERROR] utils.quote_manager: [subscribe] All exchanges failed for ('FISV', '20260116', 65.0, 'Put', 0)
2026-01-26 11:45:45,959 [ERROR] utils.quote_manager: [get_quote] ticker is None for ('FISV', '20260116', 65.0, 'Put', 0)
2026-01-26 11:45:45,962 [ERROR] utils.trades: Quote failed for leg 10: unsupported operand type(s) for *: 'NoneType' and 'int'
2026-01-26 11:45:45,965 [INFO] utils.quote_manager: [get_quote] START symbol=FISV, expiry=20260116, strike=70.0, right=Put
2026-01-26 11:45:46,203 [INFO] utils.quote_manager: [get_quote] Request the right market data: session=weekend
2026-01-26 11:45:46,204 [INFO] utils.quote_manager: [subscribe] built contract=Option(symbol='FISV', lastTradeDateOrContractMonth='20260116', strike=70.0, right='Put', multiplier='100', exchange='SMART', currency='USD') for ('FISV', '20260116', 70.0, 'Put', 0)
2026-01-26 11:45:46,875 [ERROR] utils.quote_manager: [subscribe] All exchanges failed for ('FISV', '20260116', 70.0, 'Put', 0)
2026-01-26 11:45:46,877 [ERROR] utils.quote_manager: [get_quote] ticker is None for ('FISV', '20260116', 70.0, 'Put', 0)
2026-01-26 11:45:46,877 [ERROR] utils.trades: Quote failed for leg 9: unsupported operand type(s) for *: 'NoneType' and 'int'
2026-01-26 11:45:46,877 [INFO] utils.quote_manager: [get_quote] START symbol=MA, expiry=20260320, strike=560.0, right=Call
2026-01-26 11:45:47,737 [INFO] utils.quote_manager: [get_quote] Request the right market data: session=weekend
2026-01-26 11:45:47,746 [INFO] utils.quote_manager: [subscribe] built contract=Option(symbol='MA', lastTradeDateOrContractMonth='20260320', strike=560.0, right='Call', multiplier='100', exchange='SMART', currency='USD') for ('MA', '20260320', 560.0, 'Call', 0)
2026-01-26 11:45:49,302 [INFO] utils.quote_manager: [subscribe-get_quote] MA | Price Found: True (7.723687468989272) | Greeks Source: modelGreeks | IV: 0.23327907018555047
2026-01-26 11:45:49,310 [INFO] utils.quote_manager: [subscribe-get_quote] Full data ready for MA
2026-01-26 11:45:49,310 [INFO] utils.quote_manager: [get_quote] START symbol=MA, expiry=20260130, strike=560.0, right=Call
2026-01-26 11:45:50,908 [INFO] utils.quote_manager: [get_quote] Request the right market data: session=weekend
2026-01-26 11:45:50,951 [INFO] utils.quote_manager: [subscribe] built contract=Option(symbol='MA', lastTradeDateOrContractMonth='20260130', strike=560.0, right='Call', multiplier='100', exchange='SMART', currency='USD') for ('MA', '20260130', 560.0, 'Call', 0)
2026-01-26 11:45:56,332 [WARNING] utils.quote_manager: [subscribe_get_quote] TIMEOUT for MA after 5.03s: last=nan, bid=-1.0, ask=-1.0, mg=None
2026-01-26 11:45:56,332 [INFO] utils.quote_manager: [get_quote] START symbol=TSLA, expiry=20260220, strike=440.0, right=Call
2026-01-26 11:45:56,541 [INFO] utils.quote_manager: [get_quote] Request the right market data: session=weekend
2026-01-26 11:45:56,542 [INFO] utils.quote_manager: [subscribe] built contract=Option(symbol='TSLA', lastTradeDateOrContractMonth='20260220', strike=440.0, right='Call', multiplier='100', exchange='SMART', currency='USD') for ('TSLA', '20260220', 440.0, 'Call', 0)
2026-01-26 11:46:01,825 [WARNING] utils.quote_manager: [subscribe_get_quote] TIMEOUT for TSLA after 5.06s: last=nan, bid=-1.0, ask=-1.0, mg=None
2026-01-26 11:46:01,830 [INFO] utils.quote_manager: [get_quote] START symbol=TSLA, expiry=20260220, strike=440.0, right=Call
2026-01-26 11:46:02,347 [INFO] utils.quote_manager: [get_quote] Request the right market data: session=weekend
2026-01-26 11:46:07,359 [WARNING] utils.quote_manager: [subscribe_get_quote] TIMEOUT for TSLA after 5.01s: last=nan, bid=-1.0, ask=-1.0, mg=None
2026-01-26 11:46:07,378 [INFO] utils.quote_manager: [get_quote] START symbol=RKLB, expiry=20260213, strike=75.0, right=Put
2026-01-26 11:46:08,929 [INFO] utils.quote_manager: [get_quote] Request the right market data: session=weekend
2026-01-26 11:46:08,953 [INFO] utils.quote_manager: [subscribe] built contract=Option(symbol='RKLB', lastTradeDateOrContractMonth='20260213', strike=75.0, right='Put', multiplier='100', exchange='SMART', currency='USD') for ('RKLB', '20260213', 75.0, 'Put', 0)
2026-01-26 11:46:10,332 [INFO] utils.quote_manager: [subscribe-get_quote] RKLB | Price Found: True (2.0820489119457752) | Greeks Source: modelGreeks | IV: 0.8952559084348135
2026-01-26 11:46:10,342 [INFO] utils.quote_manager: [subscribe-get_quote] Full data ready for RKLB
2026-01-26 11:46:10,354 [INFO] utils.quote_manager: [get_quote] START symbol=RKLB, expiry=20260213, strike=80.0, right=Put
2026-01-26 11:46:10,713 [INFO] utils.quote_manager: [get_quote] Request the right market data: session=weekend
2026-01-26 11:46:10,714 [INFO] utils.quote_manager: [subscribe] built contract=Option(symbol='RKLB', lastTradeDateOrContractMonth='20260213', strike=80.0, right='Put', multiplier='100', exchange='SMART', currency='USD') for ('RKLB', '20260213', 80.0, 'Put', 0)
2026-01-26 11:46:15,961 [WARNING] utils.quote_manager: [subscribe_get_quote] TIMEOUT for RKLB after 5.01s: last=nan, bid=-1.0, ask=-1.0, mg=None
2026-01-26 11:46:15,962 [INFO] utils.quote_manager: [get_quote] START symbol=NVDA, expiry=20260320, strike=170.0, right=Call
2026-01-26 11:46:16,134 [INFO] utils.quote_manager: [get_quote] Request the right market data: session=weekend
2026-01-26 11:46:16,135 [INFO] utils.quote_manager: [subscribe] built contract=Option(symbol='NVDA', lastTradeDateOrContractMonth='20260320', strike=170.0, right='Call', multiplier='100', exchange='SMART', currency='USD') for ('NVDA', '20260320', 170.0, 'Call', 0)
2026-01-26 11:46:17,337 [INFO] utils.quote_manager: [subscribe-get_quote] NVDA | Price Found: True (24.354095875426868) | Greeks Source: modelGreeks | IV: 0.4601320315188967
2026-01-26 11:46:17,364 [INFO] utils.quote_manager: [subscribe-get_quote] Full data ready for NVDA
2026-01-26 11:46:17,364 [INFO] utils.quote_manager: [get_quote] START symbol=NVDA, expiry=20260130, strike=190.0, right=Call
2026-01-26 11:46:17,566 [INFO] utils.quote_manager: [get_quote] Request the right market data: session=weekend
2026-01-26 11:46:17,568 [INFO] utils.quote_manager: [subscribe] built contract=Option(symbol='NVDA', lastTradeDateOrContractMonth='20260130', strike=190.0, right='Call', multiplier='100', exchange='SMART', currency='USD') for ('NVDA', '20260130', 190.0, 'Call', 0)
2026-01-26 11:46:22,622 [WARNING] utils.quote_manager: [subscribe_get_quote] TIMEOUT for NVDA after 5.03s: last=nan, bid=-1.0, ask=-1.0, mg=None
2026-01-26 11:46:22,624 [DEBUG] utils.trades: DataFrame Row 0 Legs Count: 2
2026-01-26 11:46:22,680 [DEBUG] __main__: get_all_open_positions() took 133.05 seconds
2026-01-26 11:46:22,705 [DEBUG] __main__: Open Flat Trades styling INITIATED
2026-01-26 11:46:23,302 [DEBUG] __main__: Open Flat Trades styling took 0.60 seconds
2026-01-26 11:46:23,323 [INFO] utils.trades: --- SUMMARY ---
2026-01-26 11:46:23,325 [INFO] utils.trades: Initial Baseline: 626.38
2026-01-26 11:46:23,327 [INFO] utils.trades: Total Realized Cash: 626.38
2026-01-26 11:46:23,330 [INFO] utils.trades: Total Unrealized P&L: 0.00
2026-01-26 11:46:23,335 [INFO] utils.trades: Final True P&L: 626.38
2026-01-26 11:46:23,337 [INFO] utils.trades: --- DEBUG END ---

2026-01-26 11:46:23,350 [INFO] utils.trades: LEG ID: 28 | MA 20251024 560.0Call | Qty: -1
2026-01-26 11:46:23,352 [INFO] utils.trades:   > Realized: Entry $998.00 | Exit $-1,330.00 | Comms $1.40 | P&L $-332.00 | Status: Rolled
2026-01-26 11:46:23,357 [INFO] utils.trades:   > CURRENT MARKET VALUE TO LIQUIDATE: (Mark 7.723687468989272) * Qty 1 = 772.37
2026-01-26 11:46:23,361 [INFO] utils.trades: LEG ID: 29 | MA 20260320 560.0Call | Qty: 1
2026-01-26 11:46:23,367 [INFO] utils.trades:   > UNREALIZED: (Mark 7.723687468989272 - Entry 41.04) * Qty 1 = 772.37
2026-01-26 11:46:23,373 [INFO] utils.trades: LEG ID: 30 | MA 20251031 570.0Call | Qty: -1
2026-01-26 11:46:23,379 [INFO] utils.trades:   > Realized: Entry $1,333.00 | Exit $-1,551.00 | Comms $1.41 | P&L $-218.00 | Status: Rolled
2026-01-26 11:46:23,385 [INFO] utils.trades: LEG ID: 31 | MA 20251107 575.0Call | Qty: -1
2026-01-26 11:46:23,389 [INFO] utils.trades:   > Realized: Entry $1,446.00 | Exit $-19.00 | Comms $1.76 | P&L $1,427.00 | Status: Rolled
2026-01-26 11:46:23,390 [INFO] utils.trades: LEG ID: 32 | MA 20251114 560.0Call | Qty: -1
2026-01-26 11:46:23,395 [INFO] utils.trades:   > Realized: Entry $247.00 | Exit $-453.00 | Comms $2.10 | P&L $-206.00 | Status: Rolled
2026-01-26 11:46:23,397 [INFO] utils.trades: LEG ID: 33 | MA 20251121 565.0Call | Qty: -1
2026-01-26 11:46:23,404 [INFO] utils.trades:   > Realized: Entry $549.00 | Exit $-12.00 | Comms $2.10 | P&L $537.00 | Status: Rolled
2026-01-26 11:46:23,413 [INFO] utils.trades: LEG ID: 34 | MA 20251205 565.0Call | Qty: -1
2026-01-26 11:46:23,420 [INFO] utils.trades:   > Realized: Entry $217.00 | Exit $-15.00 | Comms $1.71 | P&L $202.00 | Status: Rolled
2026-01-26 11:46:23,428 [INFO] utils.trades: LEG ID: 35 | MA 20251212 562.5Call | Qty: -1
2026-01-26 11:46:23,429 [INFO] utils.trades:   > Realized: Entry $208.00 | Exit $-180.00 | Comms $1.68 | P&L $28.00 | Status: Rolled
2026-01-26 11:46:23,438 [INFO] utils.trades: LEG ID: 36 | MA 20251219 565.0Call | Qty: -1
2026-01-26 11:46:23,444 [INFO] utils.trades:   > Realized: Entry $420.00 | Exit $-1,010.00 | Comms $1.69 | P&L $-590.00 | Status: Rolled
2026-01-26 11:46:23,447 [INFO] utils.trades: LEG ID: 37 | MA 20251226 570.0Call | Qty: -1
2026-01-26 11:46:23,449 [INFO] utils.trades:   > Realized: Entry $859.00 | Exit $-996.00 | Comms $1.70 | P&L $-137.00 | Status: Rolled
2026-01-26 11:46:23,454 [INFO] utils.trades: LEG ID: 38 | MA 20260109 580.0Call | Qty: -1
2026-01-26 11:46:23,457 [INFO] utils.trades:   > Realized: Entry $700.00 | Exit $-411.00 | Comms $2.07 | P&L $289.00 | Status: Rolled
2026-01-26 11:46:23,473 [INFO] utils.trades: LEG ID: 39 | MA 20260116 587.5Call | Qty: -1
2026-01-26 11:46:23,497 [INFO] utils.trades:   > Realized: Entry $390.00 | Exit $-20.00 | Comms $2.10 | P&L $370.00 | Status: Rolled
2026-01-26 11:46:23,528 [INFO] utils.trades: LEG ID: 40 | MA 20260116 560.5Call | Qty: -1
2026-01-26 11:46:23,557 [INFO] utils.trades:   > Realized: Entry $135.00 | Exit $-9.00 | Comms $1.75 | P&L $126.00 | Status: Rolled
2026-01-26 11:46:23,589 [INFO] utils.trades: LEG ID: 41 | MA 20260123 560.0Call | Qty: -1
2026-01-26 11:46:23,622 [INFO] utils.trades:   > Realized: Entry $93.00 | Exit $-27.00 | Comms $1.75 | P&L $66.00 | Status: Rolled
2026-01-26 11:46:23,635 [INFO] utils.trades:   > CURRENT MARKET VALUE TO LIQUIDATE: (Mark 2.03) * Qty -1 = -203.00
2026-01-26 11:46:23,673 [INFO] utils.trades: LEG ID: 75 | MA 20260130 560.0Call | Qty: -1
2026-01-26 11:46:23,697 [INFO] utils.trades:   > UNREALIZED: (Mark 2.03 - Entry 1.44) * Qty -1 = -203.00
2026-01-26 11:46:23,702 [INFO] utils.trades: --- SUMMARY ---
2026-01-26 11:46:23,706 [INFO] utils.trades: Initial Baseline: -3,107.40
2026-01-26 11:46:23,715 [INFO] utils.trades: Total Realized Cash: -2,422.97
2026-01-26 11:46:23,719 [INFO] utils.trades: Total Unrealized P&L: 569.37
2026-01-26 11:46:23,721 [INFO] utils.trades: Final True P&L: -1,853.60
2026-01-26 11:46:23,721 [INFO] utils.trades: --- DEBUG END ---

2026-01-26 11:46:23,776 [INFO] utils.trades: LEG ID: 42 | TSLA 20251031 440.0Call | Qty: -1
2026-01-26 11:46:23,782 [INFO] utils.trades:   > Realized: Entry $1,210.00 | Exit $-2,532.00 | Comms $1.40 | P&L $-1,322.00 | Status: Rolled
2026-01-26 11:46:23,785 [INFO] utils.trades:   > CURRENT MARKET VALUE TO LIQUIDATE: (Mark 29.18) * Qty 1 = 2,918.00
2026-01-26 11:46:23,789 [INFO] utils.trades: LEG ID: 43 | TSLA 20260220 440.0Call | Qty: 1
2026-01-26 11:46:23,790 [INFO] utils.trades:   > UNREALIZED: (Mark 29.18 - Entry 56.74) * Qty 1 = 2,918.00
2026-01-26 11:46:23,795 [INFO] utils.trades: LEG ID: 44 | TSLA 20251107 450.0Call | Qty: -1
2026-01-26 11:46:23,801 [INFO] utils.trades:   > Realized: Entry $2,507.00 | Exit $-2,480.00 | Comms $1.41 | P&L $27.00 | Status: Rolled
2026-01-26 11:46:23,805 [INFO] utils.trades: LEG ID: 45 | TSLA 20251121 467.5Call | Qty: -1
2026-01-26 11:46:23,808 [INFO] utils.trades:   > Realized: Entry $2,525.00 | Exit $-12.00 | Comms $1.41 | P&L $2,513.00 | Status: Rolled
2026-01-26 11:46:23,814 [INFO] utils.trades: LEG ID: 46 | TSLA 20251128 440.0Call | Qty: -1
2026-01-26 11:46:23,815 [INFO] utils.trades:   > Realized: Entry $268.00 | Exit $-43.00 | Comms $1.40 | P&L $225.00 | Status: Rolled
2026-01-26 11:46:23,817 [INFO] utils.trades: LEG ID: 47 | TSLA 20251205 440.0Call | Qty: -1
2026-01-26 11:46:23,820 [INFO] utils.trades:   > Realized: Entry $388.00 | Exit $-618.00 | Comms $1.36 | P&L $-230.00 | Status: Rolled
2026-01-26 11:46:23,821 [INFO] utils.trades: LEG ID: 48 | TSLA 20251212 455.0Call | Qty: -1
2026-01-26 11:46:23,823 [INFO] utils.trades:   > Realized: Entry $663.00 | Exit $-128.00 | Comms $1.69 | P&L $535.00 | Status: Rolled
2026-01-26 11:46:23,825 [INFO] utils.trades: LEG ID: 49 | TSLA 20251219 455.0Call | Qty: -1
2026-01-26 11:46:23,832 [INFO] utils.trades:   > Realized: Entry $713.00 | Exit $-2,520.00 | Comms $1.69 | P&L $-1,807.00 | Status: Rolled
2026-01-26 11:46:23,835 [INFO] utils.trades: LEG ID: 50 | TSLA 20260102 470.0Call | Qty: -1
2026-01-26 11:46:23,837 [INFO] utils.trades:   > Realized: Entry $2,417.00 | Exit $-2.00 | Comms $1.73 | P&L $2,415.00 | Status: Rolled
2026-01-26 11:46:23,839 [INFO] utils.trades: LEG ID: 51 | TSLA 20260109 470.0Call | Qty: -1
2026-01-26 11:46:23,840 [INFO] utils.trades:   > Realized: Entry $238.00 | Exit $-22.00 | Comms $2.10 | P&L $216.00 | Status: Rolled
2026-01-26 11:46:23,841 [INFO] utils.trades: LEG ID: 52 | TSLA 20260116 470.0Call | Qty: -1
2026-01-26 11:46:23,845 [INFO] utils.trades:   > Realized: Entry $208.00 | Exit $-23.00 | Comms $2.60 | P&L $185.00 | Status: Rolled
2026-01-26 11:46:23,847 [INFO] utils.trades: LEG ID: 53 | TSLA 20260116 455.0Call | Qty: -1
2026-01-26 11:46:23,849 [INFO] utils.trades:   > Realized: Entry $109.00 | Exit $-32.00 | Comms $2.14 | P&L $77.00 | Status: Rolled
2026-01-26 11:46:23,850 [INFO] utils.trades: LEG ID: 54 | TSLA 20260123 462.5Call | Qty: -1
2026-01-26 11:46:23,850 [INFO] utils.trades:   > Realized: Entry $272.00 | Exit $-10.00 | Comms $1.40 | P&L $262.00 | Status: Rolled
2026-01-26 11:46:23,852 [INFO] utils.trades: LEG ID: 74 | TSLA 20260123 442.5Call | Qty: -1
2026-01-26 11:46:23,853 [INFO] utils.trades:   > Realized: Entry $220.00 | Exit $-550.00 | Comms $1.40 | P&L $-330.00 | Status: Rolled
2026-01-26 11:46:23,855 [INFO] utils.trades:   > CURRENT MARKET VALUE TO LIQUIDATE: (Mark 29.18) * Qty -1 = -2,918.00
2026-01-26 11:46:23,856 [INFO] utils.trades: LEG ID: 77 | TSLA 20260220 440.0Call | Qty: -1
2026-01-26 11:46:23,856 [INFO] utils.trades:   > UNREALIZED: (Mark 29.18 - Entry 27.25) * Qty -1 = -2,918.00
2026-01-26 11:46:23,857 [INFO] utils.trades: --- SUMMARY ---
2026-01-26 11:46:23,857 [INFO] utils.trades: Initial Baseline: -4,465.40
2026-01-26 11:46:23,857 [INFO] utils.trades: Total Realized Cash: -206.13
2026-01-26 11:46:23,858 [INFO] utils.trades: Total Unrealized P&L: 0.00
2026-01-26 11:46:23,858 [INFO] utils.trades: Final True P&L: -206.13
2026-01-26 11:46:23,861 [INFO] utils.trades: --- DEBUG END ---

2026-01-26 11:46:23,874 [INFO] utils.trades:   > CURRENT MARKET VALUE TO LIQUIDATE: (Mark 4.02) * Qty -4 = -1,608.00
2026-01-26 11:46:23,883 [INFO] utils.trades: LEG ID: 55 | RKLB 20260213 80.0Put | Qty: -4
2026-01-26 11:46:23,885 [INFO] utils.trades:   > UNREALIZED: (Mark 4.02 - Entry 4.93) * Qty -4 = -1,608.00
2026-01-26 11:46:23,886 [INFO] utils.trades:   > CURRENT MARKET VALUE TO LIQUIDATE: (Mark 2.0820489119457752) * Qty 4 = 832.82
2026-01-26 11:46:23,887 [INFO] utils.trades: LEG ID: 56 | RKLB 20260213 75.0Put | Qty: 4
2026-01-26 11:46:23,888 [INFO] utils.trades:   > UNREALIZED: (Mark 2.0820489119457752 - Entry 3.13) * Qty 4 = 832.82
2026-01-26 11:46:23,888 [INFO] utils.trades: --- SUMMARY ---
2026-01-26 11:46:23,888 [INFO] utils.trades: Initial Baseline: 717.50
2026-01-26 11:46:23,889 [INFO] utils.trades: Total Realized Cash: 717.50
2026-01-26 11:46:23,889 [INFO] utils.trades: Total Unrealized P&L: -775.18
2026-01-26 11:46:23,889 [INFO] utils.trades: Final True P&L: -57.68
2026-01-26 11:46:23,889 [INFO] utils.trades: --- DEBUG END ---

2026-01-26 11:46:23,916 [INFO] utils.trades: LEG ID: 57 | NVDA 20250919 170.0Call | Qty: -1
2026-01-26 11:46:23,917 [INFO] utils.trades:   > Realized: Entry $416.00 | Exit $-632.00 | Comms $2.04 | P&L $-216.00 | Status: Rolled
2026-01-26 11:46:23,918 [INFO] utils.trades:   > CURRENT MARKET VALUE TO LIQUIDATE: (Mark 24.354095875426868) * Qty 1 = 2,435.41
2026-01-26 11:46:23,919 [INFO] utils.trades: LEG ID: 58 | NVDA 20260320 170.0Call | Qty: 1
2026-01-26 11:46:23,920 [INFO] utils.trades:   > UNREALIZED: (Mark 24.354095875426868 - Entry 21.19) * Qty 1 = 2,435.41
2026-01-26 11:46:23,922 [INFO] utils.trades: LEG ID: 59 | NVDA 20251003 175.0Call | Qty: -1
2026-01-26 11:46:23,924 [INFO] utils.trades:   > Realized: Entry $542.00 | Exit $-774.00 | Comms $1.70 | P&L $-232.00 | Status: Rolled
2026-01-26 11:46:23,925 [INFO] utils.trades: LEG ID: 60 | NVDA 20251010 177.5Call | Qty: -1
2026-01-26 11:46:23,925 [INFO] utils.trades:   > Realized: Entry $737.00 | Exit $-1,072.00 | Comms $1.41 | P&L $-335.00 | Status: Rolled
2026-01-26 11:46:23,926 [INFO] utils.trades: LEG ID: 61 | NVDA 20251031 185.0Call | Qty: -1
2026-01-26 11:46:23,930 [INFO] utils.trades:   > Realized: Entry $937.00 | Exit $-1,417.00 | Comms $1.40 | P&L $-480.00 | Status: Rolled
2026-01-26 11:46:23,931 [INFO] utils.trades: LEG ID: 62 | NVDA 20251107 190.0Call | Qty: -1
2026-01-26 11:46:23,932 [INFO] utils.trades:   > Realized: Entry $1,182.00 | Exit $-2,078.00 | Comms $1.75 | P&L $-896.00 | Status: Rolled
2026-01-26 11:46:23,932 [INFO] utils.trades: LEG ID: 63 | NVDA 20251121 200.0Call | Qty: -1
2026-01-26 11:46:23,932 [INFO] utils.trades:   > Realized: Entry $1,676.00 | Exit $-2.00 | Comms $2.10 | P&L $1,674.00 | Status: Rolled
2026-01-26 11:46:23,933 [INFO] utils.trades: LEG ID: 64 | NVDA 20251128 190.0Call | Qty: -1
2026-01-26 11:46:23,936 [INFO] utils.trades:   > Realized: Entry $156.00 | Exit $-10.00 | Comms $2.04 | P&L $146.00 | Status: Rolled
2026-01-26 11:46:23,937 [INFO] utils.trades: LEG ID: 65 | NVDA 20251128 175.0Call | Qty: -1
2026-01-26 11:46:23,937 [INFO] utils.trades:   > Realized: Entry $203.00 | Exit $-660.00 | Comms $1.69 | P&L $-457.00 | Status: Rolled
2026-01-26 11:46:23,938 [INFO] utils.trades: LEG ID: 66 | NVDA 20251205 180.0Call | Qty: -1
2026-01-26 11:46:23,938 [INFO] utils.trades:   > Realized: Entry $550.00 | Exit $-614.00 | Comms $1.37 | P&L $-64.00 | Status: Rolled
2026-01-26 11:46:23,939 [INFO] utils.trades: LEG ID: 67 | NVDA 20251219 187.0Call | Qty: -1
2026-01-26 11:46:23,940 [INFO] utils.trades:   > Realized: Entry $559.00 | Exit $-7.00 | Comms $1.88 | P&L $552.00 | Status: Rolled
2026-01-26 11:46:23,941 [INFO] utils.trades: LEG ID: 68 | NVDA 20251226 185.0Call | Qty: -1
2026-01-26 11:46:23,941 [INFO] utils.trades:   > Realized: Entry $58.00 | Exit $-571.00 | Comms $1.89 | P&L $-513.00 | Status: Rolled
2026-01-26 11:46:23,942 [INFO] utils.trades: LEG ID: 69 | NVDA 20260102 190.0Call | Qty: -1
2026-01-26 11:46:23,943 [INFO] utils.trades:   > Realized: Entry $336.00 | Exit $-94.00 | Comms $1.73 | P&L $242.00 | Status: Rolled
2026-01-26 11:46:23,946 [INFO] utils.trades: LEG ID: 70 | NVDA 20260109 192.5Call | Qty: -1
2026-01-26 11:46:23,947 [INFO] utils.trades:   > Realized: Entry $240.00 | Exit $-110.00 | Comms $2.10 | P&L $130.00 | Status: Rolled
2026-01-26 11:46:23,948 [INFO] utils.trades: LEG ID: 71 | NVDA 20260116 195.0Call | Qty: -1
2026-01-26 11:46:23,948 [INFO] utils.trades:   > Realized: Entry $211.00 | Exit $-24.00 | Comms $1.75 | P&L $187.00 | Status: Rolled
2026-01-26 11:46:23,949 [INFO] utils.trades: LEG ID: 72 | NVDA 20260123 195.0Call | Qty: -1
2026-01-26 11:46:23,949 [INFO] utils.trades:   > Realized: Entry $86.00 | Exit $-4.00 | Comms $1.75 | P&L $82.00 | Status: Rolled
2026-01-26 11:46:23,949 [INFO] utils.trades: LEG ID: 73 | NVDA 20260123 185.0Call | Qty: -1
2026-01-26 11:46:23,950 [INFO] utils.trades:   > Realized: Entry $60.00 | Exit $-280.00 | Comms $2.10 | P&L $-220.00 | Status: Rolled
2026-01-26 11:46:23,950 [INFO] utils.trades:   > CURRENT MARKET VALUE TO LIQUIDATE: (Mark 1.96) * Qty -1 = -196.00
2026-01-26 11:46:23,950 [INFO] utils.trades: LEG ID: 76 | NVDA 20260130 190.0Call | Qty: -1
2026-01-26 11:46:23,950 [INFO] utils.trades:   > UNREALIZED: (Mark 1.96 - Entry 2.9) * Qty -1 = -196.00
2026-01-26 11:46:23,951 [INFO] utils.trades: --- SUMMARY ---
2026-01-26 11:46:23,951 [INFO] utils.trades: Initial Baseline: -1,705.10
2026-01-26 11:46:23,951 [INFO] utils.trades: Total Realized Cash: -2,259.80
2026-01-26 11:46:23,951 [INFO] utils.trades: Total Unrealized P&L: 2,239.41
2026-01-26 11:46:23,951 [INFO] utils.trades: Final True P&L: -20.39
2026-01-26 11:46:23,952 [INFO] utils.trades: --- DEBUG END ---

2026-01-26 11:54:53,060 [DEBUG] __main__: Starting Closed Trades page
2026-01-26 11:54:53,322 [DEBUG] __main__: fetch_trades() INITIATED
2026-01-26 11:54:53,332 [DEBUG] __main__: fetch_trades() took 0.01 seconds
2026-01-26 11:54:53,333 [DEBUG] __main__: trades_to_df() INITIATED
2026-01-26 11:54:53,374 [DEBUG] __main__: trades_to_df() took 0.04 seconds
2026-01-26 11:54:53,374 [DEBUG] __main__: load_closed_trades() INITIATED
2026-01-26 11:54:53,391 [DEBUG] __main__: load_closed_trades() took 0.02 seconds
2026-01-26 11:54:53,393 [DEBUG] __main__: closed_df styling INITIATED
2026-01-26 11:54:53,425 [DEBUG] __main__: closed_df styling took 0.03 seconds
2026-01-26 11:54:53,434 [INFO] utils.trades: LEG ID: 20 | COST 20251031 935.0Call | Qty: -1
2026-01-26 11:54:53,434 [INFO] utils.trades:   > Realized: Entry $1,289.00 | Exit $-2,142.00 | Comms $1.40 | P&L $-853.00 | Status: Rolled
2026-01-26 11:54:53,435 [INFO] utils.trades: LEG ID: 21 | COST 20260116 935.0Call | Qty: 1
2026-01-26 11:54:53,435 [INFO] utils.trades:   > Realized: Entry $-4,672.00 | Exit $2,237.00 | Comms $1.50 | P&L $-2,435.00 | Status: Closed
2026-01-26 11:54:53,435 [INFO] utils.trades: LEG ID: 22 | COST 20251114 950.0Call | Qty: -1
2026-01-26 11:54:53,435 [INFO] utils.trades:   > Realized: Entry $2,037.00 | Exit $-14.00 | Comms $1.75 | P&L $2,023.00 | Status: Rolled
2026-01-26 11:54:53,436 [INFO] utils.trades: LEG ID: 23 | COST 20251121 940.0Call | Qty: -1
2026-01-26 11:54:53,436 [INFO] utils.trades:   > Realized: Entry $427.00 | Exit $-3.00 | Comms $2.10 | P&L $424.00 | Status: Rolled
2026-01-26 11:54:53,436 [INFO] utils.trades: LEG ID: 24 | COST 20251128 940.0Call | Qty: -1
2026-01-26 11:54:53,436 [INFO] utils.trades:   > Realized: Entry $139.00 | Exit $-6.00 | Comms $2.10 | P&L $133.00 | Status: Rolled
2026-01-26 11:54:53,437 [INFO] utils.trades: LEG ID: 25 | COST 20251205 940.0Call | Qty: -1
2026-01-26 11:54:53,437 [INFO] utils.trades:   > Realized: Entry $111.00 | Exit $-8.00 | Comms $2.07 | P&L $103.00 | Status: Rolled
2026-01-26 11:54:53,437 [INFO] utils.trades: LEG ID: 26 | COST 20251212 940.0Call | Qty: -1
2026-01-26 11:54:53,437 [INFO] utils.trades:   > Realized: Entry $553.00 | Exit $-4.00 | Comms $1.70 | P&L $549.00 | Status: Rolled
2026-01-26 11:54:53,437 [INFO] utils.trades: LEG ID: 27 | COST 20260102 945.0Call | Qty: -1
2026-01-26 11:54:53,437 [INFO] utils.trades:   > Realized: Entry $137.00 | Exit $-0.00 | Comms $0.67 | P&L $137.00 | Status: Rolled
2026-01-26 11:54:53,438 [INFO] utils.trades: --- SUMMARY ---
2026-01-26 11:54:53,438 [INFO] utils.trades: Initial Baseline: -3,384.40
2026-01-26 11:54:53,438 [INFO] utils.trades: Total Realized Cash: 67.71
2026-01-26 11:54:53,438 [INFO] utils.trades: Total Unrealized P&L: 0.00
2026-01-26 11:54:53,438 [INFO] utils.trades: Final True P&L: 67.71
2026-01-26 11:54:53,438 [INFO] utils.trades: --- DEBUG END ---

2026-01-26 11:55:14,684 [DEBUG] __main__: Starting Closed Trades page
2026-01-26 11:55:14,907 [DEBUG] __main__: fetch_trades() INITIATED
2026-01-26 11:55:14,911 [DEBUG] __main__: fetch_trades() took 0.00 seconds
2026-01-26 11:55:14,912 [DEBUG] __main__: trades_to_df() INITIATED
2026-01-26 11:55:14,977 [DEBUG] __main__: trades_to_df() took 0.06 seconds
2026-01-26 11:55:14,978 [DEBUG] __main__: load_closed_trades() INITIATED
2026-01-26 11:55:14,984 [DEBUG] __main__: load_closed_trades() took 0.01 seconds
2026-01-26 11:55:14,990 [DEBUG] __main__: closed_df styling INITIATED
2026-01-26 11:55:15,035 [DEBUG] __main__: closed_df styling took 0.04 seconds
2026-01-26 11:55:15,043 [INFO] utils.trades: LEG ID: 20 | COST 20251031 935.0Call | Qty: -1
2026-01-26 11:55:15,044 [INFO] utils.trades:   > Realized: Entry $1,289.00 | Exit $-2,142.00 | Comms $1.40 | P&L $-853.00 | Status: Rolled
2026-01-26 11:55:15,049 [INFO] utils.trades: LEG ID: 21 | COST 20260116 935.0Call | Qty: 1
2026-01-26 11:55:15,051 [INFO] utils.trades:   > Realized: Entry $-4,672.00 | Exit $2,237.00 | Comms $1.50 | P&L $-2,435.00 | Status: Closed
2026-01-26 11:55:15,052 [INFO] utils.trades: LEG ID: 22 | COST 20251114 950.0Call | Qty: -1
2026-01-26 11:55:15,066 [INFO] utils.trades:   > Realized: Entry $2,037.00 | Exit $-14.00 | Comms $1.75 | P&L $2,023.00 | Status: Rolled
2026-01-26 11:55:15,068 [INFO] utils.trades: LEG ID: 23 | COST 20251121 940.0Call | Qty: -1
2026-01-26 11:55:15,069 [INFO] utils.trades:   > Realized: Entry $427.00 | Exit $-3.00 | Comms $2.10 | P&L $424.00 | Status: Rolled
2026-01-26 11:55:15,072 [INFO] utils.trades: LEG ID: 24 | COST 20251128 940.0Call | Qty: -1
2026-01-26 11:55:15,075 [INFO] utils.trades:   > Realized: Entry $139.00 | Exit $-6.00 | Comms $2.10 | P&L $133.00 | Status: Rolled
2026-01-26 11:55:15,076 [INFO] utils.trades: LEG ID: 25 | COST 20251205 940.0Call | Qty: -1
2026-01-26 11:55:15,077 [INFO] utils.trades:   > Realized: Entry $111.00 | Exit $-8.00 | Comms $2.07 | P&L $103.00 | Status: Rolled
2026-01-26 11:55:15,085 [INFO] utils.trades: LEG ID: 26 | COST 20251212 940.0Call | Qty: -1
2026-01-26 11:55:15,086 [INFO] utils.trades:   > Realized: Entry $553.00 | Exit $-4.00 | Comms $1.70 | P&L $549.00 | Status: Rolled
2026-01-26 11:55:15,087 [INFO] utils.trades: LEG ID: 27 | COST 20260102 945.0Call | Qty: -1
2026-01-26 11:55:15,087 [INFO] utils.trades:   > Realized: Entry $137.00 | Exit $-0.00 | Comms $0.67 | P&L $137.00 | Status: Rolled
2026-01-26 11:55:15,090 [INFO] utils.trades: --- SUMMARY ---
2026-01-26 11:55:15,091 [INFO] utils.trades: Initial Baseline: -3,384.40
2026-01-26 11:55:15,091 [INFO] utils.trades: Total Realized Cash: 67.71
2026-01-26 11:55:15,091 [INFO] utils.trades: Total Unrealized P&L: 0.00
2026-01-26 11:55:15,092 [INFO] utils.trades: Final True P&L: 67.71
2026-01-26 11:55:15,092 [INFO] utils.trades: --- DEBUG END ---

2026-01-26 11:55:15,099 [INFO] utils.trades: LEG ID: 13 | SNDK 20260123 350.0Put | Qty: -3
2026-01-26 11:55:15,099 [INFO] utils.trades:   > Realized: Entry $3,621.00 | Exit $-0.00 | Comms $0.28 | P&L $3,621.00 | Status: Closed
2026-01-26 11:55:15,100 [INFO] utils.trades: LEG ID: 14 | SNDK 20260123 340.0Put | Qty: 3
2026-01-26 11:55:15,100 [INFO] utils.trades:   > Realized: Entry $-2,781.00 | Exit $0.00 | Comms $0.28 | P&L $-2,781.00 | Status: Closed
2026-01-26 11:55:15,100 [INFO] utils.trades: --- SUMMARY ---
2026-01-26 11:55:15,100 [INFO] utils.trades: Initial Baseline: 839.44
2026-01-26 11:55:15,100 [INFO] utils.trades: Total Realized Cash: 839.44
2026-01-26 11:55:15,101 [INFO] utils.trades: Total Unrealized P&L: 0.00
2026-01-26 11:55:15,101 [INFO] utils.trades: Final True P&L: 839.44
2026-01-26 11:55:15,101 [INFO] utils.trades: --- DEBUG END ---

2026-01-26 11:55:15,118 [INFO] utils.trades: LEG ID: 11 | AMZN 20251128 220.0Call | Qty: -2
2026-01-26 11:55:15,119 [INFO] utils.trades:   > Realized: Entry $1,038.00 | Exit $-1,740.00 | Comms $1.60 | P&L $-702.00 | Status: Rolled
2026-01-26 11:55:15,119 [INFO] utils.trades: LEG ID: 12 | AMZN 20260320 220.0Call | Qty: 2
2026-01-26 11:55:15,120 [INFO] utils.trades:   > Realized: Entry $-4,188.00 | Exit $5,024.00 | Comms $1.52 | P&L $836.00 | Status: Closed
2026-01-26 11:55:15,120 [INFO] utils.trades: LEG ID: 15 | AMZN 20251205 227.5Call | Qty: -2
2026-01-26 11:55:15,121 [INFO] utils.trades:   > Realized: Entry $1,114.00 | Exit $-648.00 | Comms $1.45 | P&L $466.00 | Status: Rolled
2026-01-26 11:55:15,121 [INFO] utils.trades: LEG ID: 16 | AMZN 20251219 232.5Call | Qty: -2
2026-01-26 11:55:15,121 [INFO] utils.trades:   > Realized: Entry $892.00 | Exit $-4.00 | Comms $1.32 | P&L $888.00 | Status: Rolled
2026-01-26 11:55:15,121 [INFO] utils.trades: LEG ID: 17 | AMZN 20260102 235.0Call | Qty: -2
2026-01-26 11:55:15,122 [INFO] utils.trades:   > Realized: Entry $246.00 | Exit $-72.00 | Comms $1.67 | P&L $174.00 | Status: Rolled
2026-01-26 11:55:15,122 [INFO] utils.trades: LEG ID: 18 | AMZN 20260109 235.0Call | Qty: -2
2026-01-26 11:55:15,122 [INFO] utils.trades:   > Realized: Entry $422.00 | Exit $-1,960.00 | Comms $2.38 | P&L $-1,538.00 | Status: Rolled
2026-01-26 11:55:15,122 [INFO] utils.trades: LEG ID: 19 | AMZN 20260116 240.0Call | Qty: -2
2026-01-26 11:55:15,122 [INFO] utils.trades:   > Realized: Entry $1,420.00 | Exit $-56.00 | Comms $2.12 | P&L $1,364.00 | Status: Closed
2026-01-26 11:55:15,124 [INFO] utils.trades: --- SUMMARY ---
2026-01-26 11:55:15,124 [INFO] utils.trades: Initial Baseline: -3,151.61
2026-01-26 11:55:15,124 [INFO] utils.trades: Total Realized Cash: 1,475.94
2026-01-26 11:55:15,124 [INFO] utils.trades: Total Unrealized P&L: 0.00
2026-01-26 11:55:15,124 [INFO] utils.trades: Final True P&L: 1,475.94
2026-01-26 11:55:15,125 [INFO] utils.trades: --- DEBUG END ---

2026-01-26 11:55:15,131 [INFO] utils.trades: LEG ID: 7 | CRWD 20260123 455.0Put | Qty: -4
2026-01-26 11:55:15,132 [INFO] utils.trades:   > Realized: Entry $3,664.00 | Exit $-836.00 | Comms $4.14 | P&L $2,828.00 | Status: Closed
2026-01-26 11:55:15,132 [INFO] utils.trades: LEG ID: 8 | CRWD 20260123 445.0Put | Qty: 4
2026-01-26 11:55:15,133 [INFO] utils.trades:   > Realized: Entry $-2,740.00 | Exit $104.00 | Comms $4.13 | P&L $-2,636.00 | Status: Closed
2026-01-26 11:55:15,133 [INFO] utils.trades: --- SUMMARY ---
2026-01-26 11:55:15,133 [INFO] utils.trades: Initial Baseline: 921.35
2026-01-26 11:55:15,133 [INFO] utils.trades: Total Realized Cash: 183.73
2026-01-26 11:55:15,134 [INFO] utils.trades: Total Unrealized P&L: 0.00
2026-01-26 11:55:15,134 [INFO] utils.trades: Final True P&L: 183.73
2026-01-26 11:55:15,134 [INFO] utils.trades: --- DEBUG END ---

2026-01-26 11:56:31,562 [DEBUG] __main__: Starting Closed Trades page
2026-01-26 11:56:31,791 [DEBUG] __main__: fetch_trades() INITIATED
2026-01-26 11:56:31,839 [DEBUG] __main__: fetch_trades() took 0.05 seconds
2026-01-26 11:56:31,840 [DEBUG] __main__: trades_to_df() INITIATED
2026-01-26 11:56:31,884 [DEBUG] __main__: trades_to_df() took 0.04 seconds
2026-01-26 11:56:31,885 [DEBUG] __main__: load_closed_trades() INITIATED
2026-01-26 11:56:31,909 [DEBUG] __main__: load_closed_trades() took 0.02 seconds
2026-01-26 11:56:31,913 [DEBUG] __main__: closed_df styling INITIATED
2026-01-26 11:56:31,955 [DEBUG] __main__: closed_df styling took 0.04 seconds
2026-01-26 11:56:31,962 [INFO] utils.trades: LEG ID: 20 | COST 20251031 935.0Call | Qty: -1
2026-01-26 11:56:31,962 [INFO] utils.trades:   > Realized: Entry $1,289.00 | Exit $-2,142.00 | Comms $1.40 | P&L $-853.00 | Status: Rolled
2026-01-26 11:56:31,962 [INFO] utils.trades: LEG ID: 21 | COST 20260116 935.0Call | Qty: 1
2026-01-26 11:56:31,963 [INFO] utils.trades:   > Realized: Entry $-4,672.00 | Exit $2,237.00 | Comms $1.50 | P&L $-2,435.00 | Status: Closed
2026-01-26 11:56:31,963 [INFO] utils.trades: LEG ID: 22 | COST 20251114 950.0Call | Qty: -1
2026-01-26 11:56:31,963 [INFO] utils.trades:   > Realized: Entry $2,037.00 | Exit $-14.00 | Comms $1.75 | P&L $2,023.00 | Status: Rolled
2026-01-26 11:56:31,964 [INFO] utils.trades: LEG ID: 23 | COST 20251121 940.0Call | Qty: -1
2026-01-26 11:56:31,964 [INFO] utils.trades:   > Realized: Entry $427.00 | Exit $-3.00 | Comms $2.10 | P&L $424.00 | Status: Rolled
2026-01-26 11:56:31,965 [INFO] utils.trades: LEG ID: 24 | COST 20251128 940.0Call | Qty: -1
2026-01-26 11:56:31,965 [INFO] utils.trades:   > Realized: Entry $139.00 | Exit $-6.00 | Comms $2.10 | P&L $133.00 | Status: Rolled
2026-01-26 11:56:31,965 [INFO] utils.trades: LEG ID: 25 | COST 20251205 940.0Call | Qty: -1
2026-01-26 11:56:31,965 [INFO] utils.trades:   > Realized: Entry $111.00 | Exit $-8.00 | Comms $2.07 | P&L $103.00 | Status: Rolled
2026-01-26 11:56:31,965 [INFO] utils.trades: LEG ID: 26 | COST 20251212 940.0Call | Qty: -1
2026-01-26 11:56:31,966 [INFO] utils.trades:   > Realized: Entry $553.00 | Exit $-4.00 | Comms $1.70 | P&L $549.00 | Status: Rolled
2026-01-26 11:56:31,966 [INFO] utils.trades: LEG ID: 27 | COST 20260102 945.0Call | Qty: -1
2026-01-26 11:56:31,966 [INFO] utils.trades:   > Realized: Entry $137.00 | Exit $-0.00 | Comms $0.67 | P&L $137.00 | Status: Rolled
2026-01-26 11:56:31,966 [INFO] utils.trades: --- SUMMARY ---
2026-01-26 11:56:31,966 [INFO] utils.trades: Initial Baseline: -3,384.40
2026-01-26 11:56:31,966 [INFO] utils.trades: Total Realized Cash: 67.71
2026-01-26 11:56:31,967 [INFO] utils.trades: Total Unrealized P&L: 0.00
2026-01-26 11:56:31,967 [INFO] utils.trades: Final True P&L: 67.71
2026-01-26 11:56:31,967 [INFO] utils.trades: --- DEBUG END ---

2026-01-26 11:56:31,977 [INFO] utils.trades: LEG ID: 13 | SNDK 20260123 350.0Put | Qty: -3
2026-01-26 11:56:31,978 [INFO] utils.trades:   > Realized: Entry $3,621.00 | Exit $-0.00 | Comms $0.28 | P&L $3,621.00 | Status: Closed
2026-01-26 11:56:31,978 [INFO] utils.trades: LEG ID: 14 | SNDK 20260123 340.0Put | Qty: 3
2026-01-26 11:56:31,978 [INFO] utils.trades:   > Realized: Entry $-2,781.00 | Exit $0.00 | Comms $0.28 | P&L $-2,781.00 | Status: Closed
2026-01-26 11:56:31,979 [INFO] utils.trades: --- SUMMARY ---
2026-01-26 11:56:31,979 [INFO] utils.trades: Initial Baseline: 839.44
2026-01-26 11:56:31,979 [INFO] utils.trades: Total Realized Cash: 839.44
2026-01-26 11:56:31,979 [INFO] utils.trades: Total Unrealized P&L: 0.00
2026-01-26 11:56:31,979 [INFO] utils.trades: Final True P&L: 839.44
2026-01-26 11:56:31,980 [INFO] utils.trades: --- DEBUG END ---

2026-01-26 11:56:31,987 [INFO] utils.trades: LEG ID: 11 | AMZN 20251128 220.0Call | Qty: -2
2026-01-26 11:56:31,988 [INFO] utils.trades:   > Realized: Entry $1,038.00 | Exit $-1,740.00 | Comms $1.60 | P&L $-702.00 | Status: Rolled
2026-01-26 11:56:31,988 [INFO] utils.trades: LEG ID: 12 | AMZN 20260320 220.0Call | Qty: 2
2026-01-26 11:56:31,989 [INFO] utils.trades:   > Realized: Entry $-4,188.00 | Exit $5,024.00 | Comms $1.52 | P&L $836.00 | Status: Closed
2026-01-26 11:56:31,989 [INFO] utils.trades: LEG ID: 15 | AMZN 20251205 227.5Call | Qty: -2
2026-01-26 11:56:31,989 [INFO] utils.trades:   > Realized: Entry $1,114.00 | Exit $-648.00 | Comms $1.45 | P&L $466.00 | Status: Rolled
2026-01-26 11:56:31,990 [INFO] utils.trades: LEG ID: 16 | AMZN 20251219 232.5Call | Qty: -2
2026-01-26 11:56:31,990 [INFO] utils.trades:   > Realized: Entry $892.00 | Exit $-4.00 | Comms $1.32 | P&L $888.00 | Status: Rolled
2026-01-26 11:56:31,990 [INFO] utils.trades: LEG ID: 17 | AMZN 20260102 235.0Call | Qty: -2
2026-01-26 11:56:31,991 [INFO] utils.trades:   > Realized: Entry $246.00 | Exit $-72.00 | Comms $1.67 | P&L $174.00 | Status: Rolled
2026-01-26 11:56:31,991 [INFO] utils.trades: LEG ID: 18 | AMZN 20260109 235.0Call | Qty: -2
2026-01-26 11:56:31,992 [INFO] utils.trades:   > Realized: Entry $422.00 | Exit $-1,960.00 | Comms $2.38 | P&L $-1,538.00 | Status: Rolled
2026-01-26 11:56:31,992 [INFO] utils.trades: LEG ID: 19 | AMZN 20260116 240.0Call | Qty: -2
2026-01-26 11:56:31,992 [INFO] utils.trades:   > Realized: Entry $1,420.00 | Exit $-56.00 | Comms $2.12 | P&L $1,364.00 | Status: Closed
2026-01-26 11:56:31,993 [INFO] utils.trades: --- SUMMARY ---
2026-01-26 11:56:31,993 [INFO] utils.trades: Initial Baseline: -3,151.61
2026-01-26 11:56:31,993 [INFO] utils.trades: Total Realized Cash: 1,475.94
2026-01-26 11:56:31,994 [INFO] utils.trades: Total Unrealized P&L: 0.00
2026-01-26 11:56:31,994 [INFO] utils.trades: Final True P&L: 1,475.94
2026-01-26 11:56:31,994 [INFO] utils.trades: --- DEBUG END ---

2026-01-26 11:56:32,001 [INFO] utils.trades: LEG ID: 7 | CRWD 20260123 455.0Put | Qty: -4
2026-01-26 11:56:32,002 [INFO] utils.trades:   > Realized: Entry $3,664.00 | Exit $-836.00 | Comms $4.14 | P&L $2,828.00 | Status: Closed
2026-01-26 11:56:32,003 [INFO] utils.trades: LEG ID: 8 | CRWD 20260123 445.0Put | Qty: 4
2026-01-26 11:56:32,003 [INFO] utils.trades:   > Realized: Entry $-2,740.00 | Exit $104.00 | Comms $4.13 | P&L $-2,636.00 | Status: Closed
2026-01-26 11:56:32,003 [INFO] utils.trades: --- SUMMARY ---
2026-01-26 11:56:32,003 [INFO] utils.trades: Initial Baseline: 921.35
2026-01-26 11:56:32,003 [INFO] utils.trades: Total Realized Cash: 183.73
2026-01-26 11:56:32,003 [INFO] utils.trades: Total Unrealized P&L: 0.00
2026-01-26 11:56:32,004 [INFO] utils.trades: Final True P&L: 183.73
2026-01-26 11:56:32,004 [INFO] utils.trades: --- DEBUG END ---

2026-01-26 11:56:42,302 [DEBUG] __main__: Starting Open Trades page
2026-01-26 11:56:42,544 [DEBUG] __main__: get_all_open_positions() INITIATED
2026-01-26 11:56:42,545 [DEBUG] __main__: Fetching positions (Cache Miss or TTL Expired)
2026-01-26 11:56:42,550 [DEBUG] utils.trades: 
--- DATABASE FETCH DEBUG ---
2026-01-26 11:56:42,551 [DEBUG] utils.trades: Group ID 5: Total Legs Found: 2 | Statuses: ['Active', 'Active']
2026-01-26 11:56:42,551 [DEBUG] utils.trades: Group ID 9: Total Legs Found: 15 | Statuses: ['Active', 'Active', 'Rolled', 'Rolled', 'Rolled', 'Rolled', 'Rolled', 'Rolled', 'Rolled', 'Rolled', 'Rolled', 'Rolled', 'Rolled', 'Rolled', 'Rolled']
2026-01-26 11:56:42,551 [DEBUG] utils.trades: Group ID 10: Total Legs Found: 15 | Statuses: ['Active', 'Active', 'Rolled', 'Rolled', 'Rolled', 'Rolled', 'Rolled', 'Rolled', 'Rolled', 'Rolled', 'Rolled', 'Rolled', 'Rolled', 'Rolled', 'Rolled']
2026-01-26 11:56:42,552 [DEBUG] utils.trades: Group ID 11: Total Legs Found: 2 | Statuses: ['Active', 'Active']
2026-01-26 11:56:42,552 [DEBUG] utils.trades: Group ID 12: Total Legs Found: 18 | Statuses: ['Active', 'Active', 'Rolled', 'Rolled', 'Rolled', 'Rolled', 'Rolled', 'Rolled', 'Rolled', 'Rolled', 'Rolled', 'Rolled', 'Rolled', 'Rolled', 'Rolled', 'Rolled', 'Rolled', 'Rolled']
2026-01-26 11:56:42,552 [INFO] utils.trades: Fetching live option quote for CRWD 20260220 435.0P
2026-01-26 11:56:42,552 [INFO] utils.quote_manager: [get_quote] START symbol=CRWD, expiry=20260220, strike=435.0, right=P
2026-01-26 11:56:42,793 [INFO] utils.quote_manager: [get_quote] Request the right market data: session=weekend
2026-01-26 11:56:47,847 [WARNING] utils.quote_manager: [subscribe_get_quote] TIMEOUT for CRWD after 5.05s: last=nan, bid=-1.0, ask=-1.0, mg=None
2026-01-26 11:56:47,855 [DEBUG] utils.trades: get_quote() took 5.30 seconds
2026-01-26 11:56:47,856 [DEBUG] utils.trades: Received option quote for CRWD 20260220 435.0P: 10.61
2026-01-26 11:56:47,856 [DEBUG] utils.trades: Fetching live stock quote (in options) for CRWD
2026-01-26 11:56:47,856 [INFO] utils.quote_manager: [get_quote] START symbol=CRWD, expiry=None, strike=None, right=None
2026-01-26 11:56:48,250 [INFO] utils.quote_manager: [get_quote] Request the right market data: session=weekend
2026-01-26 11:56:48,255 [INFO] utils.quote_manager: [subscribe-get_quote] CRWD | Price Found: True (450.32) | Greeks Source: None | IV: N/A
2026-01-26 11:56:48,257 [INFO] utils.quote_manager: [subscribe-get_quote] Full data ready for CRWD
2026-01-26 11:56:48,267 [DEBUG] utils.trades: get_quote() took 0.41 seconds
2026-01-26 11:56:48,324 [DEBUG] utils.trades: Received stock quote (in options) for CRWD: 450.32
2026-01-26 11:56:48,342 [INFO] utils.trades: Fetching live option quote for CRWD 20260206 470.0P
2026-01-26 11:56:48,346 [INFO] utils.quote_manager: [get_quote] START symbol=CRWD, expiry=20260206, strike=470.0, right=P
2026-01-26 11:56:48,496 [INFO] utils.quote_manager: [get_quote] Request the right market data: session=weekend
2026-01-26 11:56:53,535 [WARNING] utils.quote_manager: [subscribe_get_quote] TIMEOUT for CRWD after 5.04s: last=nan, bid=-1.0, ask=-1.0, mg=None
2026-01-26 11:56:53,536 [DEBUG] utils.trades: get_quote() took 5.19 seconds
2026-01-26 11:56:53,536 [DEBUG] utils.trades: Received option quote for CRWD 20260206 470.0P: 22.71
2026-01-26 11:56:53,536 [DEBUG] utils.trades: Fetching live stock quote (in options) for CRWD
2026-01-26 11:56:53,537 [INFO] utils.quote_manager: [get_quote] START symbol=CRWD, expiry=None, strike=None, right=None
2026-01-26 11:56:53,649 [INFO] utils.quote_manager: [get_quote] Request the right market data: session=weekend
2026-01-26 11:56:53,649 [INFO] utils.quote_manager: [subscribe-get_quote] CRWD | Price Found: True (450.32) | Greeks Source: None | IV: N/A
2026-01-26 11:56:53,649 [INFO] utils.quote_manager: [subscribe-get_quote] Full data ready for CRWD
2026-01-26 11:56:53,649 [DEBUG] utils.trades: get_quote() took 0.11 seconds
2026-01-26 11:56:53,649 [DEBUG] utils.trades: Received stock quote (in options) for CRWD: 450.32
2026-01-26 11:56:53,650 [DEBUG] utils.trades: Fetching live stock quote for INTC
2026-01-26 11:56:53,650 [INFO] utils.quote_manager: [get_quote] START symbol=INTC, expiry=None, strike=None, right=None
2026-01-26 11:56:53,831 [INFO] utils.quote_manager: [get_quote] Request the right market data: session=weekend
2026-01-26 11:56:53,832 [INFO] utils.quote_manager: [subscribe-get_quote] INTC | Price Found: True (43.93) | Greeks Source: None | IV: N/A
2026-01-26 11:56:53,832 [INFO] utils.quote_manager: [subscribe-get_quote] Full data ready for INTC
2026-01-26 11:56:53,832 [DEBUG] utils.trades: get_quote() took 0.18 seconds
2026-01-26 11:56:53,832 [DEBUG] utils.trades: Received stock quote for INTC: 43.93
2026-01-26 11:56:53,833 [INFO] utils.trades: Fetching live option quote for TSLA 20260130 495.0C
2026-01-26 11:56:53,833 [INFO] utils.quote_manager: [get_quote] START symbol=TSLA, expiry=20260130, strike=495.0, right=C
2026-01-26 11:56:53,937 [INFO] utils.quote_manager: [get_quote] Request the right market data: session=weekend
2026-01-26 11:56:53,938 [INFO] utils.quote_manager: [subscribe-get_quote] TSLA | Price Found: True (1.826318490864032) | Greeks Source: modelGreeks | IV: 0.5577525638506
2026-01-26 11:56:53,938 [INFO] utils.quote_manager: [subscribe-get_quote] Full data ready for TSLA
2026-01-26 11:56:53,938 [DEBUG] utils.trades: get_quote() took 0.10 seconds
2026-01-26 11:56:53,938 [DEBUG] utils.trades: Received option quote for TSLA 20260130 495.0C: 1.826318490864032
2026-01-26 11:56:53,938 [DEBUG] utils.trades: Fetching live stock quote (in options) for TSLA
2026-01-26 11:56:53,938 [INFO] utils.quote_manager: [get_quote] START symbol=TSLA, expiry=None, strike=None, right=None
2026-01-26 11:56:54,045 [INFO] utils.quote_manager: [get_quote] Request the right market data: session=weekend
2026-01-26 11:56:54,046 [INFO] utils.quote_manager: [subscribe-get_quote] TSLA | Price Found: True (442.95) | Greeks Source: None | IV: N/A
2026-01-26 11:56:54,046 [INFO] utils.quote_manager: [subscribe-get_quote] Full data ready for TSLA
2026-01-26 11:56:54,046 [DEBUG] utils.trades: get_quote() took 0.11 seconds
2026-01-26 11:56:54,046 [DEBUG] utils.trades: Received stock quote (in options) for TSLA: 442.95
2026-01-26 11:56:54,046 [INFO] utils.trades: Fetching live option quote for SNDK 20260213 320.0P
2026-01-26 11:56:54,047 [INFO] utils.quote_manager: [get_quote] START symbol=SNDK, expiry=20260213, strike=320.0, right=P
2026-01-26 11:56:54,150 [INFO] utils.quote_manager: [get_quote] Request the right market data: session=weekend
2026-01-26 11:56:59,162 [WARNING] utils.quote_manager: [subscribe_get_quote] TIMEOUT for SNDK after 5.01s: last=nan, bid=-1.0, ask=-1.0, mg=None
2026-01-26 11:56:59,162 [DEBUG] utils.trades: get_quote() took 5.12 seconds
2026-01-26 11:56:59,163 [DEBUG] utils.trades: Received option quote for SNDK 20260213 320.0P: 4.44
2026-01-26 11:56:59,163 [DEBUG] utils.trades: Fetching live stock quote (in options) for SNDK
2026-01-26 11:56:59,163 [INFO] utils.quote_manager: [get_quote] START symbol=SNDK, expiry=None, strike=None, right=None
2026-01-26 11:56:59,270 [INFO] utils.quote_manager: [get_quote] Request the right market data: session=weekend
2026-01-26 11:56:59,270 [INFO] utils.quote_manager: [subscribe-get_quote] SNDK | Price Found: True (465.1) | Greeks Source: None | IV: N/A
2026-01-26 11:56:59,271 [INFO] utils.quote_manager: [subscribe-get_quote] Full data ready for SNDK
2026-01-26 11:56:59,273 [DEBUG] utils.trades: get_quote() took 0.11 seconds
2026-01-26 11:56:59,274 [DEBUG] utils.trades: Received stock quote (in options) for SNDK: 465.1
2026-01-26 11:56:59,274 [INFO] utils.trades: Fetching live option quote for TSLA 20260130 465.0C
2026-01-26 11:56:59,274 [INFO] utils.quote_manager: [get_quote] START symbol=TSLA, expiry=20260130, strike=465.0, right=C
2026-01-26 11:56:59,367 [INFO] utils.quote_manager: [get_quote] Request the right market data: session=weekend
2026-01-26 11:57:04,368 [WARNING] utils.quote_manager: [subscribe_get_quote] TIMEOUT for TSLA after 5.00s: last=nan, bid=-1.0, ask=-1.0, mg=None
2026-01-26 11:57:04,370 [DEBUG] utils.trades: get_quote() took 5.10 seconds
2026-01-26 11:57:04,370 [DEBUG] utils.trades: Received option quote for TSLA 20260130 465.0C: 8.52
2026-01-26 11:57:04,370 [DEBUG] utils.trades: Fetching live stock quote (in options) for TSLA
2026-01-26 11:57:04,371 [INFO] utils.quote_manager: [get_quote] START symbol=TSLA, expiry=None, strike=None, right=None
2026-01-26 11:57:04,609 [INFO] utils.quote_manager: [get_quote] Request the right market data: session=weekend
2026-01-26 11:57:04,609 [INFO] utils.quote_manager: [subscribe-get_quote] TSLA | Price Found: True (442.95) | Greeks Source: None | IV: N/A
2026-01-26 11:57:04,610 [INFO] utils.quote_manager: [subscribe-get_quote] Full data ready for TSLA
2026-01-26 11:57:04,610 [DEBUG] utils.trades: get_quote() took 0.24 seconds
2026-01-26 11:57:04,611 [DEBUG] utils.trades: Received stock quote (in options) for TSLA: 442.95
2026-01-26 11:57:04,612 [INFO] utils.trades: Fetching live option quote for ANET 20260206 115.0P
2026-01-26 11:57:04,612 [INFO] utils.quote_manager: [get_quote] START symbol=ANET, expiry=20260206, strike=115.0, right=P
2026-01-26 11:57:04,808 [INFO] utils.quote_manager: [get_quote] Request the right market data: session=weekend
2026-01-26 11:57:04,809 [INFO] utils.quote_manager: [subscribe-get_quote] ANET | Price Found: True (0.390350202475549) | Greeks Source: modelGreeks | IV: 0.5728285158120052
2026-01-26 11:57:04,809 [INFO] utils.quote_manager: [subscribe-get_quote] Full data ready for ANET
2026-01-26 11:57:04,809 [DEBUG] utils.trades: get_quote() took 0.20 seconds
2026-01-26 11:57:04,810 [DEBUG] utils.trades: Received option quote for ANET 20260206 115.0P: 0.390350202475549
2026-01-26 11:57:04,810 [DEBUG] utils.trades: Fetching live stock quote (in options) for ANET
2026-01-26 11:57:04,810 [INFO] utils.quote_manager: [get_quote] START symbol=ANET, expiry=None, strike=None, right=None
2026-01-26 11:57:04,954 [INFO] utils.quote_manager: [get_quote] Request the right market data: session=weekend
2026-01-26 11:57:04,955 [INFO] utils.quote_manager: [subscribe-get_quote] ANET | Price Found: True (134.0) | Greeks Source: None | IV: N/A
2026-01-26 11:57:04,955 [INFO] utils.quote_manager: [subscribe-get_quote] Full data ready for ANET
2026-01-26 11:57:04,955 [DEBUG] utils.trades: get_quote() took 0.15 seconds
2026-01-26 11:57:04,955 [DEBUG] utils.trades: Received stock quote (in options) for ANET: 134.0
2026-01-26 11:57:04,956 [DEBUG] utils.trades: Fetching live stock quote for SNDK
2026-01-26 11:57:04,956 [INFO] utils.quote_manager: [get_quote] START symbol=SNDK, expiry=None, strike=None, right=None
2026-01-26 11:57:05,114 [INFO] utils.quote_manager: [get_quote] Request the right market data: session=weekend
2026-01-26 11:57:05,114 [INFO] utils.quote_manager: [subscribe-get_quote] SNDK | Price Found: True (465.1) | Greeks Source: None | IV: N/A
2026-01-26 11:57:05,114 [INFO] utils.quote_manager: [subscribe-get_quote] Full data ready for SNDK
2026-01-26 11:57:05,115 [DEBUG] utils.trades: get_quote() took 0.16 seconds
2026-01-26 11:57:05,115 [DEBUG] utils.trades: Received stock quote for SNDK: 465.1
2026-01-26 11:57:05,115 [INFO] utils.trades: Fetching live option quote for TSM 20260206 300.0P
2026-01-26 11:57:05,115 [INFO] utils.quote_manager: [get_quote] START symbol=TSM, expiry=20260206, strike=300.0, right=P
2026-01-26 11:57:05,298 [INFO] utils.quote_manager: [get_quote] Request the right market data: session=weekend
2026-01-26 11:57:10,350 [WARNING] utils.quote_manager: [subscribe_get_quote] TIMEOUT for TSM after 5.05s: last=nan, bid=-1.0, ask=-1.0, mg=None
2026-01-26 11:57:10,353 [DEBUG] utils.trades: get_quote() took 5.24 seconds
2026-01-26 11:57:10,354 [DEBUG] utils.trades: Received option quote for TSM 20260206 300.0P: 1.57
2026-01-26 11:57:10,354 [DEBUG] utils.trades: Fetching live stock quote (in options) for TSM
2026-01-26 11:57:10,357 [INFO] utils.quote_manager: [get_quote] START symbol=TSM, expiry=None, strike=None, right=None
2026-01-26 11:57:11,108 [INFO] utils.quote_manager: [get_quote] Request the right market data: session=weekend
2026-01-26 11:57:11,113 [INFO] utils.quote_manager: [subscribe-get_quote] TSM | Price Found: True (332.0) | Greeks Source: None | IV: N/A
2026-01-26 11:57:11,117 [INFO] utils.quote_manager: [subscribe-get_quote] Full data ready for TSM
2026-01-26 11:57:11,123 [DEBUG] utils.trades: get_quote() took 0.77 seconds
2026-01-26 11:57:11,131 [DEBUG] utils.trades: Received stock quote (in options) for TSM: 332.0
2026-01-26 11:57:11,134 [INFO] utils.trades: Fetching live option quote for APLD 20260206 25.5P
2026-01-26 11:57:11,136 [INFO] utils.quote_manager: [get_quote] START symbol=APLD, expiry=20260206, strike=25.5, right=P
2026-01-26 11:57:11,406 [INFO] utils.quote_manager: [get_quote] Request the right market data: session=weekend
2026-01-26 11:57:16,468 [WARNING] utils.quote_manager: [subscribe_get_quote] TIMEOUT for APLD after 5.06s: last=nan, bid=-1.0, ask=-1.0, mg=None
2026-01-26 11:57:16,470 [DEBUG] utils.trades: get_quote() took 5.34 seconds
2026-01-26 11:57:16,470 [DEBUG] utils.trades: Received option quote for APLD 20260206 25.5P: 0.25
2026-01-26 11:57:16,471 [DEBUG] utils.trades: Fetching live stock quote (in options) for APLD
2026-01-26 11:57:16,471 [INFO] utils.quote_manager: [get_quote] START symbol=APLD, expiry=None, strike=None, right=None
2026-01-26 11:57:16,570 [INFO] utils.quote_manager: [get_quote] Request the right market data: session=weekend
2026-01-26 11:57:16,571 [INFO] utils.quote_manager: [subscribe-get_quote] APLD | Price Found: True (36.87) | Greeks Source: None | IV: N/A
2026-01-26 11:57:16,572 [INFO] utils.quote_manager: [subscribe-get_quote] Full data ready for APLD
2026-01-26 11:57:16,572 [DEBUG] utils.trades: get_quote() took 0.10 seconds
2026-01-26 11:57:16,573 [DEBUG] utils.trades: Received stock quote (in options) for APLD: 36.87
2026-01-26 11:57:16,574 [INFO] utils.trades: Fetching live option quote for AMD 20260130 255.0C
2026-01-26 11:57:16,575 [INFO] utils.quote_manager: [get_quote] START symbol=AMD, expiry=20260130, strike=255.0, right=C
2026-01-26 11:57:16,705 [INFO] utils.quote_manager: [get_quote] Request the right market data: session=weekend
2026-01-26 11:57:16,706 [INFO] utils.quote_manager: [subscribe-get_quote] AMD | Price Found: True (10.498249898704527) | Greeks Source: modelGreeks | IV: 0.5508214533047111
2026-01-26 11:57:16,706 [INFO] utils.quote_manager: [subscribe-get_quote] Full data ready for AMD
2026-01-26 11:57:16,707 [DEBUG] utils.trades: get_quote() took 0.13 seconds
2026-01-26 11:57:16,707 [DEBUG] utils.trades: Received option quote for AMD 20260130 255.0C: 10.498249898704527
2026-01-26 11:57:16,709 [DEBUG] utils.trades: Fetching live stock quote (in options) for AMD
2026-01-26 11:57:16,709 [INFO] utils.quote_manager: [get_quote] START symbol=AMD, expiry=None, strike=None, right=None
2026-01-26 11:57:16,828 [INFO] utils.quote_manager: [get_quote] Request the right market data: session=weekend
2026-01-26 11:57:16,828 [INFO] utils.quote_manager: [subscribe-get_quote] AMD | Price Found: True (257.2) | Greeks Source: None | IV: N/A
2026-01-26 11:57:16,828 [INFO] utils.quote_manager: [subscribe-get_quote] Full data ready for AMD
2026-01-26 11:57:16,829 [DEBUG] utils.trades: get_quote() took 0.12 seconds
2026-01-26 11:57:16,829 [DEBUG] utils.trades: Received stock quote (in options) for AMD: 257.2
2026-01-26 11:57:16,829 [INFO] utils.trades: Fetching live option quote for IREN 20260130 36.0P
2026-01-26 11:57:16,829 [INFO] utils.quote_manager: [get_quote] START symbol=IREN, expiry=20260130, strike=36.0, right=P
2026-01-26 11:57:16,930 [INFO] utils.quote_manager: [get_quote] Request the right market data: session=weekend
2026-01-26 11:57:21,975 [WARNING] utils.quote_manager: [subscribe_get_quote] TIMEOUT for IREN after 5.04s: last=nan, bid=-1.0, ask=-1.0, mg=None
2026-01-26 11:57:21,976 [DEBUG] utils.trades: get_quote() took 5.15 seconds
2026-01-26 11:57:21,977 [DEBUG] utils.trades: Received option quote for IREN 20260130 36.0P: 0.38
2026-01-26 11:57:21,977 [DEBUG] utils.trades: Fetching live stock quote (in options) for IREN
2026-01-26 11:57:21,977 [INFO] utils.quote_manager: [get_quote] START symbol=IREN, expiry=None, strike=None, right=None
2026-01-26 11:57:22,089 [INFO] utils.quote_manager: [get_quote] Request the right market data: session=weekend
2026-01-26 11:57:22,090 [INFO] utils.quote_manager: [subscribe-get_quote] IREN | Price Found: True (54.77) | Greeks Source: None | IV: N/A
2026-01-26 11:57:22,090 [INFO] utils.quote_manager: [subscribe-get_quote] Full data ready for IREN
2026-01-26 11:57:22,090 [DEBUG] utils.trades: get_quote() took 0.11 seconds
2026-01-26 11:57:22,091 [DEBUG] utils.trades: Received stock quote (in options) for IREN: 54.77
2026-01-26 11:57:22,091 [DEBUG] utils.trades: Fetching live stock quote for TSLA
2026-01-26 11:57:22,091 [INFO] utils.quote_manager: [get_quote] START symbol=TSLA, expiry=None, strike=None, right=None
2026-01-26 11:57:22,189 [INFO] utils.quote_manager: [get_quote] Request the right market data: session=weekend
2026-01-26 11:57:22,189 [INFO] utils.quote_manager: [subscribe-get_quote] TSLA | Price Found: True (442.95) | Greeks Source: None | IV: N/A
2026-01-26 11:57:22,189 [INFO] utils.quote_manager: [subscribe-get_quote] Full data ready for TSLA
2026-01-26 11:57:22,189 [DEBUG] utils.trades: get_quote() took 0.10 seconds
2026-01-26 11:57:22,190 [DEBUG] utils.trades: Received stock quote for TSLA: 442.95
2026-01-26 11:57:22,190 [INFO] utils.trades: Fetching live option quote for CLS 20260130 275.0P
2026-01-26 11:57:22,190 [INFO] utils.quote_manager: [get_quote] START symbol=CLS, expiry=20260130, strike=275.0, right=P
2026-01-26 11:57:22,279 [INFO] utils.quote_manager: [get_quote] Request the right market data: session=weekend
2026-01-26 11:57:27,316 [WARNING] utils.quote_manager: [subscribe_get_quote] TIMEOUT for CLS after 5.04s: last=nan, bid=-1.0, ask=-1.0, mg=None
2026-01-26 11:57:27,317 [DEBUG] utils.trades: get_quote() took 5.13 seconds
2026-01-26 11:57:27,318 [DEBUG] utils.trades: Received option quote for CLS 20260130 275.0P: 12.04
2026-01-26 11:57:27,318 [DEBUG] utils.trades: Fetching live stock quote (in options) for CLS
2026-01-26 11:57:27,318 [INFO] utils.quote_manager: [get_quote] START symbol=CLS, expiry=None, strike=None, right=None
2026-01-26 11:57:27,417 [INFO] utils.quote_manager: [get_quote] Request the right market data: session=weekend
2026-01-26 11:57:27,417 [INFO] utils.quote_manager: [subscribe-get_quote] CLS | Price Found: True (297.0) | Greeks Source: None | IV: N/A
2026-01-26 11:57:27,419 [INFO] utils.quote_manager: [subscribe-get_quote] Full data ready for CLS
2026-01-26 11:57:27,419 [DEBUG] utils.trades: get_quote() took 0.10 seconds
2026-01-26 11:57:27,419 [DEBUG] utils.trades: Received stock quote (in options) for CLS: 297.0
2026-01-26 11:57:27,420 [INFO] utils.trades: Fetching live option quote for ONDS 20260130 7.5P
2026-01-26 11:57:27,420 [INFO] utils.quote_manager: [get_quote] START symbol=ONDS, expiry=20260130, strike=7.5, right=P
2026-01-26 11:57:27,506 [INFO] utils.quote_manager: [get_quote] Request the right market data: session=weekend
2026-01-26 11:57:27,507 [INFO] utils.quote_manager: [subscribe-get_quote] ONDS | Price Found: True (0.010309048399622649) | Greeks Source: modelGreeks | IV: 1.5966922910214663
2026-01-26 11:57:27,507 [INFO] utils.quote_manager: [subscribe-get_quote] Full data ready for ONDS
2026-01-26 11:57:27,507 [DEBUG] utils.trades: get_quote() took 0.09 seconds
2026-01-26 11:57:27,508 [DEBUG] utils.trades: Received option quote for ONDS 20260130 7.5P: 0.010309048399622649
2026-01-26 11:57:27,508 [DEBUG] utils.trades: Fetching live stock quote (in options) for ONDS
2026-01-26 11:57:27,508 [INFO] utils.quote_manager: [get_quote] START symbol=ONDS, expiry=None, strike=None, right=None
2026-01-26 11:57:27,603 [INFO] utils.quote_manager: [get_quote] Request the right market data: session=weekend
2026-01-26 11:57:27,605 [INFO] utils.quote_manager: [subscribe-get_quote] ONDS | Price Found: True (11.98) | Greeks Source: None | IV: N/A
2026-01-26 11:57:27,609 [INFO] utils.quote_manager: [subscribe-get_quote] Full data ready for ONDS
2026-01-26 11:57:27,612 [DEBUG] utils.trades: get_quote() took 0.10 seconds
2026-01-26 11:57:27,617 [DEBUG] utils.trades: Received stock quote (in options) for ONDS: 11.98
2026-01-26 11:57:27,621 [INFO] utils.trades: Fetching live option quote for HOOD 20260130 115.0P
2026-01-26 11:57:27,621 [INFO] utils.quote_manager: [get_quote] START symbol=HOOD, expiry=20260130, strike=115.0, right=P
2026-01-26 11:57:27,728 [INFO] utils.quote_manager: [get_quote] Request the right market data: session=weekend
2026-01-26 11:57:27,729 [INFO] utils.quote_manager: [subscribe-get_quote] HOOD | Price Found: True (8.548162504489396) | Greeks Source: modelGreeks | IV: 0.48923327526361143
2026-01-26 11:57:27,729 [INFO] utils.quote_manager: [subscribe-get_quote] Full data ready for HOOD
2026-01-26 11:57:27,729 [DEBUG] utils.trades: get_quote() took 0.11 seconds
2026-01-26 11:57:27,729 [DEBUG] utils.trades: Received option quote for HOOD 20260130 115.0P: 8.548162504489396
2026-01-26 11:57:27,729 [DEBUG] utils.trades: Fetching live stock quote (in options) for HOOD
2026-01-26 11:57:27,730 [INFO] utils.quote_manager: [get_quote] START symbol=HOOD, expiry=None, strike=None, right=None
2026-01-26 11:57:27,828 [INFO] utils.quote_manager: [get_quote] Request the right market data: session=weekend
2026-01-26 11:57:27,829 [INFO] utils.quote_manager: [subscribe-get_quote] HOOD | Price Found: True (105.33) | Greeks Source: None | IV: N/A
2026-01-26 11:57:27,829 [INFO] utils.quote_manager: [subscribe-get_quote] Full data ready for HOOD
2026-01-26 11:57:27,829 [DEBUG] utils.trades: get_quote() took 0.10 seconds
2026-01-26 11:57:27,829 [DEBUG] utils.trades: Received stock quote (in options) for HOOD: 105.33
2026-01-26 11:57:27,829 [INFO] utils.trades: Fetching live option quote for VIX 20260818 13.5C
2026-01-26 11:57:27,830 [INFO] utils.quote_manager: [get_quote] START symbol=VIX, expiry=20260818, strike=13.5, right=C
2026-01-26 11:57:27,926 [INFO] utils.quote_manager: [get_quote] Request the right market data: session=weekend
2026-01-26 11:57:27,926 [INFO] utils.quote_manager: [subscribe-get_quote] VIX | Price Found: True (7.6) | Greeks Source: modelGreeks | IV: 0.3912751865733248
2026-01-26 11:57:27,926 [INFO] utils.quote_manager: [subscribe-get_quote] Full data ready for VIX
2026-01-26 11:57:27,927 [DEBUG] utils.trades: get_quote() took 0.10 seconds
2026-01-26 11:57:27,927 [DEBUG] utils.trades: Received option quote for VIX 20260818 13.5C: 7.6
2026-01-26 11:57:27,927 [DEBUG] utils.trades: Fetching live stock quote (in options) for VIX
2026-01-26 11:57:27,927 [INFO] utils.quote_manager: [get_quote] START symbol=VIX, expiry=None, strike=None, right=None
2026-01-26 11:57:28,023 [INFO] utils.quote_manager: [get_quote] Request the right market data: session=weekend
2026-01-26 11:57:28,023 [INFO] utils.quote_manager: [subscribe] built contract=Stock(symbol='VIX', exchange='SMART', currency='USD') for ('VIX', None, None, None, 0)
2026-01-26 11:57:30,034 [WARNING] utils.quote_manager: [safe_qualify] Qualification failed for VIX: 
2026-01-26 11:57:30,035 [ERROR] utils.quote_manager: [subscribe] All exchanges failed for ('VIX', None, None, None, 0)
2026-01-26 11:57:30,040 [ERROR] utils.quote_manager: [get_quote] ticker is None for ('VIX', None, None, None, 0)
2026-01-26 11:57:30,041 [DEBUG] utils.trades: get_quote() took 2.11 seconds
2026-01-26 11:57:30,043 [DEBUG] utils.trades: Received stock quote (in options) for VIX: None
2026-01-26 11:57:30,044 [DEBUG] utils.trades: Fetching live stock quote for TSLA
2026-01-26 11:57:30,044 [INFO] utils.quote_manager: [get_quote] START symbol=TSLA, expiry=None, strike=None, right=None
2026-01-26 11:57:30,162 [INFO] utils.quote_manager: [get_quote] Request the right market data: session=weekend
2026-01-26 11:57:30,166 [INFO] utils.quote_manager: [subscribe-get_quote] TSLA | Price Found: True (442.95) | Greeks Source: None | IV: N/A
2026-01-26 11:57:30,166 [INFO] utils.quote_manager: [subscribe-get_quote] Full data ready for TSLA
2026-01-26 11:57:30,173 [DEBUG] utils.trades: get_quote() took 0.13 seconds
2026-01-26 11:57:30,181 [DEBUG] utils.trades: Received stock quote for TSLA: 442.95
2026-01-26 11:57:30,181 [DEBUG] utils.trades: Fetching live stock quote for AAPL
2026-01-26 11:57:30,182 [INFO] utils.quote_manager: [get_quote] START symbol=AAPL, expiry=None, strike=None, right=None
2026-01-26 11:57:30,275 [INFO] utils.quote_manager: [get_quote] Request the right market data: session=weekend
2026-01-26 11:57:30,275 [INFO] utils.quote_manager: [subscribe-get_quote] AAPL | Price Found: True (248.26) | Greeks Source: None | IV: N/A
2026-01-26 11:57:30,276 [INFO] utils.quote_manager: [subscribe-get_quote] Full data ready for AAPL
2026-01-26 11:57:30,278 [DEBUG] utils.trades: get_quote() took 0.10 seconds
2026-01-26 11:57:30,278 [DEBUG] utils.trades: Received stock quote for AAPL: 248.26
2026-01-26 11:57:30,282 [DEBUG] utils.trades: Fetching live stock quote for AMD
2026-01-26 11:57:30,283 [INFO] utils.quote_manager: [get_quote] START symbol=AMD, expiry=None, strike=None, right=None
2026-01-26 11:57:30,382 [INFO] utils.quote_manager: [get_quote] Request the right market data: session=weekend
2026-01-26 11:57:30,383 [INFO] utils.quote_manager: [subscribe-get_quote] AMD | Price Found: True (257.2) | Greeks Source: None | IV: N/A
2026-01-26 11:57:30,383 [INFO] utils.quote_manager: [subscribe-get_quote] Full data ready for AMD
2026-01-26 11:57:30,383 [DEBUG] utils.trades: get_quote() took 0.10 seconds
2026-01-26 11:57:30,383 [DEBUG] utils.trades: Received stock quote for AMD: 257.2
2026-01-26 11:57:30,383 [DEBUG] utils.trades: Fetching live stock quote for CRCL
2026-01-26 11:57:30,384 [INFO] utils.quote_manager: [get_quote] START symbol=CRCL, expiry=None, strike=None, right=None
2026-01-26 11:57:30,480 [INFO] utils.quote_manager: [get_quote] Request the right market data: session=weekend
2026-01-26 11:57:30,481 [INFO] utils.quote_manager: [subscribe-get_quote] CRCL | Price Found: True (69.53) | Greeks Source: None | IV: N/A
2026-01-26 11:57:30,481 [INFO] utils.quote_manager: [subscribe-get_quote] Full data ready for CRCL
2026-01-26 11:57:30,481 [DEBUG] utils.trades: get_quote() took 0.10 seconds
2026-01-26 11:57:30,481 [DEBUG] utils.trades: Received stock quote for CRCL: 69.53
2026-01-26 11:57:30,482 [INFO] utils.trades: Fetching live option quote for HOOD 20260320 120.0C
2026-01-26 11:57:30,482 [INFO] utils.quote_manager: [get_quote] START symbol=HOOD, expiry=20260320, strike=120.0, right=C
2026-01-26 11:57:30,580 [INFO] utils.quote_manager: [get_quote] Request the right market data: session=weekend
2026-01-26 11:57:35,612 [WARNING] utils.quote_manager: [subscribe_get_quote] TIMEOUT for HOOD after 5.03s: last=nan, bid=-1.0, ask=-1.0, mg=None
2026-01-26 11:57:35,615 [DEBUG] utils.trades: get_quote() took 5.13 seconds
2026-01-26 11:57:35,615 [DEBUG] utils.trades: Received option quote for HOOD 20260320 120.0C: 5.03
2026-01-26 11:57:35,616 [DEBUG] utils.trades: Fetching live stock quote (in options) for HOOD
2026-01-26 11:57:35,617 [INFO] utils.quote_manager: [get_quote] START symbol=HOOD, expiry=None, strike=None, right=None
2026-01-26 11:57:35,809 [INFO] utils.quote_manager: [get_quote] Request the right market data: session=weekend
2026-01-26 11:57:35,810 [INFO] utils.quote_manager: [subscribe-get_quote] HOOD | Price Found: True (105.33) | Greeks Source: None | IV: N/A
2026-01-26 11:57:35,811 [INFO] utils.quote_manager: [subscribe-get_quote] Full data ready for HOOD
2026-01-26 11:57:35,811 [DEBUG] utils.trades: get_quote() took 0.19 seconds
2026-01-26 11:57:35,811 [DEBUG] utils.trades: Received stock quote (in options) for HOOD: 105.33
2026-01-26 11:57:35,812 [DEBUG] utils.trades: Fetching live stock quote for MSAI
2026-01-26 11:57:35,812 [INFO] utils.quote_manager: [get_quote] START symbol=MSAI, expiry=None, strike=None, right=None
2026-01-26 11:57:35,975 [INFO] utils.quote_manager: [get_quote] Request the right market data: session=weekend
2026-01-26 11:57:35,975 [INFO] utils.quote_manager: [subscribe-get_quote] MSAI | Price Found: True (0.3734) | Greeks Source: None | IV: N/A
2026-01-26 11:57:35,976 [INFO] utils.quote_manager: [subscribe-get_quote] Full data ready for MSAI
2026-01-26 11:57:35,976 [DEBUG] utils.trades: get_quote() took 0.16 seconds
2026-01-26 11:57:35,976 [DEBUG] utils.trades: Received stock quote for MSAI: 0.3734
2026-01-26 11:57:35,977 [DEBUG] utils.trades: Fetching live stock quote for NVDA
2026-01-26 11:57:35,977 [INFO] utils.quote_manager: [get_quote] START symbol=NVDA, expiry=None, strike=None, right=None
2026-01-26 11:57:36,109 [INFO] utils.quote_manager: [get_quote] Request the right market data: session=weekend
2026-01-26 11:57:36,109 [INFO] utils.quote_manager: [subscribe-get_quote] NVDA | Price Found: True (186.24) | Greeks Source: None | IV: N/A
2026-01-26 11:57:36,109 [INFO] utils.quote_manager: [subscribe-get_quote] Full data ready for NVDA
2026-01-26 11:57:36,110 [DEBUG] utils.trades: get_quote() took 0.13 seconds
2026-01-26 11:57:36,110 [DEBUG] utils.trades: Received stock quote for NVDA: 186.24
2026-01-26 11:57:36,110 [DEBUG] utils.trades: Fetching live stock quote for SOFI
2026-01-26 11:57:36,111 [INFO] utils.quote_manager: [get_quote] START symbol=SOFI, expiry=None, strike=None, right=None
2026-01-26 11:57:36,245 [INFO] utils.quote_manager: [get_quote] Request the right market data: session=weekend
2026-01-26 11:57:36,245 [INFO] utils.quote_manager: [subscribe-get_quote] SOFI | Price Found: True (25.65) | Greeks Source: None | IV: N/A
2026-01-26 11:57:36,245 [INFO] utils.quote_manager: [subscribe-get_quote] Full data ready for SOFI
2026-01-26 11:57:36,245 [DEBUG] utils.trades: get_quote() took 0.14 seconds
2026-01-26 11:57:36,246 [DEBUG] utils.trades: Received stock quote for SOFI: 25.65
2026-01-26 11:57:36,248 [DEBUG] utils.trades: Passing 5 groups to complex_groups_to_df...
2026-01-26 11:57:36,248 [INFO] utils.quote_manager: [get_quote] START symbol=FISV, expiry=20260116, strike=65.0, right=Put
2026-01-26 11:57:36,412 [INFO] utils.quote_manager: [get_quote] Request the right market data: session=weekend
2026-01-26 11:57:36,415 [INFO] utils.quote_manager: [subscribe] built contract=Option(symbol='FISV', lastTradeDateOrContractMonth='20260116', strike=65.0, right='Put', multiplier='100', exchange='SMART', currency='USD') for ('FISV', '20260116', 65.0, 'Put', 0)
2026-01-26 11:57:38,427 [WARNING] utils.quote_manager: [safe_qualify] Qualification failed for FISV: 
2026-01-26 11:57:40,432 [WARNING] utils.quote_manager: [safe_qualify] Qualification failed for FISV: 
2026-01-26 11:57:42,551 [WARNING] utils.quote_manager: [safe_qualify] Qualification failed for FISV: 
2026-01-26 11:57:44,658 [WARNING] utils.quote_manager: [safe_qualify] Qualification failed for FISV: 
2026-01-26 11:57:44,765 [ERROR] utils.quote_manager: [subscribe] All exchanges failed for ('FISV', '20260116', 65.0, 'Put', 0)
2026-01-26 11:57:44,779 [ERROR] utils.quote_manager: [get_quote] ticker is None for ('FISV', '20260116', 65.0, 'Put', 0)
2026-01-26 11:57:44,780 [ERROR] utils.trades: Quote failed for leg 10: unsupported operand type(s) for *: 'NoneType' and 'int'
2026-01-26 11:57:44,780 [INFO] utils.quote_manager: [get_quote] START symbol=FISV, expiry=20260116, strike=70.0, right=Put
2026-01-26 11:57:45,371 [INFO] utils.quote_manager: [get_quote] Request the right market data: session=weekend
2026-01-26 11:57:45,373 [INFO] utils.quote_manager: [subscribe] built contract=Option(symbol='FISV', lastTradeDateOrContractMonth='20260116', strike=70.0, right='Put', multiplier='100', exchange='SMART', currency='USD') for ('FISV', '20260116', 70.0, 'Put', 0)
2026-01-26 11:57:47,375 [WARNING] utils.quote_manager: [safe_qualify] Qualification failed for FISV: 
2026-01-26 11:57:49,392 [WARNING] utils.quote_manager: [safe_qualify] Qualification failed for FISV: 
2026-01-26 11:57:51,501 [WARNING] utils.quote_manager: [safe_qualify] Qualification failed for FISV: 
2026-01-26 11:57:53,623 [WARNING] utils.quote_manager: [safe_qualify] Qualification failed for FISV: 
2026-01-26 11:57:53,734 [ERROR] utils.quote_manager: [subscribe] All exchanges failed for ('FISV', '20260116', 70.0, 'Put', 0)
2026-01-26 11:57:53,738 [ERROR] utils.quote_manager: [get_quote] ticker is None for ('FISV', '20260116', 70.0, 'Put', 0)
2026-01-26 11:57:53,741 [ERROR] utils.trades: Quote failed for leg 9: unsupported operand type(s) for *: 'NoneType' and 'int'
2026-01-26 11:57:53,741 [INFO] utils.quote_manager: [get_quote] START symbol=MA, expiry=20260320, strike=560.0, right=Call
2026-01-26 11:57:54,146 [INFO] utils.quote_manager: [get_quote] Request the right market data: session=weekend
2026-01-26 11:57:54,148 [INFO] utils.quote_manager: [subscribe-get_quote] MA | Price Found: True (7.723687468989272) | Greeks Source: modelGreeks | IV: 0.23327907018555047
2026-01-26 11:57:54,149 [INFO] utils.quote_manager: [subscribe-get_quote] Full data ready for MA
2026-01-26 11:57:54,149 [INFO] utils.quote_manager: [get_quote] START symbol=MA, expiry=20260130, strike=560.0, right=Call
2026-01-26 11:57:54,744 [INFO] utils.quote_manager: [get_quote] Request the right market data: session=weekend
2026-01-26 11:57:59,751 [WARNING] utils.quote_manager: [subscribe_get_quote] TIMEOUT for MA after 5.00s: last=nan, bid=-1.0, ask=-1.0, mg=None
2026-01-26 11:57:59,759 [INFO] utils.quote_manager: [get_quote] START symbol=TSLA, expiry=20260220, strike=440.0, right=Call
2026-01-26 11:58:00,559 [INFO] utils.quote_manager: [get_quote] Request the right market data: session=weekend
2026-01-26 11:58:05,565 [WARNING] utils.quote_manager: [subscribe_get_quote] TIMEOUT for TSLA after 5.00s: last=nan, bid=-1.0, ask=-1.0, mg=None
2026-01-26 11:58:05,568 [INFO] utils.quote_manager: [get_quote] START symbol=TSLA, expiry=20260220, strike=440.0, right=Call
2026-01-26 11:58:06,369 [INFO] utils.quote_manager: [get_quote] Request the right market data: session=weekend
2026-01-26 11:58:11,391 [WARNING] utils.quote_manager: [subscribe_get_quote] TIMEOUT for TSLA after 5.01s: last=nan, bid=-1.0, ask=-1.0, mg=None
2026-01-26 11:58:11,393 [INFO] utils.quote_manager: [get_quote] START symbol=RKLB, expiry=20260213, strike=75.0, right=Put
2026-01-26 11:58:11,824 [INFO] utils.quote_manager: [get_quote] Request the right market data: session=weekend
2026-01-26 11:58:11,826 [INFO] utils.quote_manager: [subscribe-get_quote] RKLB | Price Found: True (2.0820489119457752) | Greeks Source: modelGreeks | IV: 0.8952559084348135
2026-01-26 11:58:11,827 [INFO] utils.quote_manager: [subscribe-get_quote] Full data ready for RKLB
2026-01-26 11:58:11,827 [INFO] utils.quote_manager: [get_quote] START symbol=RKLB, expiry=20260213, strike=80.0, right=Put
2026-01-26 11:58:12,196 [INFO] utils.quote_manager: [get_quote] Request the right market data: session=weekend
2026-01-26 11:58:17,206 [WARNING] utils.quote_manager: [subscribe_get_quote] TIMEOUT for RKLB after 5.01s: last=nan, bid=-1.0, ask=-1.0, mg=None
2026-01-26 11:58:17,207 [INFO] utils.quote_manager: [get_quote] START symbol=NVDA, expiry=20260320, strike=170.0, right=Call
2026-01-26 11:58:17,728 [INFO] utils.quote_manager: [get_quote] Request the right market data: session=weekend
2026-01-26 11:58:17,730 [INFO] utils.quote_manager: [subscribe-get_quote] NVDA | Price Found: True (24.354095875426868) | Greeks Source: modelGreeks | IV: 0.4601320315188967
2026-01-26 11:58:17,730 [INFO] utils.quote_manager: [subscribe-get_quote] Full data ready for NVDA
2026-01-26 11:58:17,731 [INFO] utils.quote_manager: [get_quote] START symbol=NVDA, expiry=20260130, strike=190.0, right=Call
2026-01-26 11:58:18,218 [INFO] utils.quote_manager: [get_quote] Request the right market data: session=weekend
2026-01-26 11:58:23,281 [WARNING] utils.quote_manager: [subscribe_get_quote] TIMEOUT for NVDA after 5.06s: last=nan, bid=-1.0, ask=-1.0, mg=None
2026-01-26 11:58:23,288 [DEBUG] utils.trades: DataFrame Row 0 Legs Count: 2
2026-01-26 11:58:23,332 [DEBUG] __main__: get_all_open_positions() took 100.79 seconds
2026-01-26 11:58:23,362 [DEBUG] __main__: Open Flat Trades styling INITIATED
2026-01-26 11:58:23,396 [DEBUG] __main__: Open Flat Trades styling took 0.03 seconds
2026-01-26 11:58:23,410 [INFO] utils.trades: --- SUMMARY ---
2026-01-26 11:58:23,412 [INFO] utils.trades: Initial Baseline: 626.38
2026-01-26 11:58:23,413 [INFO] utils.trades: Total Realized Cash: 626.38
2026-01-26 11:58:23,414 [INFO] utils.trades: Total Unrealized P&L: 0.00
2026-01-26 11:58:23,415 [INFO] utils.trades: Final True P&L: 626.38
2026-01-26 11:58:23,415 [INFO] utils.trades: --- DEBUG END ---

2026-01-26 11:58:23,446 [INFO] utils.trades: LEG ID: 28 | MA 20251024 560.0Call | Qty: -1
2026-01-26 11:58:23,488 [INFO] utils.trades:   > Realized: Entry $998.00 | Exit $-1,330.00 | Comms $1.40 | P&L $-332.00 | Status: Rolled
2026-01-26 11:58:23,526 [INFO] utils.trades:   > CURRENT MARKET VALUE TO LIQUIDATE: (Mark 7.723687468989272) * Qty 1 = 772.37
2026-01-26 11:58:23,545 [INFO] utils.trades: LEG ID: 29 | MA 20260320 560.0Call | Qty: 1
2026-01-26 11:58:23,554 [INFO] utils.trades:   > UNREALIZED: (Mark 7.723687468989272 - Entry 41.04) * Qty 1 = 772.37
2026-01-26 11:58:23,561 [INFO] utils.trades: LEG ID: 30 | MA 20251031 570.0Call | Qty: -1
2026-01-26 11:58:23,569 [INFO] utils.trades:   > Realized: Entry $1,333.00 | Exit $-1,551.00 | Comms $1.41 | P&L $-218.00 | Status: Rolled
2026-01-26 11:58:23,573 [INFO] utils.trades: LEG ID: 31 | MA 20251107 575.0Call | Qty: -1
2026-01-26 11:58:23,574 [INFO] utils.trades:   > Realized: Entry $1,446.00 | Exit $-19.00 | Comms $1.76 | P&L $1,427.00 | Status: Rolled
2026-01-26 11:58:23,575 [INFO] utils.trades: LEG ID: 32 | MA 20251114 560.0Call | Qty: -1
2026-01-26 11:58:23,577 [INFO] utils.trades:   > Realized: Entry $247.00 | Exit $-453.00 | Comms $2.10 | P&L $-206.00 | Status: Rolled
2026-01-26 11:58:23,578 [INFO] utils.trades: LEG ID: 33 | MA 20251121 565.0Call | Qty: -1
2026-01-26 11:58:23,580 [INFO] utils.trades:   > Realized: Entry $549.00 | Exit $-12.00 | Comms $2.10 | P&L $537.00 | Status: Rolled
2026-01-26 11:58:23,580 [INFO] utils.trades: LEG ID: 34 | MA 20251205 565.0Call | Qty: -1
2026-01-26 11:58:23,581 [INFO] utils.trades:   > Realized: Entry $217.00 | Exit $-15.00 | Comms $1.71 | P&L $202.00 | Status: Rolled
2026-01-26 11:58:23,582 [INFO] utils.trades: LEG ID: 35 | MA 20251212 562.5Call | Qty: -1
2026-01-26 11:58:23,582 [INFO] utils.trades:   > Realized: Entry $208.00 | Exit $-180.00 | Comms $1.68 | P&L $28.00 | Status: Rolled
2026-01-26 11:58:23,583 [INFO] utils.trades: LEG ID: 36 | MA 20251219 565.0Call | Qty: -1
2026-01-26 11:58:23,586 [INFO] utils.trades:   > Realized: Entry $420.00 | Exit $-1,010.00 | Comms $1.69 | P&L $-590.00 | Status: Rolled
2026-01-26 11:58:23,589 [INFO] utils.trades: LEG ID: 37 | MA 20251226 570.0Call | Qty: -1
2026-01-26 11:58:23,590 [INFO] utils.trades:   > Realized: Entry $859.00 | Exit $-996.00 | Comms $1.70 | P&L $-137.00 | Status: Rolled
2026-01-26 11:58:23,591 [INFO] utils.trades: LEG ID: 38 | MA 20260109 580.0Call | Qty: -1
2026-01-26 11:58:23,591 [INFO] utils.trades:   > Realized: Entry $700.00 | Exit $-411.00 | Comms $2.07 | P&L $289.00 | Status: Rolled
2026-01-26 11:58:23,592 [INFO] utils.trades: LEG ID: 39 | MA 20260116 587.5Call | Qty: -1
2026-01-26 11:58:23,593 [INFO] utils.trades:   > Realized: Entry $390.00 | Exit $-20.00 | Comms $2.10 | P&L $370.00 | Status: Rolled
2026-01-26 11:58:23,594 [INFO] utils.trades: LEG ID: 40 | MA 20260116 560.5Call | Qty: -1
2026-01-26 11:58:23,594 [INFO] utils.trades:   > Realized: Entry $135.00 | Exit $-9.00 | Comms $1.75 | P&L $126.00 | Status: Rolled
2026-01-26 11:58:23,596 [INFO] utils.trades: LEG ID: 41 | MA 20260123 560.0Call | Qty: -1
2026-01-26 11:58:23,596 [INFO] utils.trades:   > Realized: Entry $93.00 | Exit $-27.00 | Comms $1.75 | P&L $66.00 | Status: Rolled
2026-01-26 11:58:23,597 [INFO] utils.trades:   > CURRENT MARKET VALUE TO LIQUIDATE: (Mark 2.03) * Qty -1 = -203.00
2026-01-26 11:58:23,597 [INFO] utils.trades: LEG ID: 75 | MA 20260130 560.0Call | Qty: -1
2026-01-26 11:58:23,598 [INFO] utils.trades:   > UNREALIZED: (Mark 2.03 - Entry 1.44) * Qty -1 = -203.00
2026-01-26 11:58:23,598 [INFO] utils.trades: --- SUMMARY ---
2026-01-26 11:58:23,599 [INFO] utils.trades: Initial Baseline: -3,107.40
2026-01-26 11:58:23,600 [INFO] utils.trades: Total Realized Cash: -2,422.97
2026-01-26 11:58:23,601 [INFO] utils.trades: Total Unrealized P&L: 569.37
2026-01-26 11:58:23,643 [INFO] utils.trades: Final True P&L: -1,853.60
2026-01-26 11:58:23,658 [INFO] utils.trades: --- DEBUG END ---

2026-01-26 11:58:23,744 [INFO] utils.trades: LEG ID: 42 | TSLA 20251031 440.0Call | Qty: -1
2026-01-26 11:58:23,748 [INFO] utils.trades:   > Realized: Entry $1,210.00 | Exit $-2,532.00 | Comms $1.40 | P&L $-1,322.00 | Status: Rolled
2026-01-26 11:58:23,750 [INFO] utils.trades:   > CURRENT MARKET VALUE TO LIQUIDATE: (Mark 29.18) * Qty 1 = 2,918.00
2026-01-26 11:58:23,751 [INFO] utils.trades: LEG ID: 43 | TSLA 20260220 440.0Call | Qty: 1
2026-01-26 11:58:23,753 [INFO] utils.trades:   > UNREALIZED: (Mark 29.18 - Entry 56.74) * Qty 1 = 2,918.00
2026-01-26 11:58:23,756 [INFO] utils.trades: LEG ID: 44 | TSLA 20251107 450.0Call | Qty: -1
2026-01-26 11:58:23,757 [INFO] utils.trades:   > Realized: Entry $2,507.00 | Exit $-2,480.00 | Comms $1.41 | P&L $27.00 | Status: Rolled
2026-01-26 11:58:23,758 [INFO] utils.trades: LEG ID: 45 | TSLA 20251121 467.5Call | Qty: -1
2026-01-26 11:58:23,758 [INFO] utils.trades:   > Realized: Entry $2,525.00 | Exit $-12.00 | Comms $1.41 | P&L $2,513.00 | Status: Rolled
2026-01-26 11:58:23,759 [INFO] utils.trades: LEG ID: 46 | TSLA 20251128 440.0Call | Qty: -1
2026-01-26 11:58:23,760 [INFO] utils.trades:   > Realized: Entry $268.00 | Exit $-43.00 | Comms $1.40 | P&L $225.00 | Status: Rolled
2026-01-26 11:58:23,762 [INFO] utils.trades: LEG ID: 47 | TSLA 20251205 440.0Call | Qty: -1
2026-01-26 11:58:23,763 [INFO] utils.trades:   > Realized: Entry $388.00 | Exit $-618.00 | Comms $1.36 | P&L $-230.00 | Status: Rolled
2026-01-26 11:58:23,763 [INFO] utils.trades: LEG ID: 48 | TSLA 20251212 455.0Call | Qty: -1
2026-01-26 11:58:23,763 [INFO] utils.trades:   > Realized: Entry $663.00 | Exit $-128.00 | Comms $1.69 | P&L $535.00 | Status: Rolled
2026-01-26 11:58:23,764 [INFO] utils.trades: LEG ID: 49 | TSLA 20251219 455.0Call | Qty: -1
2026-01-26 11:58:23,764 [INFO] utils.trades:   > Realized: Entry $713.00 | Exit $-2,520.00 | Comms $1.69 | P&L $-1,807.00 | Status: Rolled
2026-01-26 11:58:23,764 [INFO] utils.trades: LEG ID: 50 | TSLA 20260102 470.0Call | Qty: -1
2026-01-26 11:58:23,764 [INFO] utils.trades:   > Realized: Entry $2,417.00 | Exit $-2.00 | Comms $1.73 | P&L $2,415.00 | Status: Rolled
2026-01-26 11:58:23,765 [INFO] utils.trades: LEG ID: 51 | TSLA 20260109 470.0Call | Qty: -1
2026-01-26 11:58:23,765 [INFO] utils.trades:   > Realized: Entry $238.00 | Exit $-22.00 | Comms $2.10 | P&L $216.00 | Status: Rolled
2026-01-26 11:58:23,766 [INFO] utils.trades: LEG ID: 52 | TSLA 20260116 470.0Call | Qty: -1
2026-01-26 11:58:23,766 [INFO] utils.trades:   > Realized: Entry $208.00 | Exit $-23.00 | Comms $2.60 | P&L $185.00 | Status: Rolled
2026-01-26 11:58:23,766 [INFO] utils.trades: LEG ID: 53 | TSLA 20260116 455.0Call | Qty: -1
2026-01-26 11:58:23,766 [INFO] utils.trades:   > Realized: Entry $109.00 | Exit $-32.00 | Comms $2.14 | P&L $77.00 | Status: Rolled
2026-01-26 11:58:23,767 [INFO] utils.trades: LEG ID: 54 | TSLA 20260123 462.5Call | Qty: -1
2026-01-26 11:58:23,768 [INFO] utils.trades:   > Realized: Entry $272.00 | Exit $-10.00 | Comms $1.40 | P&L $262.00 | Status: Rolled
2026-01-26 11:58:23,770 [INFO] utils.trades: LEG ID: 74 | TSLA 20260123 442.5Call | Qty: -1
2026-01-26 11:58:23,771 [INFO] utils.trades:   > Realized: Entry $220.00 | Exit $-550.00 | Comms $1.40 | P&L $-330.00 | Status: Rolled
2026-01-26 11:58:23,773 [INFO] utils.trades:   > CURRENT MARKET VALUE TO LIQUIDATE: (Mark 29.18) * Qty -1 = -2,918.00
2026-01-26 11:58:23,774 [INFO] utils.trades: LEG ID: 77 | TSLA 20260220 440.0Call | Qty: -1
2026-01-26 11:58:23,774 [INFO] utils.trades:   > UNREALIZED: (Mark 29.18 - Entry 27.25) * Qty -1 = -2,918.00
2026-01-26 11:58:23,775 [INFO] utils.trades: --- SUMMARY ---
2026-01-26 11:58:23,776 [INFO] utils.trades: Initial Baseline: -4,465.40
2026-01-26 11:58:23,776 [INFO] utils.trades: Total Realized Cash: -206.13
2026-01-26 11:58:23,777 [INFO] utils.trades: Total Unrealized P&L: 0.00
2026-01-26 11:58:23,777 [INFO] utils.trades: Final True P&L: -206.13
2026-01-26 11:58:23,777 [INFO] utils.trades: --- DEBUG END ---

2026-01-26 11:58:23,800 [INFO] utils.trades:   > CURRENT MARKET VALUE TO LIQUIDATE: (Mark 4.02) * Qty -4 = -1,608.00
2026-01-26 11:58:23,801 [INFO] utils.trades: LEG ID: 55 | RKLB 20260213 80.0Put | Qty: -4
2026-01-26 11:58:23,802 [INFO] utils.trades:   > UNREALIZED: (Mark 4.02 - Entry 4.93) * Qty -4 = -1,608.00
2026-01-26 11:58:23,802 [INFO] utils.trades:   > CURRENT MARKET VALUE TO LIQUIDATE: (Mark 2.0820489119457752) * Qty 4 = 832.82
2026-01-26 11:58:23,804 [INFO] utils.trades: LEG ID: 56 | RKLB 20260213 75.0Put | Qty: 4
2026-01-26 11:58:23,805 [INFO] utils.trades:   > UNREALIZED: (Mark 2.0820489119457752 - Entry 3.13) * Qty 4 = 832.82
2026-01-26 11:58:23,805 [INFO] utils.trades: --- SUMMARY ---
2026-01-26 11:58:23,806 [INFO] utils.trades: Initial Baseline: 717.50
2026-01-26 11:58:23,809 [INFO] utils.trades: Total Realized Cash: 717.50
2026-01-26 11:58:23,811 [INFO] utils.trades: Total Unrealized P&L: -775.18
2026-01-26 11:58:23,813 [INFO] utils.trades: Final True P&L: -57.68
2026-01-26 11:58:23,814 [INFO] utils.trades: --- DEBUG END ---

2026-01-26 11:58:23,882 [INFO] utils.trades: LEG ID: 57 | NVDA 20250919 170.0Call | Qty: -1
2026-01-26 11:58:23,891 [INFO] utils.trades:   > Realized: Entry $416.00 | Exit $-632.00 | Comms $2.04 | P&L $-216.00 | Status: Rolled
2026-01-26 11:58:23,895 [INFO] utils.trades:   > CURRENT MARKET VALUE TO LIQUIDATE: (Mark 24.354095875426868) * Qty 1 = 2,435.41
2026-01-26 11:58:23,906 [INFO] utils.trades: LEG ID: 58 | NVDA 20260320 170.0Call | Qty: 1
2026-01-26 11:58:23,909 [INFO] utils.trades:   > UNREALIZED: (Mark 24.354095875426868 - Entry 21.19) * Qty 1 = 2,435.41
2026-01-26 11:58:23,921 [INFO] utils.trades: LEG ID: 59 | NVDA 20251003 175.0Call | Qty: -1
2026-01-26 11:58:23,935 [INFO] utils.trades:   > Realized: Entry $542.00 | Exit $-774.00 | Comms $1.70 | P&L $-232.00 | Status: Rolled
2026-01-26 11:58:23,975 [INFO] utils.trades: LEG ID: 60 | NVDA 20251010 177.5Call | Qty: -1
2026-01-26 11:58:23,980 [INFO] utils.trades:   > Realized: Entry $737.00 | Exit $-1,072.00 | Comms $1.41 | P&L $-335.00 | Status: Rolled
2026-01-26 11:58:23,982 [INFO] utils.trades: LEG ID: 61 | NVDA 20251031 185.0Call | Qty: -1
2026-01-26 11:58:24,013 [INFO] utils.trades:   > Realized: Entry $937.00 | Exit $-1,417.00 | Comms $1.40 | P&L $-480.00 | Status: Rolled
2026-01-26 11:58:24,016 [INFO] utils.trades: LEG ID: 62 | NVDA 20251107 190.0Call | Qty: -1
2026-01-26 11:58:24,022 [INFO] utils.trades:   > Realized: Entry $1,182.00 | Exit $-2,078.00 | Comms $1.75 | P&L $-896.00 | Status: Rolled
2026-01-26 11:58:24,027 [INFO] utils.trades: LEG ID: 63 | NVDA 20251121 200.0Call | Qty: -1
2026-01-26 11:58:24,029 [INFO] utils.trades:   > Realized: Entry $1,676.00 | Exit $-2.00 | Comms $2.10 | P&L $1,674.00 | Status: Rolled
2026-01-26 11:58:24,033 [INFO] utils.trades: LEG ID: 64 | NVDA 20251128 190.0Call | Qty: -1
2026-01-26 11:58:24,051 [INFO] utils.trades:   > Realized: Entry $156.00 | Exit $-10.00 | Comms $2.04 | P&L $146.00 | Status: Rolled
2026-01-26 11:58:24,052 [INFO] utils.trades: LEG ID: 65 | NVDA 20251128 175.0Call | Qty: -1
2026-01-26 11:58:24,052 [INFO] utils.trades:   > Realized: Entry $203.00 | Exit $-660.00 | Comms $1.69 | P&L $-457.00 | Status: Rolled
2026-01-26 11:58:24,057 [INFO] utils.trades: LEG ID: 66 | NVDA 20251205 180.0Call | Qty: -1
2026-01-26 11:58:24,061 [INFO] utils.trades:   > Realized: Entry $550.00 | Exit $-614.00 | Comms $1.37 | P&L $-64.00 | Status: Rolled
2026-01-26 11:58:24,074 [INFO] utils.trades: LEG ID: 67 | NVDA 20251219 187.0Call | Qty: -1
2026-01-26 11:58:24,091 [INFO] utils.trades:   > Realized: Entry $559.00 | Exit $-7.00 | Comms $1.88 | P&L $552.00 | Status: Rolled
2026-01-26 11:58:24,111 [INFO] utils.trades: LEG ID: 68 | NVDA 20251226 185.0Call | Qty: -1
2026-01-26 11:58:24,117 [INFO] utils.trades:   > Realized: Entry $58.00 | Exit $-571.00 | Comms $1.89 | P&L $-513.00 | Status: Rolled
2026-01-26 11:58:24,127 [INFO] utils.trades: LEG ID: 69 | NVDA 20260102 190.0Call | Qty: -1
2026-01-26 11:58:24,132 [INFO] utils.trades:   > Realized: Entry $336.00 | Exit $-94.00 | Comms $1.73 | P&L $242.00 | Status: Rolled
2026-01-26 11:58:24,146 [INFO] utils.trades: LEG ID: 70 | NVDA 20260109 192.5Call | Qty: -1
2026-01-26 11:58:24,161 [INFO] utils.trades:   > Realized: Entry $240.00 | Exit $-110.00 | Comms $2.10 | P&L $130.00 | Status: Rolled
2026-01-26 11:58:24,162 [INFO] utils.trades: LEG ID: 71 | NVDA 20260116 195.0Call | Qty: -1
2026-01-26 11:58:24,163 [INFO] utils.trades:   > Realized: Entry $211.00 | Exit $-24.00 | Comms $1.75 | P&L $187.00 | Status: Rolled
2026-01-26 11:58:24,164 [INFO] utils.trades: LEG ID: 72 | NVDA 20260123 195.0Call | Qty: -1
2026-01-26 11:58:24,164 [INFO] utils.trades:   > Realized: Entry $86.00 | Exit $-4.00 | Comms $1.75 | P&L $82.00 | Status: Rolled
2026-01-26 11:58:24,165 [INFO] utils.trades: LEG ID: 73 | NVDA 20260123 185.0Call | Qty: -1
2026-01-26 11:58:24,166 [INFO] utils.trades:   > Realized: Entry $60.00 | Exit $-280.00 | Comms $2.10 | P&L $-220.00 | Status: Rolled
2026-01-26 11:58:24,174 [INFO] utils.trades:   > CURRENT MARKET VALUE TO LIQUIDATE: (Mark 1.96) * Qty -1 = -196.00
2026-01-26 11:58:24,183 [INFO] utils.trades: LEG ID: 76 | NVDA 20260130 190.0Call | Qty: -1
2026-01-26 11:58:24,195 [INFO] utils.trades:   > UNREALIZED: (Mark 1.96 - Entry 2.9) * Qty -1 = -196.00
2026-01-26 11:58:24,211 [INFO] utils.trades: --- SUMMARY ---
2026-01-26 11:58:24,216 [INFO] utils.trades: Initial Baseline: -1,705.10
2026-01-26 11:58:24,222 [INFO] utils.trades: Total Realized Cash: -2,259.80
2026-01-26 11:58:24,224 [INFO] utils.trades: Total Unrealized P&L: 2,239.41
2026-01-26 11:58:24,238 [INFO] utils.trades: Final True P&L: -20.39
2026-01-26 11:58:24,239 [INFO] utils.trades: --- DEBUG END ---

2026-01-26 12:01:45,098 [DEBUG] __main__: Starting Open Trades page
2026-01-26 12:01:45,336 [DEBUG] __main__: get_all_open_positions() INITIATED
2026-01-26 12:01:45,337 [DEBUG] __main__: Fetching positions (Refresh Count: {refresh_count})
2026-01-26 12:01:45,342 [DEBUG] utils.trades: 
--- DATABASE FETCH DEBUG ---
2026-01-26 12:01:45,342 [DEBUG] utils.trades: Group ID 5: Total Legs Found: 2 | Statuses: ['Active', 'Active']
2026-01-26 12:01:45,342 [DEBUG] utils.trades: Group ID 9: Total Legs Found: 15 | Statuses: ['Active', 'Active', 'Rolled', 'Rolled', 'Rolled', 'Rolled', 'Rolled', 'Rolled', 'Rolled', 'Rolled', 'Rolled', 'Rolled', 'Rolled', 'Rolled', 'Rolled']
2026-01-26 12:01:45,343 [DEBUG] utils.trades: Group ID 10: Total Legs Found: 15 | Statuses: ['Active', 'Active', 'Rolled', 'Rolled', 'Rolled', 'Rolled', 'Rolled', 'Rolled', 'Rolled', 'Rolled', 'Rolled', 'Rolled', 'Rolled', 'Rolled', 'Rolled']
2026-01-26 12:01:45,343 [DEBUG] utils.trades: Group ID 11: Total Legs Found: 2 | Statuses: ['Active', 'Active']
2026-01-26 12:01:45,343 [DEBUG] utils.trades: Group ID 12: Total Legs Found: 18 | Statuses: ['Active', 'Active', 'Rolled', 'Rolled', 'Rolled', 'Rolled', 'Rolled', 'Rolled', 'Rolled', 'Rolled', 'Rolled', 'Rolled', 'Rolled', 'Rolled', 'Rolled', 'Rolled', 'Rolled', 'Rolled']
2026-01-26 12:01:45,343 [INFO] utils.trades: Fetching live option quote for CRWD 20260220 435.0P
2026-01-26 12:01:45,344 [INFO] utils.quote_manager: [get_quote] START symbol=CRWD, expiry=20260220, strike=435.0, right=P
2026-01-26 12:01:45,555 [INFO] utils.quote_manager: [get_quote] Request the right market data: session=weekend
2026-01-26 12:01:50,578 [WARNING] utils.quote_manager: [subscribe_get_quote] TIMEOUT for CRWD after 5.02s: last=nan, bid=-1.0, ask=-1.0, mg=None
2026-01-26 12:01:50,579 [DEBUG] utils.trades: get_quote() took 5.24 seconds
2026-01-26 12:01:50,580 [DEBUG] utils.trades: Received option quote for CRWD 20260220 435.0P: 10.61
2026-01-26 12:01:50,580 [DEBUG] utils.trades: Fetching live stock quote (in options) for CRWD
2026-01-26 12:01:50,581 [INFO] utils.quote_manager: [get_quote] START symbol=CRWD, expiry=None, strike=None, right=None
2026-01-26 12:01:50,906 [INFO] utils.quote_manager: [get_quote] Request the right market data: session=weekend
2026-01-26 12:01:50,909 [INFO] utils.quote_manager: [subscribe-get_quote] CRWD | Price Found: True (450.32) | Greeks Source: None | IV: N/A
2026-01-26 12:01:50,914 [INFO] utils.quote_manager: [subscribe-get_quote] Full data ready for CRWD
2026-01-26 12:01:50,920 [DEBUG] utils.trades: get_quote() took 0.34 seconds
2026-01-26 12:01:50,923 [DEBUG] utils.trades: Received stock quote (in options) for CRWD: 450.32
2026-01-26 12:01:50,927 [INFO] utils.trades: Fetching live option quote for CRWD 20260206 470.0P
2026-01-26 12:01:50,930 [INFO] utils.quote_manager: [get_quote] START symbol=CRWD, expiry=20260206, strike=470.0, right=P
2026-01-26 12:01:51,053 [INFO] utils.quote_manager: [get_quote] Request the right market data: session=weekend
2026-01-26 12:01:56,082 [WARNING] utils.quote_manager: [subscribe_get_quote] TIMEOUT for CRWD after 5.03s: last=nan, bid=-1.0, ask=-1.0, mg=None
2026-01-26 12:01:56,086 [DEBUG] utils.trades: get_quote() took 5.16 seconds
2026-01-26 12:01:56,087 [DEBUG] utils.trades: Received option quote for CRWD 20260206 470.0P: 22.71
2026-01-26 12:01:56,087 [DEBUG] utils.trades: Fetching live stock quote (in options) for CRWD
2026-01-26 12:01:56,088 [INFO] utils.quote_manager: [get_quote] START symbol=CRWD, expiry=None, strike=None, right=None
2026-01-26 12:01:56,574 [INFO] utils.quote_manager: [get_quote] Request the right market data: session=weekend
2026-01-26 12:01:56,576 [INFO] utils.quote_manager: [subscribe-get_quote] CRWD | Price Found: True (450.32) | Greeks Source: None | IV: N/A
2026-01-26 12:01:56,577 [INFO] utils.quote_manager: [subscribe-get_quote] Full data ready for CRWD
2026-01-26 12:01:56,579 [DEBUG] utils.trades: get_quote() took 0.49 seconds
2026-01-26 12:01:56,580 [DEBUG] utils.trades: Received stock quote (in options) for CRWD: 450.32
2026-01-26 12:01:56,585 [DEBUG] utils.trades: Fetching live stock quote for INTC
2026-01-26 12:01:56,591 [INFO] utils.quote_manager: [get_quote] START symbol=INTC, expiry=None, strike=None, right=None
2026-01-26 12:01:57,249 [INFO] utils.quote_manager: [get_quote] Request the right market data: session=weekend
2026-01-26 12:01:57,253 [INFO] utils.quote_manager: [subscribe-get_quote] INTC | Price Found: True (43.93) | Greeks Source: None | IV: N/A
2026-01-26 12:01:57,254 [INFO] utils.quote_manager: [subscribe-get_quote] Full data ready for INTC
2026-01-26 12:01:57,255 [DEBUG] utils.trades: get_quote() took 0.67 seconds
2026-01-26 12:01:57,256 [DEBUG] utils.trades: Received stock quote for INTC: 43.93
2026-01-26 12:01:57,257 [INFO] utils.trades: Fetching live option quote for TSLA 20260130 495.0C
2026-01-26 12:01:57,259 [INFO] utils.quote_manager: [get_quote] START symbol=TSLA, expiry=20260130, strike=495.0, right=C
2026-01-26 12:01:57,805 [INFO] utils.quote_manager: [get_quote] Request the right market data: session=weekend
2026-01-26 12:01:57,811 [INFO] utils.quote_manager: [subscribe-get_quote] TSLA | Price Found: True (1.826318490864032) | Greeks Source: modelGreeks | IV: 0.5577525638506
2026-01-26 12:01:57,813 [INFO] utils.quote_manager: [subscribe-get_quote] Full data ready for TSLA
2026-01-26 12:01:57,818 [DEBUG] utils.trades: get_quote() took 0.56 seconds
2026-01-26 12:01:57,820 [DEBUG] utils.trades: Received option quote for TSLA 20260130 495.0C: 1.826318490864032
2026-01-26 12:01:57,823 [DEBUG] utils.trades: Fetching live stock quote (in options) for TSLA
2026-01-26 12:01:57,824 [INFO] utils.quote_manager: [get_quote] START symbol=TSLA, expiry=None, strike=None, right=None
2026-01-26 12:01:57,981 [INFO] utils.quote_manager: [get_quote] Request the right market data: session=weekend
2026-01-26 12:01:57,984 [INFO] utils.quote_manager: [subscribe-get_quote] TSLA | Price Found: True (442.95) | Greeks Source: None | IV: N/A
2026-01-26 12:01:57,985 [INFO] utils.quote_manager: [subscribe-get_quote] Full data ready for TSLA
2026-01-26 12:01:57,987 [DEBUG] utils.trades: get_quote() took 0.16 seconds
2026-01-26 12:01:57,988 [DEBUG] utils.trades: Received stock quote (in options) for TSLA: 442.95
2026-01-26 12:01:57,989 [INFO] utils.trades: Fetching live option quote for SNDK 20260213 320.0P
2026-01-26 12:01:57,989 [INFO] utils.quote_manager: [get_quote] START symbol=SNDK, expiry=20260213, strike=320.0, right=P
2026-01-26 12:01:58,100 [INFO] utils.quote_manager: [get_quote] Request the right market data: session=weekend
2026-01-26 12:02:03,150 [WARNING] utils.quote_manager: [subscribe_get_quote] TIMEOUT for SNDK after 5.05s: last=nan, bid=-1.0, ask=-1.0, mg=None
2026-01-26 12:02:03,153 [DEBUG] utils.trades: get_quote() took 5.16 seconds
2026-01-26 12:02:03,155 [DEBUG] utils.trades: Received option quote for SNDK 20260213 320.0P: 4.44
2026-01-26 12:02:03,156 [DEBUG] utils.trades: Fetching live stock quote (in options) for SNDK
2026-01-26 12:02:03,156 [INFO] utils.quote_manager: [get_quote] START symbol=SNDK, expiry=None, strike=None, right=None
2026-01-26 12:02:03,259 [INFO] utils.quote_manager: [get_quote] Request the right market data: session=weekend
2026-01-26 12:02:03,259 [INFO] utils.quote_manager: [subscribe-get_quote] SNDK | Price Found: True (465.1) | Greeks Source: None | IV: N/A
2026-01-26 12:02:03,259 [INFO] utils.quote_manager: [subscribe-get_quote] Full data ready for SNDK
2026-01-26 12:02:03,266 [DEBUG] utils.trades: get_quote() took 0.11 seconds
2026-01-26 12:02:03,271 [DEBUG] utils.trades: Received stock quote (in options) for SNDK: 465.1
2026-01-26 12:02:03,271 [INFO] utils.trades: Fetching live option quote for TSLA 20260130 465.0C
2026-01-26 12:02:03,272 [INFO] utils.quote_manager: [get_quote] START symbol=TSLA, expiry=20260130, strike=465.0, right=C
2026-01-26 12:02:03,377 [INFO] utils.quote_manager: [get_quote] Request the right market data: session=weekend
2026-01-26 12:02:08,397 [WARNING] utils.quote_manager: [subscribe_get_quote] TIMEOUT for TSLA after 5.02s: last=nan, bid=-1.0, ask=-1.0, mg=None
2026-01-26 12:02:08,398 [DEBUG] utils.trades: get_quote() took 5.13 seconds
2026-01-26 12:02:08,398 [DEBUG] utils.trades: Received option quote for TSLA 20260130 465.0C: 8.52
2026-01-26 12:02:08,399 [DEBUG] utils.trades: Fetching live stock quote (in options) for TSLA
2026-01-26 12:02:08,399 [INFO] utils.quote_manager: [get_quote] START symbol=TSLA, expiry=None, strike=None, right=None
2026-01-26 12:02:08,508 [INFO] utils.quote_manager: [get_quote] Request the right market data: session=weekend
2026-01-26 12:02:08,508 [INFO] utils.quote_manager: [subscribe-get_quote] TSLA | Price Found: True (442.95) | Greeks Source: None | IV: N/A
2026-01-26 12:02:08,508 [INFO] utils.quote_manager: [subscribe-get_quote] Full data ready for TSLA
2026-01-26 12:02:08,509 [DEBUG] utils.trades: get_quote() took 0.11 seconds
2026-01-26 12:02:08,509 [DEBUG] utils.trades: Received stock quote (in options) for TSLA: 442.95
2026-01-26 12:02:08,510 [INFO] utils.trades: Fetching live option quote for ANET 20260206 115.0P
2026-01-26 12:02:08,510 [INFO] utils.quote_manager: [get_quote] START symbol=ANET, expiry=20260206, strike=115.0, right=P
2026-01-26 12:02:08,608 [INFO] utils.quote_manager: [get_quote] Request the right market data: session=weekend
2026-01-26 12:02:08,608 [INFO] utils.quote_manager: [subscribe-get_quote] ANET | Price Found: True (0.390350202475549) | Greeks Source: modelGreeks | IV: 0.5728285158120052
2026-01-26 12:02:08,609 [INFO] utils.quote_manager: [subscribe-get_quote] Full data ready for ANET
2026-01-26 12:02:08,609 [DEBUG] utils.trades: get_quote() took 0.10 seconds
2026-01-26 12:02:08,609 [DEBUG] utils.trades: Received option quote for ANET 20260206 115.0P: 0.390350202475549
2026-01-26 12:02:08,609 [DEBUG] utils.trades: Fetching live stock quote (in options) for ANET
2026-01-26 12:02:08,609 [INFO] utils.quote_manager: [get_quote] START symbol=ANET, expiry=None, strike=None, right=None
2026-01-26 12:02:08,708 [INFO] utils.quote_manager: [get_quote] Request the right market data: session=weekend
2026-01-26 12:02:08,709 [INFO] utils.quote_manager: [subscribe-get_quote] ANET | Price Found: True (134.0) | Greeks Source: None | IV: N/A
2026-01-26 12:02:08,709 [INFO] utils.quote_manager: [subscribe-get_quote] Full data ready for ANET
2026-01-26 12:02:08,709 [DEBUG] utils.trades: get_quote() took 0.10 seconds
2026-01-26 12:02:08,709 [DEBUG] utils.trades: Received stock quote (in options) for ANET: 134.0
2026-01-26 12:02:08,712 [DEBUG] utils.trades: Fetching live stock quote for SNDK
2026-01-26 12:02:08,713 [INFO] utils.quote_manager: [get_quote] START symbol=SNDK, expiry=None, strike=None, right=None
2026-01-26 12:02:08,812 [INFO] utils.quote_manager: [get_quote] Request the right market data: session=weekend
2026-01-26 12:02:08,815 [INFO] utils.quote_manager: [subscribe-get_quote] SNDK | Price Found: True (465.1) | Greeks Source: None | IV: N/A
2026-01-26 12:02:08,815 [INFO] utils.quote_manager: [subscribe-get_quote] Full data ready for SNDK
2026-01-26 12:02:08,816 [DEBUG] utils.trades: get_quote() took 0.10 seconds
2026-01-26 12:02:08,816 [DEBUG] utils.trades: Received stock quote for SNDK: 465.1
2026-01-26 12:02:08,816 [INFO] utils.trades: Fetching live option quote for TSM 20260206 300.0P
2026-01-26 12:02:08,817 [INFO] utils.quote_manager: [get_quote] START symbol=TSM, expiry=20260206, strike=300.0, right=P
2026-01-26 12:02:08,935 [INFO] utils.quote_manager: [get_quote] Request the right market data: session=weekend
2026-01-26 12:02:13,961 [WARNING] utils.quote_manager: [subscribe_get_quote] TIMEOUT for TSM after 5.02s: last=nan, bid=-1.0, ask=-1.0, mg=None
2026-01-26 12:02:13,963 [DEBUG] utils.trades: get_quote() took 5.15 seconds
2026-01-26 12:02:13,963 [DEBUG] utils.trades: Received option quote for TSM 20260206 300.0P: 1.57
2026-01-26 12:02:13,964 [DEBUG] utils.trades: Fetching live stock quote (in options) for TSM
2026-01-26 12:02:13,964 [INFO] utils.quote_manager: [get_quote] START symbol=TSM, expiry=None, strike=None, right=None
2026-01-26 12:02:14,067 [INFO] utils.quote_manager: [get_quote] Request the right market data: session=weekend
2026-01-26 12:02:14,075 [INFO] utils.quote_manager: [subscribe-get_quote] TSM | Price Found: True (332.0) | Greeks Source: None | IV: N/A
2026-01-26 12:02:14,082 [INFO] utils.quote_manager: [subscribe-get_quote] Full data ready for TSM
2026-01-26 12:02:14,085 [DEBUG] utils.trades: get_quote() took 0.12 seconds
2026-01-26 12:02:14,086 [DEBUG] utils.trades: Received stock quote (in options) for TSM: 332.0
2026-01-26 12:02:14,090 [INFO] utils.trades: Fetching live option quote for APLD 20260206 25.5P
2026-01-26 12:02:14,091 [INFO] utils.quote_manager: [get_quote] START symbol=APLD, expiry=20260206, strike=25.5, right=P
2026-01-26 12:02:14,192 [INFO] utils.quote_manager: [get_quote] Request the right market data: session=weekend
2026-01-26 12:02:19,236 [WARNING] utils.quote_manager: [subscribe_get_quote] TIMEOUT for APLD after 5.04s: last=nan, bid=-1.0, ask=-1.0, mg=None
2026-01-26 12:02:19,237 [DEBUG] utils.trades: get_quote() took 5.15 seconds
2026-01-26 12:02:19,237 [DEBUG] utils.trades: Received option quote for APLD 20260206 25.5P: 0.25
2026-01-26 12:02:19,238 [DEBUG] utils.trades: Fetching live stock quote (in options) for APLD
2026-01-26 12:02:19,238 [INFO] utils.quote_manager: [get_quote] START symbol=APLD, expiry=None, strike=None, right=None
2026-01-26 12:02:19,358 [INFO] utils.quote_manager: [get_quote] Request the right market data: session=weekend
2026-01-26 12:02:19,358 [INFO] utils.quote_manager: [subscribe-get_quote] APLD | Price Found: True (36.87) | Greeks Source: None | IV: N/A
2026-01-26 12:02:19,358 [INFO] utils.quote_manager: [subscribe-get_quote] Full data ready for APLD
2026-01-26 12:02:19,359 [DEBUG] utils.trades: get_quote() took 0.12 seconds
2026-01-26 12:02:19,359 [DEBUG] utils.trades: Received stock quote (in options) for APLD: 36.87
2026-01-26 12:02:19,359 [INFO] utils.trades: Fetching live option quote for AMD 20260130 255.0C
2026-01-26 12:02:19,359 [INFO] utils.quote_manager: [get_quote] START symbol=AMD, expiry=20260130, strike=255.0, right=C
2026-01-26 12:02:19,454 [INFO] utils.quote_manager: [get_quote] Request the right market data: session=weekend
2026-01-26 12:02:19,455 [INFO] utils.quote_manager: [subscribe-get_quote] AMD | Price Found: True (10.498249898704527) | Greeks Source: modelGreeks | IV: 0.5508214533047111
2026-01-26 12:02:19,455 [INFO] utils.quote_manager: [subscribe-get_quote] Full data ready for AMD
2026-01-26 12:02:19,461 [DEBUG] utils.trades: get_quote() took 0.10 seconds
2026-01-26 12:02:19,462 [DEBUG] utils.trades: Received option quote for AMD 20260130 255.0C: 10.498249898704527
2026-01-26 12:02:19,467 [DEBUG] utils.trades: Fetching live stock quote (in options) for AMD
2026-01-26 12:02:19,468 [INFO] utils.quote_manager: [get_quote] START symbol=AMD, expiry=None, strike=None, right=None
2026-01-26 12:02:19,583 [INFO] utils.quote_manager: [get_quote] Request the right market data: session=weekend
2026-01-26 12:02:19,583 [INFO] utils.quote_manager: [subscribe-get_quote] AMD | Price Found: True (257.2) | Greeks Source: None | IV: N/A
2026-01-26 12:02:19,584 [INFO] utils.quote_manager: [subscribe-get_quote] Full data ready for AMD
2026-01-26 12:02:19,587 [DEBUG] utils.trades: get_quote() took 0.12 seconds
2026-01-26 12:02:19,591 [DEBUG] utils.trades: Received stock quote (in options) for AMD: 257.2
2026-01-26 12:02:19,592 [INFO] utils.trades: Fetching live option quote for IREN 20260130 36.0P
2026-01-26 12:02:19,594 [INFO] utils.quote_manager: [get_quote] START symbol=IREN, expiry=20260130, strike=36.0, right=P
2026-01-26 12:02:19,712 [INFO] utils.quote_manager: [get_quote] Request the right market data: session=weekend
2026-01-26 12:02:24,729 [WARNING] utils.quote_manager: [subscribe_get_quote] TIMEOUT for IREN after 5.02s: last=nan, bid=-1.0, ask=-1.0, mg=None
2026-01-26 12:02:24,730 [DEBUG] utils.trades: get_quote() took 5.14 seconds
2026-01-26 12:02:24,730 [DEBUG] utils.trades: Received option quote for IREN 20260130 36.0P: 0.38
2026-01-26 12:02:24,730 [DEBUG] utils.trades: Fetching live stock quote (in options) for IREN
2026-01-26 12:02:24,731 [INFO] utils.quote_manager: [get_quote] START symbol=IREN, expiry=None, strike=None, right=None
2026-01-26 12:02:24,841 [INFO] utils.quote_manager: [get_quote] Request the right market data: session=weekend
2026-01-26 12:02:24,841 [INFO] utils.quote_manager: [subscribe-get_quote] IREN | Price Found: True (54.77) | Greeks Source: None | IV: N/A
2026-01-26 12:02:24,845 [INFO] utils.quote_manager: [subscribe-get_quote] Full data ready for IREN
2026-01-26 12:02:24,846 [DEBUG] utils.trades: get_quote() took 0.12 seconds
2026-01-26 12:02:24,849 [DEBUG] utils.trades: Received stock quote (in options) for IREN: 54.77
2026-01-26 12:02:24,856 [DEBUG] utils.trades: Fetching live stock quote for TSLA
2026-01-26 12:02:24,857 [INFO] utils.quote_manager: [get_quote] START symbol=TSLA, expiry=None, strike=None, right=None
2026-01-26 12:02:24,952 [INFO] utils.quote_manager: [get_quote] Request the right market data: session=weekend
2026-01-26 12:02:24,952 [INFO] utils.quote_manager: [subscribe-get_quote] TSLA | Price Found: True (442.95) | Greeks Source: None | IV: N/A
2026-01-26 12:02:24,953 [INFO] utils.quote_manager: [subscribe-get_quote] Full data ready for TSLA
2026-01-26 12:02:24,953 [DEBUG] utils.trades: get_quote() took 0.10 seconds
2026-01-26 12:02:24,953 [DEBUG] utils.trades: Received stock quote for TSLA: 442.95
2026-01-26 12:02:24,953 [INFO] utils.trades: Fetching live option quote for CLS 20260130 275.0P
2026-01-26 12:02:24,953 [INFO] utils.quote_manager: [get_quote] START symbol=CLS, expiry=20260130, strike=275.0, right=P
2026-01-26 12:02:25,045 [INFO] utils.quote_manager: [get_quote] Request the right market data: session=weekend
2026-01-26 12:02:30,056 [WARNING] utils.quote_manager: [subscribe_get_quote] TIMEOUT for CLS after 5.01s: last=nan, bid=-1.0, ask=-1.0, mg=None
2026-01-26 12:02:30,056 [DEBUG] utils.trades: get_quote() took 5.10 seconds
2026-01-26 12:02:30,057 [DEBUG] utils.trades: Received option quote for CLS 20260130 275.0P: 12.04
2026-01-26 12:02:30,057 [DEBUG] utils.trades: Fetching live stock quote (in options) for CLS
2026-01-26 12:02:30,057 [INFO] utils.quote_manager: [get_quote] START symbol=CLS, expiry=None, strike=None, right=None
2026-01-26 12:02:30,168 [INFO] utils.quote_manager: [get_quote] Request the right market data: session=weekend
2026-01-26 12:02:30,168 [INFO] utils.quote_manager: [subscribe-get_quote] CLS | Price Found: True (297.0) | Greeks Source: None | IV: N/A
2026-01-26 12:02:30,175 [INFO] utils.quote_manager: [subscribe-get_quote] Full data ready for CLS
2026-01-26 12:02:30,175 [DEBUG] utils.trades: get_quote() took 0.12 seconds
2026-01-26 12:02:30,180 [DEBUG] utils.trades: Received stock quote (in options) for CLS: 297.0
2026-01-26 12:02:30,183 [INFO] utils.trades: Fetching live option quote for ONDS 20260130 7.5P
2026-01-26 12:02:30,183 [INFO] utils.quote_manager: [get_quote] START symbol=ONDS, expiry=20260130, strike=7.5, right=P
2026-01-26 12:02:30,289 [INFO] utils.quote_manager: [get_quote] Request the right market data: session=weekend
2026-01-26 12:02:30,292 [INFO] utils.quote_manager: [subscribe-get_quote] ONDS | Price Found: True (0.010309048399622649) | Greeks Source: modelGreeks | IV: 1.5966922910214663
2026-01-26 12:02:30,293 [INFO] utils.quote_manager: [subscribe-get_quote] Full data ready for ONDS
2026-01-26 12:02:30,297 [DEBUG] utils.trades: get_quote() took 0.11 seconds
2026-01-26 12:02:30,301 [DEBUG] utils.trades: Received option quote for ONDS 20260130 7.5P: 0.010309048399622649
2026-01-26 12:02:30,307 [DEBUG] utils.trades: Fetching live stock quote (in options) for ONDS
2026-01-26 12:02:30,311 [INFO] utils.quote_manager: [get_quote] START symbol=ONDS, expiry=None, strike=None, right=None
2026-01-26 12:02:30,413 [INFO] utils.quote_manager: [get_quote] Request the right market data: session=weekend
2026-01-26 12:02:30,414 [INFO] utils.quote_manager: [subscribe-get_quote] ONDS | Price Found: True (11.98) | Greeks Source: None | IV: N/A
2026-01-26 12:02:30,414 [INFO] utils.quote_manager: [subscribe-get_quote] Full data ready for ONDS
2026-01-26 12:02:30,421 [DEBUG] utils.trades: get_quote() took 0.11 seconds
2026-01-26 12:02:30,422 [DEBUG] utils.trades: Received stock quote (in options) for ONDS: 11.98
2026-01-26 12:02:30,425 [INFO] utils.trades: Fetching live option quote for HOOD 20260130 115.0P
2026-01-26 12:02:30,433 [INFO] utils.quote_manager: [get_quote] START symbol=HOOD, expiry=20260130, strike=115.0, right=P
2026-01-26 12:02:30,550 [INFO] utils.quote_manager: [get_quote] Request the right market data: session=weekend
2026-01-26 12:02:30,550 [INFO] utils.quote_manager: [subscribe-get_quote] HOOD | Price Found: True (8.548162504489396) | Greeks Source: modelGreeks | IV: 0.48923327526361143
2026-01-26 12:02:30,550 [INFO] utils.quote_manager: [subscribe-get_quote] Full data ready for HOOD
2026-01-26 12:02:30,553 [DEBUG] utils.trades: get_quote() took 0.13 seconds
2026-01-26 12:02:30,553 [DEBUG] utils.trades: Received option quote for HOOD 20260130 115.0P: 8.548162504489396
2026-01-26 12:02:30,556 [DEBUG] utils.trades: Fetching live stock quote (in options) for HOOD
2026-01-26 12:02:30,559 [INFO] utils.quote_manager: [get_quote] START symbol=HOOD, expiry=None, strike=None, right=None
2026-01-26 12:02:30,663 [INFO] utils.quote_manager: [get_quote] Request the right market data: session=weekend
2026-01-26 12:02:30,664 [INFO] utils.quote_manager: [subscribe-get_quote] HOOD | Price Found: True (105.33) | Greeks Source: None | IV: N/A
2026-01-26 12:02:30,666 [INFO] utils.quote_manager: [subscribe-get_quote] Full data ready for HOOD
2026-01-26 12:02:30,670 [DEBUG] utils.trades: get_quote() took 0.11 seconds
2026-01-26 12:02:30,673 [DEBUG] utils.trades: Received stock quote (in options) for HOOD: 105.33
2026-01-26 12:02:30,674 [INFO] utils.trades: Fetching live option quote for VIX 20260818 13.5C
2026-01-26 12:02:30,674 [INFO] utils.quote_manager: [get_quote] START symbol=VIX, expiry=20260818, strike=13.5, right=C
2026-01-26 12:02:30,780 [INFO] utils.quote_manager: [get_quote] Request the right market data: session=weekend
2026-01-26 12:02:30,781 [INFO] utils.quote_manager: [subscribe-get_quote] VIX | Price Found: True (7.6) | Greeks Source: modelGreeks | IV: 0.3912751865733248
2026-01-26 12:02:30,781 [INFO] utils.quote_manager: [subscribe-get_quote] Full data ready for VIX
2026-01-26 12:02:30,781 [DEBUG] utils.trades: get_quote() took 0.11 seconds
2026-01-26 12:02:30,781 [DEBUG] utils.trades: Received option quote for VIX 20260818 13.5C: 7.6
2026-01-26 12:02:30,781 [DEBUG] utils.trades: Fetching live stock quote (in options) for VIX
2026-01-26 12:02:30,781 [INFO] utils.quote_manager: [get_quote] START symbol=VIX, expiry=None, strike=None, right=None
2026-01-26 12:02:30,868 [INFO] utils.quote_manager: [get_quote] Request the right market data: session=weekend
2026-01-26 12:02:30,868 [INFO] utils.quote_manager: [subscribe] built contract=Stock(symbol='VIX', exchange='SMART', currency='USD') for ('VIX', None, None, None, 0)
2026-01-26 12:02:32,880 [WARNING] utils.quote_manager: [safe_qualify] Qualification failed for VIX: 
2026-01-26 12:02:32,881 [ERROR] utils.quote_manager: [subscribe] All exchanges failed for ('VIX', None, None, None, 0)
2026-01-26 12:02:32,884 [ERROR] utils.quote_manager: [get_quote] ticker is None for ('VIX', None, None, None, 0)
2026-01-26 12:02:32,888 [DEBUG] utils.trades: get_quote() took 2.11 seconds
2026-01-26 12:02:32,894 [DEBUG] utils.trades: Received stock quote (in options) for VIX: None
2026-01-26 12:02:32,903 [DEBUG] utils.trades: Fetching live stock quote for TSLA
2026-01-26 12:02:32,905 [INFO] utils.quote_manager: [get_quote] START symbol=TSLA, expiry=None, strike=None, right=None
2026-01-26 12:02:33,046 [INFO] utils.quote_manager: [get_quote] Request the right market data: session=weekend
2026-01-26 12:02:33,047 [INFO] utils.quote_manager: [subscribe-get_quote] TSLA | Price Found: True (442.95) | Greeks Source: None | IV: N/A
2026-01-26 12:02:33,048 [INFO] utils.quote_manager: [subscribe-get_quote] Full data ready for TSLA
2026-01-26 12:02:33,048 [DEBUG] utils.trades: get_quote() took 0.15 seconds
2026-01-26 12:02:33,048 [DEBUG] utils.trades: Received stock quote for TSLA: 442.95
2026-01-26 12:02:33,049 [DEBUG] utils.trades: Fetching live stock quote for AAPL
2026-01-26 12:02:33,049 [INFO] utils.quote_manager: [get_quote] START symbol=AAPL, expiry=None, strike=None, right=None
2026-01-26 12:02:33,168 [INFO] utils.quote_manager: [get_quote] Request the right market data: session=weekend
2026-01-26 12:02:33,168 [INFO] utils.quote_manager: [subscribe-get_quote] AAPL | Price Found: True (248.26) | Greeks Source: None | IV: N/A
2026-01-26 12:02:33,168 [INFO] utils.quote_manager: [subscribe-get_quote] Full data ready for AAPL
2026-01-26 12:02:33,169 [DEBUG] utils.trades: get_quote() took 0.12 seconds
2026-01-26 12:02:33,169 [DEBUG] utils.trades: Received stock quote for AAPL: 248.26
2026-01-26 12:02:33,169 [DEBUG] utils.trades: Fetching live stock quote for AMD
2026-01-26 12:02:33,169 [INFO] utils.quote_manager: [get_quote] START symbol=AMD, expiry=None, strike=None, right=None
2026-01-26 12:02:33,298 [INFO] utils.quote_manager: [get_quote] Request the right market data: session=weekend
2026-01-26 12:02:33,299 [INFO] utils.quote_manager: [subscribe-get_quote] AMD | Price Found: True (257.2) | Greeks Source: None | IV: N/A
2026-01-26 12:02:33,299 [INFO] utils.quote_manager: [subscribe-get_quote] Full data ready for AMD
2026-01-26 12:02:33,299 [DEBUG] utils.trades: get_quote() took 0.13 seconds
2026-01-26 12:02:33,299 [DEBUG] utils.trades: Received stock quote for AMD: 257.2
2026-01-26 12:02:33,299 [DEBUG] utils.trades: Fetching live stock quote for CRCL
2026-01-26 12:02:33,299 [INFO] utils.quote_manager: [get_quote] START symbol=CRCL, expiry=None, strike=None, right=None
2026-01-26 12:02:33,395 [INFO] utils.quote_manager: [get_quote] Request the right market data: session=weekend
2026-01-26 12:02:33,396 [INFO] utils.quote_manager: [subscribe-get_quote] CRCL | Price Found: True (69.53) | Greeks Source: None | IV: N/A
2026-01-26 12:02:33,396 [INFO] utils.quote_manager: [subscribe-get_quote] Full data ready for CRCL
2026-01-26 12:02:33,396 [DEBUG] utils.trades: get_quote() took 0.10 seconds
2026-01-26 12:02:33,396 [DEBUG] utils.trades: Received stock quote for CRCL: 69.53
2026-01-26 12:02:33,397 [INFO] utils.trades: Fetching live option quote for HOOD 20260320 120.0C
2026-01-26 12:02:33,397 [INFO] utils.quote_manager: [get_quote] START symbol=HOOD, expiry=20260320, strike=120.0, right=C
2026-01-26 12:02:33,492 [INFO] utils.quote_manager: [get_quote] Request the right market data: session=weekend
2026-01-26 12:02:38,555 [WARNING] utils.quote_manager: [subscribe_get_quote] TIMEOUT for HOOD after 5.06s: last=nan, bid=-1.0, ask=-1.0, mg=None
2026-01-26 12:02:38,558 [DEBUG] utils.trades: get_quote() took 5.16 seconds
2026-01-26 12:02:38,559 [DEBUG] utils.trades: Received option quote for HOOD 20260320 120.0C: 5.03
2026-01-26 12:02:38,560 [DEBUG] utils.trades: Fetching live stock quote (in options) for HOOD
2026-01-26 12:02:38,561 [INFO] utils.quote_manager: [get_quote] START symbol=HOOD, expiry=None, strike=None, right=None
2026-01-26 12:02:38,672 [INFO] utils.quote_manager: [get_quote] Request the right market data: session=weekend
2026-01-26 12:02:38,672 [INFO] utils.quote_manager: [subscribe-get_quote] HOOD | Price Found: True (105.33) | Greeks Source: None | IV: N/A
2026-01-26 12:02:38,678 [INFO] utils.quote_manager: [subscribe-get_quote] Full data ready for HOOD
2026-01-26 12:02:38,681 [DEBUG] utils.trades: get_quote() took 0.12 seconds
2026-01-26 12:02:38,684 [DEBUG] utils.trades: Received stock quote (in options) for HOOD: 105.33
2026-01-26 12:02:38,688 [DEBUG] utils.trades: Fetching live stock quote for MSAI
2026-01-26 12:02:38,695 [INFO] utils.quote_manager: [get_quote] START symbol=MSAI, expiry=None, strike=None, right=None
2026-01-26 12:02:38,799 [INFO] utils.quote_manager: [get_quote] Request the right market data: session=weekend
2026-01-26 12:02:38,800 [INFO] utils.quote_manager: [subscribe-get_quote] MSAI | Price Found: True (0.3734) | Greeks Source: None | IV: N/A
2026-01-26 12:02:38,800 [INFO] utils.quote_manager: [subscribe-get_quote] Full data ready for MSAI
2026-01-26 12:02:38,802 [DEBUG] utils.trades: get_quote() took 0.11 seconds
2026-01-26 12:02:38,815 [DEBUG] utils.trades: Received stock quote for MSAI: 0.3734
2026-01-26 12:02:38,851 [DEBUG] utils.trades: Fetching live stock quote for NVDA
2026-01-26 12:02:38,858 [INFO] utils.quote_manager: [get_quote] START symbol=NVDA, expiry=None, strike=None, right=None
2026-01-26 12:02:38,986 [INFO] utils.quote_manager: [get_quote] Request the right market data: session=weekend
2026-01-26 12:02:38,987 [INFO] utils.quote_manager: [subscribe-get_quote] NVDA | Price Found: True (186.24) | Greeks Source: None | IV: N/A
2026-01-26 12:02:38,992 [INFO] utils.quote_manager: [subscribe-get_quote] Full data ready for NVDA
2026-01-26 12:02:38,992 [DEBUG] utils.trades: get_quote() took 0.14 seconds
2026-01-26 12:02:38,992 [DEBUG] utils.trades: Received stock quote for NVDA: 186.24
2026-01-26 12:02:38,993 [DEBUG] utils.trades: Fetching live stock quote for SOFI
2026-01-26 12:02:38,993 [INFO] utils.quote_manager: [get_quote] START symbol=SOFI, expiry=None, strike=None, right=None
2026-01-26 12:02:39,084 [INFO] utils.quote_manager: [get_quote] Request the right market data: session=weekend
2026-01-26 12:02:39,085 [INFO] utils.quote_manager: [subscribe-get_quote] SOFI | Price Found: True (25.65) | Greeks Source: None | IV: N/A
2026-01-26 12:02:39,089 [INFO] utils.quote_manager: [subscribe-get_quote] Full data ready for SOFI
2026-01-26 12:02:39,093 [DEBUG] utils.trades: get_quote() took 0.10 seconds
2026-01-26 12:02:39,093 [DEBUG] utils.trades: Received stock quote for SOFI: 25.65
2026-01-26 12:02:39,099 [DEBUG] utils.trades: Passing 5 groups to complex_groups_to_df...
2026-01-26 12:02:39,106 [INFO] utils.quote_manager: [get_quote] START symbol=FISV, expiry=20260116, strike=65.0, right=Put
2026-01-26 12:02:39,201 [INFO] utils.quote_manager: [get_quote] Request the right market data: session=weekend
2026-01-26 12:02:39,221 [INFO] utils.quote_manager: [subscribe] built contract=Option(symbol='FISV', lastTradeDateOrContractMonth='20260116', strike=65.0, right='Put', multiplier='100', exchange='SMART', currency='USD') for ('FISV', '20260116', 65.0, 'Put', 0)
2026-01-26 12:02:41,231 [WARNING] utils.quote_manager: [safe_qualify] Qualification failed for FISV: 
2026-01-26 12:02:43,241 [WARNING] utils.quote_manager: [safe_qualify] Qualification failed for FISV: 
2026-01-26 12:02:45,363 [WARNING] utils.quote_manager: [safe_qualify] Qualification failed for FISV: 
2026-01-26 12:02:47,476 [WARNING] utils.quote_manager: [safe_qualify] Qualification failed for FISV: 
2026-01-26 12:02:47,580 [ERROR] utils.quote_manager: [subscribe] All exchanges failed for ('FISV', '20260116', 65.0, 'Put', 0)
2026-01-26 12:02:47,582 [ERROR] utils.quote_manager: [get_quote] ticker is None for ('FISV', '20260116', 65.0, 'Put', 0)
2026-01-26 12:02:47,582 [ERROR] utils.trades: Quote failed for leg 10: unsupported operand type(s) for *: 'NoneType' and 'int'
2026-01-26 12:02:47,582 [INFO] utils.quote_manager: [get_quote] START symbol=FISV, expiry=20260116, strike=70.0, right=Put
2026-01-26 12:02:47,676 [INFO] utils.quote_manager: [get_quote] Request the right market data: session=weekend
2026-01-26 12:02:47,676 [INFO] utils.quote_manager: [subscribe] built contract=Option(symbol='FISV', lastTradeDateOrContractMonth='20260116', strike=70.0, right='Put', multiplier='100', exchange='SMART', currency='USD') for ('FISV', '20260116', 70.0, 'Put', 0)
2026-01-26 12:02:49,682 [WARNING] utils.quote_manager: [safe_qualify] Qualification failed for FISV: 
2026-01-26 12:02:51,699 [WARNING] utils.quote_manager: [safe_qualify] Qualification failed for FISV: 
2026-01-26 12:02:53,828 [WARNING] utils.quote_manager: [safe_qualify] Qualification failed for FISV: 
2026-01-26 12:02:55,944 [WARNING] utils.quote_manager: [safe_qualify] Qualification failed for FISV: 
2026-01-26 12:02:56,047 [ERROR] utils.quote_manager: [subscribe] All exchanges failed for ('FISV', '20260116', 70.0, 'Put', 0)
2026-01-26 12:02:56,048 [ERROR] utils.quote_manager: [get_quote] ticker is None for ('FISV', '20260116', 70.0, 'Put', 0)
2026-01-26 12:02:56,049 [ERROR] utils.trades: Quote failed for leg 9: unsupported operand type(s) for *: 'NoneType' and 'int'
2026-01-26 12:02:56,050 [INFO] utils.quote_manager: [get_quote] START symbol=MA, expiry=20260320, strike=560.0, right=Call
2026-01-26 12:02:56,156 [INFO] utils.quote_manager: [get_quote] Request the right market data: session=weekend
2026-01-26 12:02:56,159 [INFO] utils.quote_manager: [subscribe-get_quote] MA | Price Found: True (7.723687468989272) | Greeks Source: modelGreeks | IV: 0.23327907018555047
2026-01-26 12:02:56,160 [INFO] utils.quote_manager: [subscribe-get_quote] Full data ready for MA
2026-01-26 12:02:56,160 [INFO] utils.quote_manager: [get_quote] START symbol=MA, expiry=20260130, strike=560.0, right=Call
2026-01-26 12:02:56,250 [INFO] utils.quote_manager: [get_quote] Request the right market data: session=weekend
2026-01-26 12:03:01,294 [WARNING] utils.quote_manager: [subscribe_get_quote] TIMEOUT for MA after 5.04s: last=nan, bid=-1.0, ask=-1.0, mg=None
2026-01-26 12:03:01,295 [INFO] utils.quote_manager: [get_quote] START symbol=TSLA, expiry=20260220, strike=440.0, right=Call
2026-01-26 12:03:01,405 [INFO] utils.quote_manager: [get_quote] Request the right market data: session=weekend
2026-01-26 12:03:06,413 [WARNING] utils.quote_manager: [subscribe_get_quote] TIMEOUT for TSLA after 5.01s: last=nan, bid=-1.0, ask=-1.0, mg=None
2026-01-26 12:03:06,415 [INFO] utils.quote_manager: [get_quote] START symbol=TSLA, expiry=20260220, strike=440.0, right=Call
2026-01-26 12:03:06,516 [INFO] utils.quote_manager: [get_quote] Request the right market data: session=weekend
2026-01-26 12:03:11,562 [WARNING] utils.quote_manager: [subscribe_get_quote] TIMEOUT for TSLA after 5.05s: last=nan, bid=-1.0, ask=-1.0, mg=None
2026-01-26 12:03:11,565 [INFO] utils.quote_manager: [get_quote] START symbol=RKLB, expiry=20260213, strike=75.0, right=Put
2026-01-26 12:03:11,666 [INFO] utils.quote_manager: [get_quote] Request the right market data: session=weekend
2026-01-26 12:03:11,666 [INFO] utils.quote_manager: [subscribe-get_quote] RKLB | Price Found: True (2.0820489119457752) | Greeks Source: modelGreeks | IV: 0.8952559084348135
2026-01-26 12:03:11,669 [INFO] utils.quote_manager: [subscribe-get_quote] Full data ready for RKLB
2026-01-26 12:03:11,672 [INFO] utils.quote_manager: [get_quote] START symbol=RKLB, expiry=20260213, strike=80.0, right=Put
2026-01-26 12:03:11,784 [INFO] utils.quote_manager: [get_quote] Request the right market data: session=weekend
2026-01-26 12:03:16,797 [WARNING] utils.quote_manager: [subscribe_get_quote] TIMEOUT for RKLB after 5.01s: last=nan, bid=-1.0, ask=-1.0, mg=None
2026-01-26 12:03:16,799 [INFO] utils.quote_manager: [get_quote] START symbol=NVDA, expiry=20260320, strike=170.0, right=Call
2026-01-26 12:03:16,907 [INFO] utils.quote_manager: [get_quote] Request the right market data: session=weekend
2026-01-26 12:03:16,908 [INFO] utils.quote_manager: [subscribe-get_quote] NVDA | Price Found: True (24.354095875426868) | Greeks Source: modelGreeks | IV: 0.4601320315188967
2026-01-26 12:03:16,911 [INFO] utils.quote_manager: [subscribe-get_quote] Full data ready for NVDA
2026-01-26 12:03:16,915 [INFO] utils.quote_manager: [get_quote] START symbol=NVDA, expiry=20260130, strike=190.0, right=Call
2026-01-26 12:03:17,007 [INFO] utils.quote_manager: [get_quote] Request the right market data: session=weekend
2026-01-26 12:03:22,023 [WARNING] utils.quote_manager: [subscribe_get_quote] TIMEOUT for NVDA after 5.01s: last=nan, bid=-1.0, ask=-1.0, mg=None
2026-01-26 12:03:22,029 [DEBUG] utils.trades: DataFrame Row 0 Legs Count: 2
2026-01-26 12:03:22,031 [DEBUG] __main__: get_all_open_positions() took 96.69 seconds
2026-01-26 12:03:22,035 [DEBUG] __main__: Open Flat Trades styling INITIATED
2026-01-26 12:03:22,047 [DEBUG] __main__: Open Flat Trades styling took 0.01 seconds
2026-01-26 12:03:22,055 [INFO] utils.trades: --- SUMMARY ---
2026-01-26 12:03:22,055 [INFO] utils.trades: Initial Baseline: 626.38
2026-01-26 12:03:22,055 [INFO] utils.trades: Total Realized Cash: 626.38
2026-01-26 12:03:22,055 [INFO] utils.trades: Total Unrealized P&L: 0.00
2026-01-26 12:03:22,056 [INFO] utils.trades: Final True P&L: 626.38
2026-01-26 12:03:22,056 [INFO] utils.trades: --- DEBUG END ---

2026-01-26 12:03:22,060 [INFO] utils.trades: LEG ID: 28 | MA 20251024 560.0Call | Qty: -1
2026-01-26 12:03:22,060 [INFO] utils.trades:   > Realized: Entry $998.00 | Exit $-1,330.00 | Comms $1.40 | P&L $-332.00 | Status: Rolled
2026-01-26 12:03:22,061 [INFO] utils.trades:   > CURRENT MARKET VALUE TO LIQUIDATE: (Mark 7.723687468989272) * Qty 1 = 772.37
2026-01-26 12:03:22,061 [INFO] utils.trades: LEG ID: 29 | MA 20260320 560.0Call | Qty: 1
2026-01-26 12:03:22,061 [INFO] utils.trades:   > UNREALIZED: (Mark 7.723687468989272 - Entry 41.04) * Qty 1 = 772.37
2026-01-26 12:03:22,061 [INFO] utils.trades: LEG ID: 30 | MA 20251031 570.0Call | Qty: -1
2026-01-26 12:03:22,061 [INFO] utils.trades:   > Realized: Entry $1,333.00 | Exit $-1,551.00 | Comms $1.41 | P&L $-218.00 | Status: Rolled
2026-01-26 12:03:22,061 [INFO] utils.trades: LEG ID: 31 | MA 20251107 575.0Call | Qty: -1
2026-01-26 12:03:22,061 [INFO] utils.trades:   > Realized: Entry $1,446.00 | Exit $-19.00 | Comms $1.76 | P&L $1,427.00 | Status: Rolled
2026-01-26 12:03:22,061 [INFO] utils.trades: LEG ID: 32 | MA 20251114 560.0Call | Qty: -1
2026-01-26 12:03:22,061 [INFO] utils.trades:   > Realized: Entry $247.00 | Exit $-453.00 | Comms $2.10 | P&L $-206.00 | Status: Rolled
2026-01-26 12:03:22,061 [INFO] utils.trades: LEG ID: 33 | MA 20251121 565.0Call | Qty: -1
2026-01-26 12:03:22,061 [INFO] utils.trades:   > Realized: Entry $549.00 | Exit $-12.00 | Comms $2.10 | P&L $537.00 | Status: Rolled
2026-01-26 12:03:22,061 [INFO] utils.trades: LEG ID: 34 | MA 20251205 565.0Call | Qty: -1
2026-01-26 12:03:22,062 [INFO] utils.trades:   > Realized: Entry $217.00 | Exit $-15.00 | Comms $1.71 | P&L $202.00 | Status: Rolled
2026-01-26 12:03:22,062 [INFO] utils.trades: LEG ID: 35 | MA 20251212 562.5Call | Qty: -1
2026-01-26 12:03:22,062 [INFO] utils.trades:   > Realized: Entry $208.00 | Exit $-180.00 | Comms $1.68 | P&L $28.00 | Status: Rolled
2026-01-26 12:03:22,062 [INFO] utils.trades: LEG ID: 36 | MA 20251219 565.0Call | Qty: -1
2026-01-26 12:03:22,062 [INFO] utils.trades:   > Realized: Entry $420.00 | Exit $-1,010.00 | Comms $1.69 | P&L $-590.00 | Status: Rolled
2026-01-26 12:03:22,062 [INFO] utils.trades: LEG ID: 37 | MA 20251226 570.0Call | Qty: -1
2026-01-26 12:03:22,062 [INFO] utils.trades:   > Realized: Entry $859.00 | Exit $-996.00 | Comms $1.70 | P&L $-137.00 | Status: Rolled
2026-01-26 12:03:22,062 [INFO] utils.trades: LEG ID: 38 | MA 20260109 580.0Call | Qty: -1
2026-01-26 12:03:22,062 [INFO] utils.trades:   > Realized: Entry $700.00 | Exit $-411.00 | Comms $2.07 | P&L $289.00 | Status: Rolled
2026-01-26 12:03:22,062 [INFO] utils.trades: LEG ID: 39 | MA 20260116 587.5Call | Qty: -1
2026-01-26 12:03:22,062 [INFO] utils.trades:   > Realized: Entry $390.00 | Exit $-20.00 | Comms $2.10 | P&L $370.00 | Status: Rolled
2026-01-26 12:03:22,062 [INFO] utils.trades: LEG ID: 40 | MA 20260116 560.5Call | Qty: -1
2026-01-26 12:03:22,062 [INFO] utils.trades:   > Realized: Entry $135.00 | Exit $-9.00 | Comms $1.75 | P&L $126.00 | Status: Rolled
2026-01-26 12:03:22,062 [INFO] utils.trades: LEG ID: 41 | MA 20260123 560.0Call | Qty: -1
2026-01-26 12:03:22,062 [INFO] utils.trades:   > Realized: Entry $93.00 | Exit $-27.00 | Comms $1.75 | P&L $66.00 | Status: Rolled
2026-01-26 12:03:22,062 [INFO] utils.trades:   > CURRENT MARKET VALUE TO LIQUIDATE: (Mark 2.03) * Qty -1 = -203.00
2026-01-26 12:03:22,062 [INFO] utils.trades: LEG ID: 75 | MA 20260130 560.0Call | Qty: -1
2026-01-26 12:03:22,062 [INFO] utils.trades:   > UNREALIZED: (Mark 2.03 - Entry 1.44) * Qty -1 = -203.00
2026-01-26 12:03:22,063 [INFO] utils.trades: --- SUMMARY ---
2026-01-26 12:03:22,063 [INFO] utils.trades: Initial Baseline: -3,107.40
2026-01-26 12:03:22,063 [INFO] utils.trades: Total Realized Cash: -2,422.97
2026-01-26 12:03:22,063 [INFO] utils.trades: Total Unrealized P&L: 569.37
2026-01-26 12:03:22,063 [INFO] utils.trades: Final True P&L: -1,853.60
2026-01-26 12:03:22,063 [INFO] utils.trades: --- DEBUG END ---

2026-01-26 12:03:22,071 [INFO] utils.trades: LEG ID: 42 | TSLA 20251031 440.0Call | Qty: -1
2026-01-26 12:03:22,071 [INFO] utils.trades:   > Realized: Entry $1,210.00 | Exit $-2,532.00 | Comms $1.40 | P&L $-1,322.00 | Status: Rolled
2026-01-26 12:03:22,072 [INFO] utils.trades:   > CURRENT MARKET VALUE TO LIQUIDATE: (Mark 29.18) * Qty 1 = 2,918.00
2026-01-26 12:03:22,073 [INFO] utils.trades: LEG ID: 43 | TSLA 20260220 440.0Call | Qty: 1
2026-01-26 12:03:22,073 [INFO] utils.trades:   > UNREALIZED: (Mark 29.18 - Entry 56.74) * Qty 1 = 2,918.00
2026-01-26 12:03:22,073 [INFO] utils.trades: LEG ID: 44 | TSLA 20251107 450.0Call | Qty: -1
2026-01-26 12:03:22,073 [INFO] utils.trades:   > Realized: Entry $2,507.00 | Exit $-2,480.00 | Comms $1.41 | P&L $27.00 | Status: Rolled
2026-01-26 12:03:22,073 [INFO] utils.trades: LEG ID: 45 | TSLA 20251121 467.5Call | Qty: -1
2026-01-26 12:03:22,073 [INFO] utils.trades:   > Realized: Entry $2,525.00 | Exit $-12.00 | Comms $1.41 | P&L $2,513.00 | Status: Rolled
2026-01-26 12:03:22,073 [INFO] utils.trades: LEG ID: 46 | TSLA 20251128 440.0Call | Qty: -1
2026-01-26 12:03:22,073 [INFO] utils.trades:   > Realized: Entry $268.00 | Exit $-43.00 | Comms $1.40 | P&L $225.00 | Status: Rolled
2026-01-26 12:03:22,073 [INFO] utils.trades: LEG ID: 47 | TSLA 20251205 440.0Call | Qty: -1
2026-01-26 12:03:22,074 [INFO] utils.trades:   > Realized: Entry $388.00 | Exit $-618.00 | Comms $1.36 | P&L $-230.00 | Status: Rolled
2026-01-26 12:03:22,074 [INFO] utils.trades: LEG ID: 48 | TSLA 20251212 455.0Call | Qty: -1
2026-01-26 12:03:22,074 [INFO] utils.trades:   > Realized: Entry $663.00 | Exit $-128.00 | Comms $1.69 | P&L $535.00 | Status: Rolled
2026-01-26 12:03:22,074 [INFO] utils.trades: LEG ID: 49 | TSLA 20251219 455.0Call | Qty: -1
2026-01-26 12:03:22,074 [INFO] utils.trades:   > Realized: Entry $713.00 | Exit $-2,520.00 | Comms $1.69 | P&L $-1,807.00 | Status: Rolled
2026-01-26 12:03:22,074 [INFO] utils.trades: LEG ID: 50 | TSLA 20260102 470.0Call | Qty: -1
2026-01-26 12:03:22,074 [INFO] utils.trades:   > Realized: Entry $2,417.00 | Exit $-2.00 | Comms $1.73 | P&L $2,415.00 | Status: Rolled
2026-01-26 12:03:22,074 [INFO] utils.trades: LEG ID: 51 | TSLA 20260109 470.0Call | Qty: -1
2026-01-26 12:03:22,074 [INFO] utils.trades:   > Realized: Entry $238.00 | Exit $-22.00 | Comms $2.10 | P&L $216.00 | Status: Rolled
2026-01-26 12:03:22,074 [INFO] utils.trades: LEG ID: 52 | TSLA 20260116 470.0Call | Qty: -1
2026-01-26 12:03:22,074 [INFO] utils.trades:   > Realized: Entry $208.00 | Exit $-23.00 | Comms $2.60 | P&L $185.00 | Status: Rolled
2026-01-26 12:03:22,075 [INFO] utils.trades: LEG ID: 53 | TSLA 20260116 455.0Call | Qty: -1
2026-01-26 12:03:22,075 [INFO] utils.trades:   > Realized: Entry $109.00 | Exit $-32.00 | Comms $2.14 | P&L $77.00 | Status: Rolled
2026-01-26 12:03:22,075 [INFO] utils.trades: LEG ID: 54 | TSLA 20260123 462.5Call | Qty: -1
2026-01-26 12:03:22,075 [INFO] utils.trades:   > Realized: Entry $272.00 | Exit $-10.00 | Comms $1.40 | P&L $262.00 | Status: Rolled
2026-01-26 12:03:22,075 [INFO] utils.trades: LEG ID: 74 | TSLA 20260123 442.5Call | Qty: -1
2026-01-26 12:03:22,075 [INFO] utils.trades:   > Realized: Entry $220.00 | Exit $-550.00 | Comms $1.40 | P&L $-330.00 | Status: Rolled
2026-01-26 12:03:22,075 [INFO] utils.trades:   > CURRENT MARKET VALUE TO LIQUIDATE: (Mark 29.18) * Qty -1 = -2,918.00
2026-01-26 12:03:22,075 [INFO] utils.trades: LEG ID: 77 | TSLA 20260220 440.0Call | Qty: -1
2026-01-26 12:03:22,075 [INFO] utils.trades:   > UNREALIZED: (Mark 29.18 - Entry 27.25) * Qty -1 = -2,918.00
2026-01-26 12:03:22,076 [INFO] utils.trades: --- SUMMARY ---
2026-01-26 12:03:22,076 [INFO] utils.trades: Initial Baseline: -4,465.40
2026-01-26 12:03:22,076 [INFO] utils.trades: Total Realized Cash: -206.13
2026-01-26 12:03:22,076 [INFO] utils.trades: Total Unrealized P&L: 0.00
2026-01-26 12:03:22,076 [INFO] utils.trades: Final True P&L: -206.13
2026-01-26 12:03:22,076 [INFO] utils.trades: --- DEBUG END ---

2026-01-26 12:03:22,083 [INFO] utils.trades:   > CURRENT MARKET VALUE TO LIQUIDATE: (Mark 4.02) * Qty -4 = -1,608.00
2026-01-26 12:03:22,084 [INFO] utils.trades: LEG ID: 55 | RKLB 20260213 80.0Put | Qty: -4
2026-01-26 12:03:22,085 [INFO] utils.trades:   > UNREALIZED: (Mark 4.02 - Entry 4.93) * Qty -4 = -1,608.00
2026-01-26 12:03:22,085 [INFO] utils.trades:   > CURRENT MARKET VALUE TO LIQUIDATE: (Mark 2.0820489119457752) * Qty 4 = 832.82
2026-01-26 12:03:22,085 [INFO] utils.trades: LEG ID: 56 | RKLB 20260213 75.0Put | Qty: 4
2026-01-26 12:03:22,085 [INFO] utils.trades:   > UNREALIZED: (Mark 2.0820489119457752 - Entry 3.13) * Qty 4 = 832.82
2026-01-26 12:03:22,085 [INFO] utils.trades: --- SUMMARY ---
2026-01-26 12:03:22,085 [INFO] utils.trades: Initial Baseline: 717.50
2026-01-26 12:03:22,085 [INFO] utils.trades: Total Realized Cash: 717.50
2026-01-26 12:03:22,086 [INFO] utils.trades: Total Unrealized P&L: -775.18
2026-01-26 12:03:22,086 [INFO] utils.trades: Final True P&L: -57.68
2026-01-26 12:03:22,086 [INFO] utils.trades: --- DEBUG END ---

2026-01-26 12:03:22,090 [INFO] utils.trades: LEG ID: 57 | NVDA 20250919 170.0Call | Qty: -1
2026-01-26 12:03:22,090 [INFO] utils.trades:   > Realized: Entry $416.00 | Exit $-632.00 | Comms $2.04 | P&L $-216.00 | Status: Rolled
2026-01-26 12:03:22,090 [INFO] utils.trades:   > CURRENT MARKET VALUE TO LIQUIDATE: (Mark 24.354095875426868) * Qty 1 = 2,435.41
2026-01-26 12:03:22,091 [INFO] utils.trades: LEG ID: 58 | NVDA 20260320 170.0Call | Qty: 1
2026-01-26 12:03:22,091 [INFO] utils.trades:   > UNREALIZED: (Mark 24.354095875426868 - Entry 21.19) * Qty 1 = 2,435.41
2026-01-26 12:03:22,091 [INFO] utils.trades: LEG ID: 59 | NVDA 20251003 175.0Call | Qty: -1
2026-01-26 12:03:22,091 [INFO] utils.trades:   > Realized: Entry $542.00 | Exit $-774.00 | Comms $1.70 | P&L $-232.00 | Status: Rolled
2026-01-26 12:03:22,091 [INFO] utils.trades: LEG ID: 60 | NVDA 20251010 177.5Call | Qty: -1
2026-01-26 12:03:22,091 [INFO] utils.trades:   > Realized: Entry $737.00 | Exit $-1,072.00 | Comms $1.41 | P&L $-335.00 | Status: Rolled
2026-01-26 12:03:22,091 [INFO] utils.trades: LEG ID: 61 | NVDA 20251031 185.0Call | Qty: -1
2026-01-26 12:03:22,091 [INFO] utils.trades:   > Realized: Entry $937.00 | Exit $-1,417.00 | Comms $1.40 | P&L $-480.00 | Status: Rolled
2026-01-26 12:03:22,091 [INFO] utils.trades: LEG ID: 62 | NVDA 20251107 190.0Call | Qty: -1
2026-01-26 12:03:22,091 [INFO] utils.trades:   > Realized: Entry $1,182.00 | Exit $-2,078.00 | Comms $1.75 | P&L $-896.00 | Status: Rolled
2026-01-26 12:03:22,091 [INFO] utils.trades: LEG ID: 63 | NVDA 20251121 200.0Call | Qty: -1
2026-01-26 12:03:22,092 [INFO] utils.trades:   > Realized: Entry $1,676.00 | Exit $-2.00 | Comms $2.10 | P&L $1,674.00 | Status: Rolled
2026-01-26 12:03:22,092 [INFO] utils.trades: LEG ID: 64 | NVDA 20251128 190.0Call | Qty: -1
2026-01-26 12:03:22,092 [INFO] utils.trades:   > Realized: Entry $156.00 | Exit $-10.00 | Comms $2.04 | P&L $146.00 | Status: Rolled
2026-01-26 12:03:22,092 [INFO] utils.trades: LEG ID: 65 | NVDA 20251128 175.0Call | Qty: -1
2026-01-26 12:03:22,092 [INFO] utils.trades:   > Realized: Entry $203.00 | Exit $-660.00 | Comms $1.69 | P&L $-457.00 | Status: Rolled
2026-01-26 12:03:22,092 [INFO] utils.trades: LEG ID: 66 | NVDA 20251205 180.0Call | Qty: -1
2026-01-26 12:03:22,092 [INFO] utils.trades:   > Realized: Entry $550.00 | Exit $-614.00 | Comms $1.37 | P&L $-64.00 | Status: Rolled
2026-01-26 12:03:22,092 [INFO] utils.trades: LEG ID: 67 | NVDA 20251219 187.0Call | Qty: -1
2026-01-26 12:03:22,092 [INFO] utils.trades:   > Realized: Entry $559.00 | Exit $-7.00 | Comms $1.88 | P&L $552.00 | Status: Rolled
2026-01-26 12:03:22,092 [INFO] utils.trades: LEG ID: 68 | NVDA 20251226 185.0Call | Qty: -1
2026-01-26 12:03:22,093 [INFO] utils.trades:   > Realized: Entry $58.00 | Exit $-571.00 | Comms $1.89 | P&L $-513.00 | Status: Rolled
2026-01-26 12:03:22,093 [INFO] utils.trades: LEG ID: 69 | NVDA 20260102 190.0Call | Qty: -1
2026-01-26 12:03:22,093 [INFO] utils.trades:   > Realized: Entry $336.00 | Exit $-94.00 | Comms $1.73 | P&L $242.00 | Status: Rolled
2026-01-26 12:03:22,093 [INFO] utils.trades: LEG ID: 70 | NVDA 20260109 192.5Call | Qty: -1
2026-01-26 12:03:22,093 [INFO] utils.trades:   > Realized: Entry $240.00 | Exit $-110.00 | Comms $2.10 | P&L $130.00 | Status: Rolled
2026-01-26 12:03:22,093 [INFO] utils.trades: LEG ID: 71 | NVDA 20260116 195.0Call | Qty: -1
2026-01-26 12:03:22,093 [INFO] utils.trades:   > Realized: Entry $211.00 | Exit $-24.00 | Comms $1.75 | P&L $187.00 | Status: Rolled
2026-01-26 12:03:22,093 [INFO] utils.trades: LEG ID: 72 | NVDA 20260123 195.0Call | Qty: -1
2026-01-26 12:03:22,093 [INFO] utils.trades:   > Realized: Entry $86.00 | Exit $-4.00 | Comms $1.75 | P&L $82.00 | Status: Rolled
2026-01-26 12:03:22,093 [INFO] utils.trades: LEG ID: 73 | NVDA 20260123 185.0Call | Qty: -1
2026-01-26 12:03:22,094 [INFO] utils.trades:   > Realized: Entry $60.00 | Exit $-280.00 | Comms $2.10 | P&L $-220.00 | Status: Rolled
2026-01-26 12:03:22,094 [INFO] utils.trades:   > CURRENT MARKET VALUE TO LIQUIDATE: (Mark 1.96) * Qty -1 = -196.00
2026-01-26 12:03:22,094 [INFO] utils.trades: LEG ID: 76 | NVDA 20260130 190.0Call | Qty: -1
2026-01-26 12:03:22,094 [INFO] utils.trades:   > UNREALIZED: (Mark 1.96 - Entry 2.9) * Qty -1 = -196.00
2026-01-26 12:03:22,094 [INFO] utils.trades: --- SUMMARY ---
2026-01-26 12:03:22,094 [INFO] utils.trades: Initial Baseline: -1,705.10
2026-01-26 12:03:22,094 [INFO] utils.trades: Total Realized Cash: -2,259.80
2026-01-26 12:03:22,094 [INFO] utils.trades: Total Unrealized P&L: 2,239.41
2026-01-26 12:03:22,094 [INFO] utils.trades: Final True P&L: -20.39
2026-01-26 12:03:22,094 [INFO] utils.trades: --- DEBUG END ---

2026-01-26 12:17:35,094 [DEBUG] __main__: Starting Closed Trades page
2026-01-26 12:17:35,356 [DEBUG] __main__: fetch_trades() INITIATED
2026-01-26 12:17:35,363 [DEBUG] __main__: fetch_trades() took 0.01 seconds
2026-01-26 12:17:35,364 [DEBUG] __main__: trades_to_df() INITIATED
2026-01-26 12:17:35,407 [DEBUG] __main__: trades_to_df() took 0.04 seconds
2026-01-26 12:17:35,408 [DEBUG] __main__: load_closed_trades() INITIATED
2026-01-26 12:17:35,426 [DEBUG] __main__: load_closed_trades() took 0.02 seconds
2026-01-26 12:17:35,428 [DEBUG] __main__: closed_df styling INITIATED
2026-01-26 12:17:35,465 [DEBUG] __main__: closed_df styling took 0.04 seconds
2026-01-26 12:17:35,472 [INFO] utils.trades: LEG ID: 20 | COST 20251031 935.0Call | Qty: -1
2026-01-26 12:17:35,472 [INFO] utils.trades:   > Realized: Entry $1,289.00 | Exit $-2,142.00 | Comms $1.40 | P&L $-853.00 | Status: Rolled
2026-01-26 12:17:35,472 [INFO] utils.trades: LEG ID: 21 | COST 20260116 935.0Call | Qty: 1
2026-01-26 12:17:35,472 [INFO] utils.trades:   > Realized: Entry $-4,672.00 | Exit $2,237.00 | Comms $1.50 | P&L $-2,435.00 | Status: Closed
2026-01-26 12:17:35,472 [INFO] utils.trades: LEG ID: 22 | COST 20251114 950.0Call | Qty: -1
2026-01-26 12:17:35,473 [INFO] utils.trades:   > Realized: Entry $2,037.00 | Exit $-14.00 | Comms $1.75 | P&L $2,023.00 | Status: Rolled
2026-01-26 12:17:35,473 [INFO] utils.trades: LEG ID: 23 | COST 20251121 940.0Call | Qty: -1
2026-01-26 12:17:35,473 [INFO] utils.trades:   > Realized: Entry $427.00 | Exit $-3.00 | Comms $2.10 | P&L $424.00 | Status: Rolled
2026-01-26 12:17:35,473 [INFO] utils.trades: LEG ID: 24 | COST 20251128 940.0Call | Qty: -1
2026-01-26 12:17:35,473 [INFO] utils.trades:   > Realized: Entry $139.00 | Exit $-6.00 | Comms $2.10 | P&L $133.00 | Status: Rolled
2026-01-26 12:17:35,474 [INFO] utils.trades: LEG ID: 25 | COST 20251205 940.0Call | Qty: -1
2026-01-26 12:17:35,474 [INFO] utils.trades:   > Realized: Entry $111.00 | Exit $-8.00 | Comms $2.07 | P&L $103.00 | Status: Rolled
2026-01-26 12:17:35,474 [INFO] utils.trades: LEG ID: 26 | COST 20251212 940.0Call | Qty: -1
2026-01-26 12:17:35,474 [INFO] utils.trades:   > Realized: Entry $553.00 | Exit $-4.00 | Comms $1.70 | P&L $549.00 | Status: Rolled
2026-01-26 12:17:35,474 [INFO] utils.trades: LEG ID: 27 | COST 20260102 945.0Call | Qty: -1
2026-01-26 12:17:35,474 [INFO] utils.trades:   > Realized: Entry $137.00 | Exit $-0.00 | Comms $0.67 | P&L $137.00 | Status: Rolled
2026-01-26 12:17:35,475 [INFO] utils.trades: --- SUMMARY ---
2026-01-26 12:17:35,475 [INFO] utils.trades: Initial Baseline: -3,384.40
2026-01-26 12:17:35,475 [INFO] utils.trades: Total Realized Cash: 67.71
2026-01-26 12:17:35,475 [INFO] utils.trades: Total Unrealized P&L: 0.00
2026-01-26 12:17:35,475 [INFO] utils.trades: Final True P&L: 67.71
2026-01-26 12:17:35,475 [INFO] utils.trades: --- DEBUG END ---

2026-01-26 12:17:35,483 [INFO] utils.trades: LEG ID: 13 | SNDK 20260123 350.0Put | Qty: -3
2026-01-26 12:17:35,483 [INFO] utils.trades:   > Realized: Entry $3,621.00 | Exit $-0.00 | Comms $0.28 | P&L $3,621.00 | Status: Closed
2026-01-26 12:17:35,483 [INFO] utils.trades: LEG ID: 14 | SNDK 20260123 340.0Put | Qty: 3
2026-01-26 12:17:35,484 [INFO] utils.trades:   > Realized: Entry $-2,781.00 | Exit $0.00 | Comms $0.28 | P&L $-2,781.00 | Status: Closed
2026-01-26 12:17:35,484 [INFO] utils.trades: --- SUMMARY ---
2026-01-26 12:17:35,484 [INFO] utils.trades: Initial Baseline: 839.44
2026-01-26 12:17:35,484 [INFO] utils.trades: Total Realized Cash: 839.44
2026-01-26 12:17:35,484 [INFO] utils.trades: Total Unrealized P&L: 0.00
2026-01-26 12:17:35,484 [INFO] utils.trades: Final True P&L: 839.44
2026-01-26 12:17:35,485 [INFO] utils.trades: --- DEBUG END ---

2026-01-26 12:17:35,493 [INFO] utils.trades: LEG ID: 11 | AMZN 20251128 220.0Call | Qty: -2
2026-01-26 12:17:35,493 [INFO] utils.trades:   > Realized: Entry $1,038.00 | Exit $-1,740.00 | Comms $1.60 | P&L $-702.00 | Status: Rolled
2026-01-26 12:17:35,493 [INFO] utils.trades: LEG ID: 12 | AMZN 20260320 220.0Call | Qty: 2
2026-01-26 12:17:35,494 [INFO] utils.trades:   > Realized: Entry $-4,188.00 | Exit $5,024.00 | Comms $1.52 | P&L $836.00 | Status: Closed
2026-01-26 12:17:35,494 [INFO] utils.trades: LEG ID: 15 | AMZN 20251205 227.5Call | Qty: -2
2026-01-26 12:17:35,494 [INFO] utils.trades:   > Realized: Entry $1,114.00 | Exit $-648.00 | Comms $1.45 | P&L $466.00 | Status: Rolled
2026-01-26 12:17:35,494 [INFO] utils.trades: LEG ID: 16 | AMZN 20251219 232.5Call | Qty: -2
2026-01-26 12:17:35,494 [INFO] utils.trades:   > Realized: Entry $892.00 | Exit $-4.00 | Comms $1.32 | P&L $888.00 | Status: Rolled
2026-01-26 12:17:35,494 [INFO] utils.trades: LEG ID: 17 | AMZN 20260102 235.0Call | Qty: -2
2026-01-26 12:17:35,494 [INFO] utils.trades:   > Realized: Entry $246.00 | Exit $-72.00 | Comms $1.67 | P&L $174.00 | Status: Rolled
2026-01-26 12:17:35,495 [INFO] utils.trades: LEG ID: 18 | AMZN 20260109 235.0Call | Qty: -2
2026-01-26 12:17:35,495 [INFO] utils.trades:   > Realized: Entry $422.00 | Exit $-1,960.00 | Comms $2.38 | P&L $-1,538.00 | Status: Rolled
2026-01-26 12:17:35,495 [INFO] utils.trades: LEG ID: 19 | AMZN 20260116 240.0Call | Qty: -2
2026-01-26 12:17:35,495 [INFO] utils.trades:   > Realized: Entry $1,420.00 | Exit $-56.00 | Comms $2.12 | P&L $1,364.00 | Status: Closed
2026-01-26 12:17:35,495 [INFO] utils.trades: --- SUMMARY ---
2026-01-26 12:17:35,495 [INFO] utils.trades: Initial Baseline: -3,151.61
2026-01-26 12:17:35,495 [INFO] utils.trades: Total Realized Cash: 1,475.94
2026-01-26 12:17:35,496 [INFO] utils.trades: Total Unrealized P&L: 0.00
2026-01-26 12:17:35,496 [INFO] utils.trades: Final True P&L: 1,475.94
2026-01-26 12:17:35,496 [INFO] utils.trades: --- DEBUG END ---

2026-01-26 12:17:35,503 [INFO] utils.trades: LEG ID: 7 | CRWD 20260123 455.0Put | Qty: -4
2026-01-26 12:17:35,504 [INFO] utils.trades:   > Realized: Entry $3,664.00 | Exit $-836.00 | Comms $4.14 | P&L $2,828.00 | Status: Closed
2026-01-26 12:17:35,504 [INFO] utils.trades: LEG ID: 8 | CRWD 20260123 445.0Put | Qty: 4
2026-01-26 12:17:35,504 [INFO] utils.trades:   > Realized: Entry $-2,740.00 | Exit $104.00 | Comms $4.13 | P&L $-2,636.00 | Status: Closed
2026-01-26 12:17:35,505 [INFO] utils.trades: --- SUMMARY ---
2026-01-26 12:17:35,505 [INFO] utils.trades: Initial Baseline: 921.35
2026-01-26 12:17:35,506 [INFO] utils.trades: Total Realized Cash: 183.73
2026-01-26 12:17:35,506 [INFO] utils.trades: Total Unrealized P&L: 0.00
2026-01-26 12:17:35,507 [INFO] utils.trades: Final True P&L: 183.73
2026-01-26 12:17:35,507 [INFO] utils.trades: --- DEBUG END ---

2026-01-26 12:18:01,828 [DEBUG] __main__: Starting Closed Trades page
2026-01-26 12:18:02,040 [DEBUG] __main__: fetch_trades() INITIATED
2026-01-26 12:18:02,043 [DEBUG] __main__: fetch_trades() took 0.00 seconds
2026-01-26 12:18:02,043 [DEBUG] __main__: trades_to_df() INITIATED
2026-01-26 12:18:02,089 [DEBUG] __main__: trades_to_df() took 0.05 seconds
2026-01-26 12:18:02,089 [DEBUG] __main__: load_closed_trades() INITIATED
2026-01-26 12:18:02,096 [DEBUG] __main__: load_closed_trades() took 0.01 seconds
2026-01-26 12:18:02,098 [DEBUG] __main__: closed_df styling INITIATED
2026-01-26 12:18:02,144 [DEBUG] __main__: closed_df styling took 0.05 seconds
2026-01-26 12:18:02,148 [INFO] utils.trades: LEG ID: 20 | COST 20251031 935.0Call | Qty: -1
2026-01-26 12:18:02,149 [INFO] utils.trades:   > Realized: Entry $1,289.00 | Exit $-2,142.00 | Comms $1.40 | P&L $-853.00 | Status: Rolled
2026-01-26 12:18:02,149 [INFO] utils.trades: LEG ID: 21 | COST 20260116 935.0Call | Qty: 1
2026-01-26 12:18:02,149 [INFO] utils.trades:   > Realized: Entry $-4,672.00 | Exit $2,237.00 | Comms $1.50 | P&L $-2,435.00 | Status: Closed
2026-01-26 12:18:02,149 [INFO] utils.trades: LEG ID: 22 | COST 20251114 950.0Call | Qty: -1
2026-01-26 12:18:02,149 [INFO] utils.trades:   > Realized: Entry $2,037.00 | Exit $-14.00 | Comms $1.75 | P&L $2,023.00 | Status: Rolled
2026-01-26 12:18:02,150 [INFO] utils.trades: LEG ID: 23 | COST 20251121 940.0Call | Qty: -1
2026-01-26 12:18:02,150 [INFO] utils.trades:   > Realized: Entry $427.00 | Exit $-3.00 | Comms $2.10 | P&L $424.00 | Status: Rolled
2026-01-26 12:18:02,150 [INFO] utils.trades: LEG ID: 24 | COST 20251128 940.0Call | Qty: -1
2026-01-26 12:18:02,150 [INFO] utils.trades:   > Realized: Entry $139.00 | Exit $-6.00 | Comms $2.10 | P&L $133.00 | Status: Rolled
2026-01-26 12:18:02,151 [INFO] utils.trades: LEG ID: 25 | COST 20251205 940.0Call | Qty: -1
2026-01-26 12:18:02,151 [INFO] utils.trades:   > Realized: Entry $111.00 | Exit $-8.00 | Comms $2.07 | P&L $103.00 | Status: Rolled
2026-01-26 12:18:02,151 [INFO] utils.trades: LEG ID: 26 | COST 20251212 940.0Call | Qty: -1
2026-01-26 12:18:02,151 [INFO] utils.trades:   > Realized: Entry $553.00 | Exit $-4.00 | Comms $1.70 | P&L $549.00 | Status: Rolled
2026-01-26 12:18:02,152 [INFO] utils.trades: LEG ID: 27 | COST 20260102 945.0Call | Qty: -1
2026-01-26 12:18:02,152 [INFO] utils.trades:   > Realized: Entry $137.00 | Exit $-0.00 | Comms $0.67 | P&L $137.00 | Status: Rolled
2026-01-26 12:18:02,152 [INFO] utils.trades: --- SUMMARY ---
2026-01-26 12:18:02,152 [INFO] utils.trades: Initial Baseline: -3,384.40
2026-01-26 12:18:02,153 [INFO] utils.trades: Total Realized Cash: 67.71
2026-01-26 12:18:02,153 [INFO] utils.trades: Total Unrealized P&L: 0.00
2026-01-26 12:18:02,154 [INFO] utils.trades: Final True P&L: 67.71
2026-01-26 12:18:02,154 [INFO] utils.trades: --- DEBUG END ---

2026-01-26 12:18:02,163 [INFO] utils.trades: LEG ID: 13 | SNDK 20260123 350.0Put | Qty: -3
2026-01-26 12:18:02,163 [INFO] utils.trades:   > Realized: Entry $3,621.00 | Exit $-0.00 | Comms $0.28 | P&L $3,621.00 | Status: Closed
2026-01-26 12:18:02,164 [INFO] utils.trades: LEG ID: 14 | SNDK 20260123 340.0Put | Qty: 3
2026-01-26 12:18:02,164 [INFO] utils.trades:   > Realized: Entry $-2,781.00 | Exit $0.00 | Comms $0.28 | P&L $-2,781.00 | Status: Closed
2026-01-26 12:18:02,164 [INFO] utils.trades: --- SUMMARY ---
2026-01-26 12:18:02,164 [INFO] utils.trades: Initial Baseline: 839.44
2026-01-26 12:18:02,165 [INFO] utils.trades: Total Realized Cash: 839.44
2026-01-26 12:18:02,165 [INFO] utils.trades: Total Unrealized P&L: 0.00
2026-01-26 12:18:02,165 [INFO] utils.trades: Final True P&L: 839.44
2026-01-26 12:18:02,166 [INFO] utils.trades: --- DEBUG END ---

2026-01-26 12:18:02,177 [INFO] utils.trades: LEG ID: 11 | AMZN 20251128 220.0Call | Qty: -2
2026-01-26 12:18:02,178 [INFO] utils.trades:   > Realized: Entry $1,038.00 | Exit $-1,740.00 | Comms $1.60 | P&L $-702.00 | Status: Rolled
2026-01-26 12:18:02,179 [INFO] utils.trades: LEG ID: 12 | AMZN 20260320 220.0Call | Qty: 2
2026-01-26 12:18:02,179 [INFO] utils.trades:   > Realized: Entry $-4,188.00 | Exit $5,024.00 | Comms $1.52 | P&L $836.00 | Status: Closed
2026-01-26 12:18:02,180 [INFO] utils.trades: LEG ID: 15 | AMZN 20251205 227.5Call | Qty: -2
2026-01-26 12:18:02,180 [INFO] utils.trades:   > Realized: Entry $1,114.00 | Exit $-648.00 | Comms $1.45 | P&L $466.00 | Status: Rolled
2026-01-26 12:18:02,181 [INFO] utils.trades: LEG ID: 16 | AMZN 20251219 232.5Call | Qty: -2
2026-01-26 12:18:02,181 [INFO] utils.trades:   > Realized: Entry $892.00 | Exit $-4.00 | Comms $1.32 | P&L $888.00 | Status: Rolled
2026-01-26 12:18:02,181 [INFO] utils.trades: LEG ID: 17 | AMZN 20260102 235.0Call | Qty: -2
2026-01-26 12:18:02,182 [INFO] utils.trades:   > Realized: Entry $246.00 | Exit $-72.00 | Comms $1.67 | P&L $174.00 | Status: Rolled
2026-01-26 12:18:02,182 [INFO] utils.trades: LEG ID: 18 | AMZN 20260109 235.0Call | Qty: -2
2026-01-26 12:18:02,182 [INFO] utils.trades:   > Realized: Entry $422.00 | Exit $-1,960.00 | Comms $2.38 | P&L $-1,538.00 | Status: Rolled
2026-01-26 12:18:02,182 [INFO] utils.trades: LEG ID: 19 | AMZN 20260116 240.0Call | Qty: -2
2026-01-26 12:18:02,184 [INFO] utils.trades:   > Realized: Entry $1,420.00 | Exit $-56.00 | Comms $2.12 | P&L $1,364.00 | Status: Closed
2026-01-26 12:18:02,184 [INFO] utils.trades: --- SUMMARY ---
2026-01-26 12:18:02,184 [INFO] utils.trades: Initial Baseline: -3,151.61
2026-01-26 12:18:02,185 [INFO] utils.trades: Total Realized Cash: 1,475.94
2026-01-26 12:18:02,185 [INFO] utils.trades: Total Unrealized P&L: 0.00
2026-01-26 12:18:02,186 [INFO] utils.trades: Final True P&L: 1,475.94
2026-01-26 12:18:02,186 [INFO] utils.trades: --- DEBUG END ---

2026-01-26 12:18:02,210 [INFO] utils.trades: LEG ID: 7 | CRWD 20260123 455.0Put | Qty: -4
2026-01-26 12:18:02,211 [INFO] utils.trades:   > Realized: Entry $3,664.00 | Exit $-836.00 | Comms $4.14 | P&L $2,828.00 | Status: Closed
2026-01-26 12:18:02,211 [INFO] utils.trades: LEG ID: 8 | CRWD 20260123 445.0Put | Qty: 4
2026-01-26 12:18:02,211 [INFO] utils.trades:   > Realized: Entry $-2,740.00 | Exit $104.00 | Comms $4.13 | P&L $-2,636.00 | Status: Closed
2026-01-26 12:18:02,211 [INFO] utils.trades: --- SUMMARY ---
2026-01-26 12:18:02,211 [INFO] utils.trades: Initial Baseline: 921.35
2026-01-26 12:18:02,211 [INFO] utils.trades: Total Realized Cash: 183.73
2026-01-26 12:18:02,212 [INFO] utils.trades: Total Unrealized P&L: 0.00
2026-01-26 12:18:02,212 [INFO] utils.trades: Final True P&L: 183.73
2026-01-26 12:18:02,213 [INFO] utils.trades: --- DEBUG END ---

2026-01-26 12:18:11,906 [DEBUG] __main__: Starting Open Trades page
2026-01-26 12:18:12,128 [DEBUG] __main__: get_all_open_positions() INITIATED
2026-01-26 12:18:12,128 [DEBUG] __main__: Fetching positions (Refresh Count: {refresh_count})
2026-01-26 12:18:12,132 [DEBUG] utils.trades: 
--- DATABASE FETCH DEBUG ---
2026-01-26 12:18:12,133 [DEBUG] utils.trades: Group ID 5: Total Legs Found: 2 | Statuses: ['Active', 'Active']
2026-01-26 12:18:12,133 [DEBUG] utils.trades: Group ID 9: Total Legs Found: 15 | Statuses: ['Active', 'Active', 'Rolled', 'Rolled', 'Rolled', 'Rolled', 'Rolled', 'Rolled', 'Rolled', 'Rolled', 'Rolled', 'Rolled', 'Rolled', 'Rolled', 'Rolled']
2026-01-26 12:18:12,133 [DEBUG] utils.trades: Group ID 10: Total Legs Found: 15 | Statuses: ['Active', 'Active', 'Rolled', 'Rolled', 'Rolled', 'Rolled', 'Rolled', 'Rolled', 'Rolled', 'Rolled', 'Rolled', 'Rolled', 'Rolled', 'Rolled', 'Rolled']
2026-01-26 12:18:12,133 [DEBUG] utils.trades: Group ID 11: Total Legs Found: 2 | Statuses: ['Active', 'Active']
2026-01-26 12:18:12,133 [DEBUG] utils.trades: Group ID 12: Total Legs Found: 18 | Statuses: ['Active', 'Active', 'Rolled', 'Rolled', 'Rolled', 'Rolled', 'Rolled', 'Rolled', 'Rolled', 'Rolled', 'Rolled', 'Rolled', 'Rolled', 'Rolled', 'Rolled', 'Rolled', 'Rolled', 'Rolled']
2026-01-26 12:18:12,134 [INFO] utils.trades: Fetching live option quote for CRWD 20260220 435.0P
2026-01-26 12:18:12,134 [INFO] utils.quote_manager: [get_quote] START symbol=CRWD, expiry=20260220, strike=435.0, right=P
2026-01-26 12:18:12,333 [INFO] utils.quote_manager: [get_quote] Request the right market data: session=weekend
2026-01-26 12:18:17,355 [WARNING] utils.quote_manager: [subscribe_get_quote] TIMEOUT for CRWD after 5.02s: last=nan, bid=-1.0, ask=-1.0, mg=None
2026-01-26 12:18:17,356 [DEBUG] utils.trades: get_quote() took 5.22 seconds
2026-01-26 12:18:17,357 [DEBUG] utils.trades: Received option quote for CRWD 20260220 435.0P: 10.61
2026-01-26 12:18:17,357 [DEBUG] utils.trades: Fetching live stock quote (in options) for CRWD
2026-01-26 12:18:17,357 [INFO] utils.quote_manager: [get_quote] START symbol=CRWD, expiry=None, strike=None, right=None
2026-01-26 12:18:17,471 [INFO] utils.quote_manager: [get_quote] Request the right market data: session=weekend
2026-01-26 12:18:17,472 [INFO] utils.quote_manager: [subscribe-get_quote] CRWD | Price Found: True (450.32) | Greeks Source: None | IV: N/A
2026-01-26 12:18:17,473 [INFO] utils.quote_manager: [subscribe-get_quote] Full data ready for CRWD
2026-01-26 12:18:17,473 [DEBUG] utils.trades: get_quote() took 0.12 seconds
2026-01-26 12:18:17,473 [DEBUG] utils.trades: Received stock quote (in options) for CRWD: 450.32
2026-01-26 12:18:17,474 [INFO] utils.trades: Fetching live option quote for CRWD 20260206 470.0P
2026-01-26 12:18:17,475 [INFO] utils.quote_manager: [get_quote] START symbol=CRWD, expiry=20260206, strike=470.0, right=P
2026-01-26 12:18:17,568 [INFO] utils.quote_manager: [get_quote] Request the right market data: session=weekend
2026-01-26 12:18:22,581 [WARNING] utils.quote_manager: [subscribe_get_quote] TIMEOUT for CRWD after 5.01s: last=nan, bid=-1.0, ask=-1.0, mg=None
2026-01-26 12:18:22,591 [DEBUG] utils.trades: get_quote() took 5.12 seconds
2026-01-26 12:18:22,595 [DEBUG] utils.trades: Received option quote for CRWD 20260206 470.0P: 22.71
2026-01-26 12:18:22,595 [DEBUG] utils.trades: Fetching live stock quote (in options) for CRWD
2026-01-26 12:18:22,595 [INFO] utils.quote_manager: [get_quote] START symbol=CRWD, expiry=None, strike=None, right=None
2026-01-26 12:18:22,708 [INFO] utils.quote_manager: [get_quote] Request the right market data: session=weekend
2026-01-26 12:18:22,709 [INFO] utils.quote_manager: [subscribe-get_quote] CRWD | Price Found: True (450.32) | Greeks Source: None | IV: N/A
2026-01-26 12:18:22,710 [INFO] utils.quote_manager: [subscribe-get_quote] Full data ready for CRWD
2026-01-26 12:18:22,711 [DEBUG] utils.trades: get_quote() took 0.12 seconds
2026-01-26 12:18:22,711 [DEBUG] utils.trades: Received stock quote (in options) for CRWD: 450.32
2026-01-26 12:18:22,711 [DEBUG] utils.trades: Fetching live stock quote for INTC
2026-01-26 12:18:22,712 [INFO] utils.quote_manager: [get_quote] START symbol=INTC, expiry=None, strike=None, right=None
2026-01-26 12:18:22,866 [INFO] utils.quote_manager: [get_quote] Request the right market data: session=weekend
2026-01-26 12:18:22,866 [INFO] utils.quote_manager: [subscribe-get_quote] INTC | Price Found: True (43.93) | Greeks Source: None | IV: N/A
2026-01-26 12:18:22,867 [INFO] utils.quote_manager: [subscribe-get_quote] Full data ready for INTC
2026-01-26 12:18:22,867 [DEBUG] utils.trades: get_quote() took 0.16 seconds
2026-01-26 12:18:22,867 [DEBUG] utils.trades: Received stock quote for INTC: 43.93
2026-01-26 12:18:22,868 [INFO] utils.trades: Fetching live option quote for TSLA 20260130 495.0C
2026-01-26 12:18:22,868 [INFO] utils.quote_manager: [get_quote] START symbol=TSLA, expiry=20260130, strike=495.0, right=C
2026-01-26 12:18:22,977 [INFO] utils.quote_manager: [get_quote] Request the right market data: session=weekend
2026-01-26 12:18:22,978 [INFO] utils.quote_manager: [subscribe-get_quote] TSLA | Price Found: True (1.826318490864032) | Greeks Source: modelGreeks | IV: 0.5577525638506
2026-01-26 12:18:22,978 [INFO] utils.quote_manager: [subscribe-get_quote] Full data ready for TSLA
2026-01-26 12:18:22,978 [DEBUG] utils.trades: get_quote() took 0.11 seconds
2026-01-26 12:18:22,978 [DEBUG] utils.trades: Received option quote for TSLA 20260130 495.0C: 1.826318490864032
2026-01-26 12:18:22,978 [DEBUG] utils.trades: Fetching live stock quote (in options) for TSLA
2026-01-26 12:18:22,978 [INFO] utils.quote_manager: [get_quote] START symbol=TSLA, expiry=None, strike=None, right=None
2026-01-26 12:18:23,076 [INFO] utils.quote_manager: [get_quote] Request the right market data: session=weekend
2026-01-26 12:18:23,076 [INFO] utils.quote_manager: [subscribe-get_quote] TSLA | Price Found: True (442.95) | Greeks Source: None | IV: N/A
2026-01-26 12:18:23,076 [INFO] utils.quote_manager: [subscribe-get_quote] Full data ready for TSLA
2026-01-26 12:18:23,077 [DEBUG] utils.trades: get_quote() took 0.10 seconds
2026-01-26 12:18:23,077 [DEBUG] utils.trades: Received stock quote (in options) for TSLA: 442.95
2026-01-26 12:18:23,078 [INFO] utils.trades: Fetching live option quote for SNDK 20260213 320.0P
2026-01-26 12:18:23,078 [INFO] utils.quote_manager: [get_quote] START symbol=SNDK, expiry=20260213, strike=320.0, right=P
2026-01-26 12:18:23,183 [INFO] utils.quote_manager: [get_quote] Request the right market data: session=weekend
2026-01-26 12:18:28,185 [WARNING] utils.quote_manager: [subscribe_get_quote] TIMEOUT for SNDK after 5.00s: last=nan, bid=-1.0, ask=-1.0, mg=None
2026-01-26 12:18:28,188 [DEBUG] utils.trades: get_quote() took 5.11 seconds
2026-01-26 12:18:28,188 [DEBUG] utils.trades: Received option quote for SNDK 20260213 320.0P: 4.44
2026-01-26 12:18:28,190 [DEBUG] utils.trades: Fetching live stock quote (in options) for SNDK
2026-01-26 12:18:28,191 [INFO] utils.quote_manager: [get_quote] START symbol=SNDK, expiry=None, strike=None, right=None
2026-01-26 12:18:28,293 [INFO] utils.quote_manager: [get_quote] Request the right market data: session=weekend
2026-01-26 12:18:28,298 [INFO] utils.quote_manager: [subscribe-get_quote] SNDK | Price Found: True (465.1) | Greeks Source: None | IV: N/A
2026-01-26 12:18:28,298 [INFO] utils.quote_manager: [subscribe-get_quote] Full data ready for SNDK
2026-01-26 12:18:28,322 [DEBUG] utils.trades: get_quote() took 0.13 seconds
2026-01-26 12:18:28,329 [DEBUG] utils.trades: Received stock quote (in options) for SNDK: 465.1
2026-01-26 12:18:28,337 [INFO] utils.trades: Fetching live option quote for TSLA 20260130 465.0C
2026-01-26 12:18:28,348 [INFO] utils.quote_manager: [get_quote] START symbol=TSLA, expiry=20260130, strike=465.0, right=C
2026-01-26 12:18:28,461 [INFO] utils.quote_manager: [get_quote] Request the right market data: session=weekend
2026-01-26 12:18:33,486 [WARNING] utils.quote_manager: [subscribe_get_quote] TIMEOUT for TSLA after 5.01s: last=nan, bid=-1.0, ask=-1.0, mg=None
2026-01-26 12:18:33,488 [DEBUG] utils.trades: get_quote() took 5.15 seconds
2026-01-26 12:18:33,488 [DEBUG] utils.trades: Received option quote for TSLA 20260130 465.0C: 8.52
2026-01-26 12:18:33,489 [DEBUG] utils.trades: Fetching live stock quote (in options) for TSLA
2026-01-26 12:18:33,490 [INFO] utils.quote_manager: [get_quote] START symbol=TSLA, expiry=None, strike=None, right=None
2026-01-26 12:18:33,605 [INFO] utils.quote_manager: [get_quote] Request the right market data: session=weekend
2026-01-26 12:18:33,605 [INFO] utils.quote_manager: [subscribe-get_quote] TSLA | Price Found: True (442.95) | Greeks Source: None | IV: N/A
2026-01-26 12:18:33,606 [INFO] utils.quote_manager: [subscribe-get_quote] Full data ready for TSLA
2026-01-26 12:18:33,606 [DEBUG] utils.trades: get_quote() took 0.12 seconds
2026-01-26 12:18:33,606 [DEBUG] utils.trades: Received stock quote (in options) for TSLA: 442.95
2026-01-26 12:18:33,607 [INFO] utils.trades: Fetching live option quote for ANET 20260206 115.0P
2026-01-26 12:18:33,610 [INFO] utils.quote_manager: [get_quote] START symbol=ANET, expiry=20260206, strike=115.0, right=P
2026-01-26 12:18:33,706 [INFO] utils.quote_manager: [get_quote] Request the right market data: session=weekend
2026-01-26 12:18:33,707 [INFO] utils.quote_manager: [subscribe-get_quote] ANET | Price Found: True (0.390350202475549) | Greeks Source: modelGreeks | IV: 0.5728285158120052
2026-01-26 12:18:33,707 [INFO] utils.quote_manager: [subscribe-get_quote] Full data ready for ANET
2026-01-26 12:18:33,710 [DEBUG] utils.trades: get_quote() took 0.10 seconds
2026-01-26 12:18:33,710 [DEBUG] utils.trades: Received option quote for ANET 20260206 115.0P: 0.390350202475549
2026-01-26 12:18:33,710 [DEBUG] utils.trades: Fetching live stock quote (in options) for ANET
2026-01-26 12:18:33,713 [INFO] utils.quote_manager: [get_quote] START symbol=ANET, expiry=None, strike=None, right=None
2026-01-26 12:18:33,806 [INFO] utils.quote_manager: [get_quote] Request the right market data: session=weekend
2026-01-26 12:18:33,807 [INFO] utils.quote_manager: [subscribe-get_quote] ANET | Price Found: True (134.0) | Greeks Source: None | IV: N/A
2026-01-26 12:18:33,807 [INFO] utils.quote_manager: [subscribe-get_quote] Full data ready for ANET
2026-01-26 12:18:33,807 [DEBUG] utils.trades: get_quote() took 0.10 seconds
2026-01-26 12:18:33,807 [DEBUG] utils.trades: Received stock quote (in options) for ANET: 134.0
2026-01-26 12:18:33,808 [DEBUG] utils.trades: Fetching live stock quote for SNDK
2026-01-26 12:18:33,808 [INFO] utils.quote_manager: [get_quote] START symbol=SNDK, expiry=None, strike=None, right=None
2026-01-26 12:18:33,921 [INFO] utils.quote_manager: [get_quote] Request the right market data: session=weekend
2026-01-26 12:18:33,921 [INFO] utils.quote_manager: [subscribe-get_quote] SNDK | Price Found: True (465.1) | Greeks Source: None | IV: N/A
2026-01-26 12:18:33,921 [INFO] utils.quote_manager: [subscribe-get_quote] Full data ready for SNDK
2026-01-26 12:18:33,921 [DEBUG] utils.trades: get_quote() took 0.11 seconds
2026-01-26 12:18:33,922 [DEBUG] utils.trades: Received stock quote for SNDK: 465.1
2026-01-26 12:18:33,922 [INFO] utils.trades: Fetching live option quote for TSM 20260206 300.0P
2026-01-26 12:18:33,922 [INFO] utils.quote_manager: [get_quote] START symbol=TSM, expiry=20260206, strike=300.0, right=P
2026-01-26 12:18:34,019 [INFO] utils.quote_manager: [get_quote] Request the right market data: session=weekend
2026-01-26 12:18:39,036 [WARNING] utils.quote_manager: [subscribe_get_quote] TIMEOUT for TSM after 5.02s: last=nan, bid=-1.0, ask=-1.0, mg=None
2026-01-26 12:18:39,046 [DEBUG] utils.trades: get_quote() took 5.12 seconds
2026-01-26 12:18:39,046 [DEBUG] utils.trades: Received option quote for TSM 20260206 300.0P: 1.57
2026-01-26 12:18:39,050 [DEBUG] utils.trades: Fetching live stock quote (in options) for TSM
2026-01-26 12:18:39,050 [INFO] utils.quote_manager: [get_quote] START symbol=TSM, expiry=None, strike=None, right=None
2026-01-26 12:18:39,167 [INFO] utils.quote_manager: [get_quote] Request the right market data: session=weekend
2026-01-26 12:18:39,168 [INFO] utils.quote_manager: [subscribe-get_quote] TSM | Price Found: True (332.0) | Greeks Source: None | IV: N/A
2026-01-26 12:18:39,170 [INFO] utils.quote_manager: [subscribe-get_quote] Full data ready for TSM
2026-01-26 12:18:39,180 [DEBUG] utils.trades: get_quote() took 0.13 seconds
2026-01-26 12:18:39,180 [DEBUG] utils.trades: Received stock quote (in options) for TSM: 332.0
2026-01-26 12:18:39,187 [INFO] utils.trades: Fetching live option quote for APLD 20260206 25.5P
2026-01-26 12:18:39,197 [INFO] utils.quote_manager: [get_quote] START symbol=APLD, expiry=20260206, strike=25.5, right=P
2026-01-26 12:18:39,317 [INFO] utils.quote_manager: [get_quote] Request the right market data: session=weekend
2026-01-26 12:18:44,371 [WARNING] utils.quote_manager: [subscribe_get_quote] TIMEOUT for APLD after 5.05s: last=nan, bid=-1.0, ask=-1.0, mg=None
2026-01-26 12:18:44,373 [DEBUG] utils.trades: get_quote() took 5.19 seconds
2026-01-26 12:18:44,376 [DEBUG] utils.trades: Received option quote for APLD 20260206 25.5P: 0.25
2026-01-26 12:18:44,377 [DEBUG] utils.trades: Fetching live stock quote (in options) for APLD
2026-01-26 12:18:44,378 [INFO] utils.quote_manager: [get_quote] START symbol=APLD, expiry=None, strike=None, right=None
2026-01-26 12:18:44,500 [INFO] utils.quote_manager: [get_quote] Request the right market data: session=weekend
2026-01-26 12:18:44,505 [INFO] utils.quote_manager: [subscribe-get_quote] APLD | Price Found: True (36.87) | Greeks Source: None | IV: N/A
2026-01-26 12:18:44,512 [INFO] utils.quote_manager: [subscribe-get_quote] Full data ready for APLD
2026-01-26 12:18:44,519 [DEBUG] utils.trades: get_quote() took 0.14 seconds
2026-01-26 12:18:44,527 [DEBUG] utils.trades: Received stock quote (in options) for APLD: 36.87
2026-01-26 12:18:44,536 [INFO] utils.trades: Fetching live option quote for AMD 20260130 255.0C
2026-01-26 12:18:44,542 [INFO] utils.quote_manager: [get_quote] START symbol=AMD, expiry=20260130, strike=255.0, right=C
2026-01-26 12:18:44,678 [INFO] utils.quote_manager: [get_quote] Request the right market data: session=weekend
2026-01-26 12:18:44,679 [INFO] utils.quote_manager: [subscribe-get_quote] AMD | Price Found: True (10.498249898704527) | Greeks Source: modelGreeks | IV: 0.5508214533047111
2026-01-26 12:18:44,684 [INFO] utils.quote_manager: [subscribe-get_quote] Full data ready for AMD
2026-01-26 12:18:44,703 [DEBUG] utils.trades: get_quote() took 0.17 seconds
2026-01-26 12:18:44,709 [DEBUG] utils.trades: Received option quote for AMD 20260130 255.0C: 10.498249898704527
2026-01-26 12:18:44,713 [DEBUG] utils.trades: Fetching live stock quote (in options) for AMD
2026-01-26 12:18:44,714 [INFO] utils.quote_manager: [get_quote] START symbol=AMD, expiry=None, strike=None, right=None
2026-01-26 12:18:44,841 [INFO] utils.quote_manager: [get_quote] Request the right market data: session=weekend
2026-01-26 12:18:44,843 [INFO] utils.quote_manager: [subscribe-get_quote] AMD | Price Found: True (257.2) | Greeks Source: None | IV: N/A
2026-01-26 12:18:44,849 [INFO] utils.quote_manager: [subscribe-get_quote] Full data ready for AMD
2026-01-26 12:18:44,854 [DEBUG] utils.trades: get_quote() took 0.14 seconds
2026-01-26 12:18:44,861 [DEBUG] utils.trades: Received stock quote (in options) for AMD: 257.2
2026-01-26 12:18:44,862 [INFO] utils.trades: Fetching live option quote for IREN 20260130 36.0P
2026-01-26 12:18:44,868 [INFO] utils.quote_manager: [get_quote] START symbol=IREN, expiry=20260130, strike=36.0, right=P
2026-01-26 12:18:44,996 [INFO] utils.quote_manager: [get_quote] Request the right market data: session=weekend
2026-01-26 12:18:50,018 [WARNING] utils.quote_manager: [subscribe_get_quote] TIMEOUT for IREN after 5.02s: last=nan, bid=-1.0, ask=-1.0, mg=None
2026-01-26 12:18:50,025 [DEBUG] utils.trades: get_quote() took 5.16 seconds
2026-01-26 12:18:50,032 [DEBUG] utils.trades: Received option quote for IREN 20260130 36.0P: 0.38
2026-01-26 12:18:50,033 [DEBUG] utils.trades: Fetching live stock quote (in options) for IREN
2026-01-26 12:18:50,041 [INFO] utils.quote_manager: [get_quote] START symbol=IREN, expiry=None, strike=None, right=None
2026-01-26 12:18:50,149 [INFO] utils.quote_manager: [get_quote] Request the right market data: session=weekend
2026-01-26 12:18:50,149 [INFO] utils.quote_manager: [subscribe-get_quote] IREN | Price Found: True (54.77) | Greeks Source: None | IV: N/A
2026-01-26 12:18:50,151 [INFO] utils.quote_manager: [subscribe-get_quote] Full data ready for IREN
2026-01-26 12:18:50,152 [DEBUG] utils.trades: get_quote() took 0.12 seconds
2026-01-26 12:18:50,152 [DEBUG] utils.trades: Received stock quote (in options) for IREN: 54.77
2026-01-26 12:18:50,153 [DEBUG] utils.trades: Fetching live stock quote for TSLA
2026-01-26 12:18:50,153 [INFO] utils.quote_manager: [get_quote] START symbol=TSLA, expiry=None, strike=None, right=None
2026-01-26 12:18:50,262 [INFO] utils.quote_manager: [get_quote] Request the right market data: session=weekend
2026-01-26 12:18:50,265 [INFO] utils.quote_manager: [subscribe-get_quote] TSLA | Price Found: True (442.95) | Greeks Source: None | IV: N/A
2026-01-26 12:18:50,266 [INFO] utils.quote_manager: [subscribe-get_quote] Full data ready for TSLA
2026-01-26 12:18:50,267 [DEBUG] utils.trades: get_quote() took 0.11 seconds
2026-01-26 12:18:50,270 [DEBUG] utils.trades: Received stock quote for TSLA: 442.95
2026-01-26 12:18:50,273 [INFO] utils.trades: Fetching live option quote for CLS 20260130 275.0P
2026-01-26 12:18:50,274 [INFO] utils.quote_manager: [get_quote] START symbol=CLS, expiry=20260130, strike=275.0, right=P
2026-01-26 12:18:50,374 [INFO] utils.quote_manager: [get_quote] Request the right market data: session=weekend
2026-01-26 12:18:55,404 [WARNING] utils.quote_manager: [subscribe_get_quote] TIMEOUT for CLS after 5.03s: last=nan, bid=-1.0, ask=-1.0, mg=None
2026-01-26 12:18:55,405 [DEBUG] utils.trades: get_quote() took 5.13 seconds
2026-01-26 12:18:55,408 [DEBUG] utils.trades: Received option quote for CLS 20260130 275.0P: 12.04
2026-01-26 12:18:55,412 [DEBUG] utils.trades: Fetching live stock quote (in options) for CLS
2026-01-26 12:18:55,412 [INFO] utils.quote_manager: [get_quote] START symbol=CLS, expiry=None, strike=None, right=None
2026-01-26 12:18:55,515 [INFO] utils.quote_manager: [get_quote] Request the right market data: session=weekend
2026-01-26 12:18:55,520 [INFO] utils.quote_manager: [subscribe-get_quote] CLS | Price Found: True (297.0) | Greeks Source: None | IV: N/A
2026-01-26 12:18:55,521 [INFO] utils.quote_manager: [subscribe-get_quote] Full data ready for CLS
2026-01-26 12:18:55,522 [DEBUG] utils.trades: get_quote() took 0.11 seconds
2026-01-26 12:18:55,522 [DEBUG] utils.trades: Received stock quote (in options) for CLS: 297.0
2026-01-26 12:18:55,523 [INFO] utils.trades: Fetching live option quote for ONDS 20260130 7.5P
2026-01-26 12:18:55,523 [INFO] utils.quote_manager: [get_quote] START symbol=ONDS, expiry=20260130, strike=7.5, right=P
2026-01-26 12:18:55,617 [INFO] utils.quote_manager: [get_quote] Request the right market data: session=weekend
2026-01-26 12:18:55,618 [INFO] utils.quote_manager: [subscribe-get_quote] ONDS | Price Found: True (0.010309048399622649) | Greeks Source: modelGreeks | IV: 1.5966922910214663
2026-01-26 12:18:55,618 [INFO] utils.quote_manager: [subscribe-get_quote] Full data ready for ONDS
2026-01-26 12:18:55,618 [DEBUG] utils.trades: get_quote() took 0.10 seconds
2026-01-26 12:18:55,619 [DEBUG] utils.trades: Received option quote for ONDS 20260130 7.5P: 0.010309048399622649
2026-01-26 12:18:55,619 [DEBUG] utils.trades: Fetching live stock quote (in options) for ONDS
2026-01-26 12:18:55,619 [INFO] utils.quote_manager: [get_quote] START symbol=ONDS, expiry=None, strike=None, right=None
2026-01-26 12:18:55,731 [INFO] utils.quote_manager: [get_quote] Request the right market data: session=weekend
2026-01-26 12:18:55,734 [INFO] utils.quote_manager: [subscribe-get_quote] ONDS | Price Found: True (11.98) | Greeks Source: None | IV: N/A
2026-01-26 12:18:55,735 [INFO] utils.quote_manager: [subscribe-get_quote] Full data ready for ONDS
2026-01-26 12:18:55,738 [DEBUG] utils.trades: get_quote() took 0.12 seconds
2026-01-26 12:18:55,739 [DEBUG] utils.trades: Received stock quote (in options) for ONDS: 11.98
2026-01-26 12:18:55,740 [INFO] utils.trades: Fetching live option quote for HOOD 20260130 115.0P
2026-01-26 12:18:55,741 [INFO] utils.quote_manager: [get_quote] START symbol=HOOD, expiry=20260130, strike=115.0, right=P
2026-01-26 12:18:55,842 [INFO] utils.quote_manager: [get_quote] Request the right market data: session=weekend
2026-01-26 12:18:55,843 [INFO] utils.quote_manager: [subscribe-get_quote] HOOD | Price Found: True (8.548162504489396) | Greeks Source: modelGreeks | IV: 0.48923327526361143
2026-01-26 12:18:55,843 [INFO] utils.quote_manager: [subscribe-get_quote] Full data ready for HOOD
2026-01-26 12:18:55,843 [DEBUG] utils.trades: get_quote() took 0.10 seconds
2026-01-26 12:18:55,843 [DEBUG] utils.trades: Received option quote for HOOD 20260130 115.0P: 8.548162504489396
2026-01-26 12:18:55,843 [DEBUG] utils.trades: Fetching live stock quote (in options) for HOOD
2026-01-26 12:18:55,844 [INFO] utils.quote_manager: [get_quote] START symbol=HOOD, expiry=None, strike=None, right=None
2026-01-26 12:18:55,943 [INFO] utils.quote_manager: [get_quote] Request the right market data: session=weekend
2026-01-26 12:18:55,944 [INFO] utils.quote_manager: [subscribe-get_quote] HOOD | Price Found: True (105.33) | Greeks Source: None | IV: N/A
2026-01-26 12:18:55,946 [INFO] utils.quote_manager: [subscribe-get_quote] Full data ready for HOOD
2026-01-26 12:18:55,947 [DEBUG] utils.trades: get_quote() took 0.10 seconds
2026-01-26 12:18:55,949 [DEBUG] utils.trades: Received stock quote (in options) for HOOD: 105.33
2026-01-26 12:18:55,950 [INFO] utils.trades: Fetching live option quote for VIX 20260818 13.5C
2026-01-26 12:18:55,951 [INFO] utils.quote_manager: [get_quote] START symbol=VIX, expiry=20260818, strike=13.5, right=C
2026-01-26 12:18:56,049 [INFO] utils.quote_manager: [get_quote] Request the right market data: session=weekend
2026-01-26 12:18:56,049 [INFO] utils.quote_manager: [subscribe-get_quote] VIX | Price Found: True (7.6) | Greeks Source: modelGreeks | IV: 0.3912751865733248
2026-01-26 12:18:56,049 [INFO] utils.quote_manager: [subscribe-get_quote] Full data ready for VIX
2026-01-26 12:18:56,049 [DEBUG] utils.trades: get_quote() took 0.10 seconds
2026-01-26 12:18:56,049 [DEBUG] utils.trades: Received option quote for VIX 20260818 13.5C: 7.6
2026-01-26 12:18:56,049 [DEBUG] utils.trades: Fetching live stock quote (in options) for VIX
2026-01-26 12:18:56,049 [INFO] utils.quote_manager: [get_quote] START symbol=VIX, expiry=None, strike=None, right=None
2026-01-26 12:18:56,156 [INFO] utils.quote_manager: [get_quote] Request the right market data: session=weekend
2026-01-26 12:18:56,156 [INFO] utils.quote_manager: [subscribe] built contract=Stock(symbol='VIX', exchange='SMART', currency='USD') for ('VIX', None, None, None, 0)
2026-01-26 12:18:58,166 [WARNING] utils.quote_manager: [safe_qualify] Qualification failed for VIX: 
2026-01-26 12:18:58,167 [ERROR] utils.quote_manager: [subscribe] All exchanges failed for ('VIX', None, None, None, 0)
2026-01-26 12:18:58,168 [ERROR] utils.quote_manager: [get_quote] ticker is None for ('VIX', None, None, None, 0)
2026-01-26 12:18:58,168 [DEBUG] utils.trades: get_quote() took 2.12 seconds
2026-01-26 12:18:58,169 [DEBUG] utils.trades: Received stock quote (in options) for VIX: None
2026-01-26 12:18:58,170 [DEBUG] utils.trades: Fetching live stock quote for TSLA
2026-01-26 12:18:58,171 [INFO] utils.quote_manager: [get_quote] START symbol=TSLA, expiry=None, strike=None, right=None
2026-01-26 12:18:58,267 [INFO] utils.quote_manager: [get_quote] Request the right market data: session=weekend
2026-01-26 12:18:58,269 [INFO] utils.quote_manager: [subscribe-get_quote] TSLA | Price Found: True (442.95) | Greeks Source: None | IV: N/A
2026-01-26 12:18:58,274 [INFO] utils.quote_manager: [subscribe-get_quote] Full data ready for TSLA
2026-01-26 12:18:58,280 [DEBUG] utils.trades: get_quote() took 0.11 seconds
2026-01-26 12:18:58,280 [DEBUG] utils.trades: Received stock quote for TSLA: 442.95
2026-01-26 12:18:58,281 [DEBUG] utils.trades: Fetching live stock quote for AAPL
2026-01-26 12:18:58,281 [INFO] utils.quote_manager: [get_quote] START symbol=AAPL, expiry=None, strike=None, right=None
2026-01-26 12:18:58,383 [INFO] utils.quote_manager: [get_quote] Request the right market data: session=weekend
2026-01-26 12:18:58,383 [INFO] utils.quote_manager: [subscribe-get_quote] AAPL | Price Found: True (248.26) | Greeks Source: None | IV: N/A
2026-01-26 12:18:58,386 [INFO] utils.quote_manager: [subscribe-get_quote] Full data ready for AAPL
2026-01-26 12:18:58,389 [DEBUG] utils.trades: get_quote() took 0.11 seconds
2026-01-26 12:18:58,396 [DEBUG] utils.trades: Received stock quote for AAPL: 248.26
2026-01-26 12:18:58,404 [DEBUG] utils.trades: Fetching live stock quote for AMD
2026-01-26 12:18:58,411 [INFO] utils.quote_manager: [get_quote] START symbol=AMD, expiry=None, strike=None, right=None
2026-01-26 12:18:58,531 [INFO] utils.quote_manager: [get_quote] Request the right market data: session=weekend
2026-01-26 12:18:58,532 [INFO] utils.quote_manager: [subscribe-get_quote] AMD | Price Found: True (257.2) | Greeks Source: None | IV: N/A
2026-01-26 12:18:58,543 [INFO] utils.quote_manager: [subscribe-get_quote] Full data ready for AMD
2026-01-26 12:18:58,548 [DEBUG] utils.trades: get_quote() took 0.14 seconds
2026-01-26 12:18:58,549 [DEBUG] utils.trades: Received stock quote for AMD: 257.2
2026-01-26 12:18:58,550 [DEBUG] utils.trades: Fetching live stock quote for CRCL
2026-01-26 12:18:58,558 [INFO] utils.quote_manager: [get_quote] START symbol=CRCL, expiry=None, strike=None, right=None
2026-01-26 12:18:58,657 [INFO] utils.quote_manager: [get_quote] Request the right market data: session=weekend
2026-01-26 12:18:58,660 [INFO] utils.quote_manager: [subscribe-get_quote] CRCL | Price Found: True (69.53) | Greeks Source: None | IV: N/A
2026-01-26 12:18:58,664 [INFO] utils.quote_manager: [subscribe-get_quote] Full data ready for CRCL
2026-01-26 12:18:58,669 [DEBUG] utils.trades: get_quote() took 0.12 seconds
2026-01-26 12:18:58,690 [DEBUG] utils.trades: Received stock quote for CRCL: 69.53
2026-01-26 12:18:58,692 [INFO] utils.trades: Fetching live option quote for HOOD 20260320 120.0C
2026-01-26 12:18:58,701 [INFO] utils.quote_manager: [get_quote] START symbol=HOOD, expiry=20260320, strike=120.0, right=C
2026-01-26 12:18:58,851 [INFO] utils.quote_manager: [get_quote] Request the right market data: session=weekend
2026-01-26 12:19:03,902 [WARNING] utils.quote_manager: [subscribe_get_quote] TIMEOUT for HOOD after 5.05s: last=nan, bid=-1.0, ask=-1.0, mg=None
2026-01-26 12:19:03,902 [DEBUG] utils.trades: get_quote() took 5.21 seconds
2026-01-26 12:19:03,905 [DEBUG] utils.trades: Received option quote for HOOD 20260320 120.0C: 5.03
2026-01-26 12:19:03,909 [DEBUG] utils.trades: Fetching live stock quote (in options) for HOOD
2026-01-26 12:19:03,909 [INFO] utils.quote_manager: [get_quote] START symbol=HOOD, expiry=None, strike=None, right=None
2026-01-26 12:19:04,021 [INFO] utils.quote_manager: [get_quote] Request the right market data: session=weekend
2026-01-26 12:19:04,024 [INFO] utils.quote_manager: [subscribe-get_quote] HOOD | Price Found: True (105.33) | Greeks Source: None | IV: N/A
2026-01-26 12:19:04,024 [INFO] utils.quote_manager: [subscribe-get_quote] Full data ready for HOOD
2026-01-26 12:19:04,030 [DEBUG] utils.trades: get_quote() took 0.12 seconds
2026-01-26 12:19:04,032 [DEBUG] utils.trades: Received stock quote (in options) for HOOD: 105.33
2026-01-26 12:19:04,035 [DEBUG] utils.trades: Fetching live stock quote for MSAI
2026-01-26 12:19:04,044 [INFO] utils.quote_manager: [get_quote] START symbol=MSAI, expiry=None, strike=None, right=None
2026-01-26 12:19:04,137 [INFO] utils.quote_manager: [get_quote] Request the right market data: session=weekend
2026-01-26 12:19:04,141 [INFO] utils.quote_manager: [subscribe-get_quote] MSAI | Price Found: True (0.3734) | Greeks Source: None | IV: N/A
2026-01-26 12:19:04,142 [INFO] utils.quote_manager: [subscribe-get_quote] Full data ready for MSAI
2026-01-26 12:19:04,145 [DEBUG] utils.trades: get_quote() took 0.11 seconds
2026-01-26 12:19:04,151 [DEBUG] utils.trades: Received stock quote for MSAI: 0.3734
2026-01-26 12:19:04,160 [DEBUG] utils.trades: Fetching live stock quote for NVDA
2026-01-26 12:19:04,160 [INFO] utils.quote_manager: [get_quote] START symbol=NVDA, expiry=None, strike=None, right=None
2026-01-26 12:19:04,264 [INFO] utils.quote_manager: [get_quote] Request the right market data: session=weekend
2026-01-26 12:19:04,264 [INFO] utils.quote_manager: [subscribe-get_quote] NVDA | Price Found: True (186.24) | Greeks Source: None | IV: N/A
2026-01-26 12:19:04,288 [INFO] utils.quote_manager: [subscribe-get_quote] Full data ready for NVDA
2026-01-26 12:19:04,292 [DEBUG] utils.trades: get_quote() took 0.13 seconds
2026-01-26 12:19:04,292 [DEBUG] utils.trades: Received stock quote for NVDA: 186.24
2026-01-26 12:19:04,296 [DEBUG] utils.trades: Fetching live stock quote for SOFI
2026-01-26 12:19:04,296 [INFO] utils.quote_manager: [get_quote] START symbol=SOFI, expiry=None, strike=None, right=None
2026-01-26 12:19:04,399 [INFO] utils.quote_manager: [get_quote] Request the right market data: session=weekend
2026-01-26 12:19:04,399 [INFO] utils.quote_manager: [subscribe-get_quote] SOFI | Price Found: True (25.65) | Greeks Source: None | IV: N/A
2026-01-26 12:19:04,404 [INFO] utils.quote_manager: [subscribe-get_quote] Full data ready for SOFI
2026-01-26 12:19:04,408 [DEBUG] utils.trades: get_quote() took 0.11 seconds
2026-01-26 12:19:04,417 [DEBUG] utils.trades: Received stock quote for SOFI: 25.65
2026-01-26 12:19:04,422 [DEBUG] utils.trades: Passing 5 groups to complex_groups_to_df...
2026-01-26 12:19:04,424 [INFO] utils.quote_manager: [get_quote] START symbol=FISV, expiry=20260116, strike=65.0, right=Put
2026-01-26 12:19:04,528 [INFO] utils.quote_manager: [get_quote] Request the right market data: session=weekend
2026-01-26 12:19:04,529 [INFO] utils.quote_manager: [subscribe] built contract=Option(symbol='FISV', lastTradeDateOrContractMonth='20260116', strike=65.0, right='Put', multiplier='100', exchange='SMART', currency='USD') for ('FISV', '20260116', 65.0, 'Put', 0)
2026-01-26 12:19:06,538 [WARNING] utils.quote_manager: [safe_qualify] Qualification failed for FISV: 
2026-01-26 12:19:08,552 [WARNING] utils.quote_manager: [safe_qualify] Qualification failed for FISV: 
2026-01-26 12:19:10,665 [WARNING] utils.quote_manager: [safe_qualify] Qualification failed for FISV: 
2026-01-26 12:19:12,784 [WARNING] utils.quote_manager: [safe_qualify] Qualification failed for FISV: 
2026-01-26 12:19:12,899 [ERROR] utils.quote_manager: [subscribe] All exchanges failed for ('FISV', '20260116', 65.0, 'Put', 0)
2026-01-26 12:19:12,902 [ERROR] utils.quote_manager: [get_quote] ticker is None for ('FISV', '20260116', 65.0, 'Put', 0)
2026-01-26 12:19:12,903 [ERROR] utils.trades: Quote failed for leg 10: unsupported operand type(s) for *: 'NoneType' and 'int'
2026-01-26 12:19:12,905 [INFO] utils.quote_manager: [get_quote] START symbol=FISV, expiry=20260116, strike=70.0, right=Put
2026-01-26 12:19:13,005 [INFO] utils.quote_manager: [get_quote] Request the right market data: session=weekend
2026-01-26 12:19:13,005 [INFO] utils.quote_manager: [subscribe] built contract=Option(symbol='FISV', lastTradeDateOrContractMonth='20260116', strike=70.0, right='Put', multiplier='100', exchange='SMART', currency='USD') for ('FISV', '20260116', 70.0, 'Put', 0)
2026-01-26 12:19:15,007 [WARNING] utils.quote_manager: [safe_qualify] Qualification failed for FISV: 
2026-01-26 12:19:17,021 [WARNING] utils.quote_manager: [safe_qualify] Qualification failed for FISV: 
2026-01-26 12:19:19,147 [WARNING] utils.quote_manager: [safe_qualify] Qualification failed for FISV: 
2026-01-26 12:19:21,268 [WARNING] utils.quote_manager: [safe_qualify] Qualification failed for FISV: 
2026-01-26 12:19:21,370 [ERROR] utils.quote_manager: [subscribe] All exchanges failed for ('FISV', '20260116', 70.0, 'Put', 0)
2026-01-26 12:19:21,375 [ERROR] utils.quote_manager: [get_quote] ticker is None for ('FISV', '20260116', 70.0, 'Put', 0)
2026-01-26 12:19:21,376 [ERROR] utils.trades: Quote failed for leg 9: unsupported operand type(s) for *: 'NoneType' and 'int'
2026-01-26 12:19:21,376 [INFO] utils.quote_manager: [get_quote] START symbol=MA, expiry=20260320, strike=560.0, right=Call
2026-01-26 12:19:21,473 [INFO] utils.quote_manager: [get_quote] Request the right market data: session=weekend
2026-01-26 12:19:21,474 [INFO] utils.quote_manager: [subscribe-get_quote] MA | Price Found: True (7.723687468989272) | Greeks Source: modelGreeks | IV: 0.23327907018555047
2026-01-26 12:19:21,474 [INFO] utils.quote_manager: [subscribe-get_quote] Full data ready for MA
2026-01-26 12:19:21,474 [INFO] utils.quote_manager: [get_quote] START symbol=MA, expiry=20260130, strike=560.0, right=Call
2026-01-26 12:19:21,572 [INFO] utils.quote_manager: [get_quote] Request the right market data: session=weekend
2026-01-26 12:19:26,632 [WARNING] utils.quote_manager: [subscribe_get_quote] TIMEOUT for MA after 5.06s: last=nan, bid=-1.0, ask=-1.0, mg=None
2026-01-26 12:19:26,635 [INFO] utils.quote_manager: [get_quote] START symbol=TSLA, expiry=20260220, strike=440.0, right=Call
2026-01-26 12:19:26,744 [INFO] utils.quote_manager: [get_quote] Request the right market data: session=weekend
2026-01-26 12:19:31,759 [WARNING] utils.quote_manager: [subscribe_get_quote] TIMEOUT for TSLA after 5.01s: last=nan, bid=-1.0, ask=-1.0, mg=None
2026-01-26 12:19:31,760 [INFO] utils.quote_manager: [get_quote] START symbol=TSLA, expiry=20260220, strike=440.0, right=Call
2026-01-26 12:19:31,874 [INFO] utils.quote_manager: [get_quote] Request the right market data: session=weekend
2026-01-26 12:19:36,881 [WARNING] utils.quote_manager: [subscribe_get_quote] TIMEOUT for TSLA after 5.00s: last=nan, bid=-1.0, ask=-1.0, mg=None
2026-01-26 12:19:36,883 [INFO] utils.quote_manager: [get_quote] START symbol=RKLB, expiry=20260213, strike=75.0, right=Put
2026-01-26 12:19:36,985 [INFO] utils.quote_manager: [get_quote] Request the right market data: session=weekend
2026-01-26 12:19:36,987 [INFO] utils.quote_manager: [subscribe-get_quote] RKLB | Price Found: True (2.0820489119457752) | Greeks Source: modelGreeks | IV: 0.8952559084348135
2026-01-26 12:19:36,988 [INFO] utils.quote_manager: [subscribe-get_quote] Full data ready for RKLB
2026-01-26 12:19:36,991 [INFO] utils.quote_manager: [get_quote] START symbol=RKLB, expiry=20260213, strike=80.0, right=Put
2026-01-26 12:19:37,087 [INFO] utils.quote_manager: [get_quote] Request the right market data: session=weekend
2026-01-26 12:19:42,134 [WARNING] utils.quote_manager: [subscribe_get_quote] TIMEOUT for RKLB after 5.05s: last=nan, bid=-1.0, ask=-1.0, mg=None
2026-01-26 12:19:42,134 [INFO] utils.quote_manager: [get_quote] START symbol=NVDA, expiry=20260320, strike=170.0, right=Call
2026-01-26 12:19:42,233 [INFO] utils.quote_manager: [get_quote] Request the right market data: session=weekend
2026-01-26 12:19:42,237 [INFO] utils.quote_manager: [subscribe-get_quote] NVDA | Price Found: True (24.354095875426868) | Greeks Source: modelGreeks | IV: 0.4601320315188967
2026-01-26 12:19:42,239 [INFO] utils.quote_manager: [subscribe-get_quote] Full data ready for NVDA
2026-01-26 12:19:42,244 [INFO] utils.quote_manager: [get_quote] START symbol=NVDA, expiry=20260130, strike=190.0, right=Call
2026-01-26 12:19:42,355 [INFO] utils.quote_manager: [get_quote] Request the right market data: session=weekend
2026-01-26 12:19:47,369 [WARNING] utils.quote_manager: [subscribe_get_quote] TIMEOUT for NVDA after 5.01s: last=nan, bid=-1.0, ask=-1.0, mg=None
2026-01-26 12:19:47,372 [DEBUG] utils.trades: DataFrame Row 0 Legs Count: 2
2026-01-26 12:19:47,375 [DEBUG] __main__: get_all_open_positions() took 95.25 seconds
2026-01-26 12:19:47,383 [DEBUG] __main__: Open Flat Trades styling INITIATED
2026-01-26 12:19:47,398 [DEBUG] __main__: Open Flat Trades styling took 0.01 seconds
2026-01-26 12:19:47,414 [INFO] utils.trades: --- SUMMARY ---
2026-01-26 12:19:47,415 [INFO] utils.trades: Initial Baseline: 626.38
2026-01-26 12:19:47,415 [INFO] utils.trades: Total Realized Cash: 626.38
2026-01-26 12:19:47,415 [INFO] utils.trades: Total Unrealized P&L: 0.00
2026-01-26 12:19:47,415 [INFO] utils.trades: Final True P&L: 626.38
2026-01-26 12:19:47,415 [INFO] utils.trades: --- DEBUG END ---

2026-01-26 12:19:47,424 [INFO] utils.trades: LEG ID: 28 | MA 20251024 560.0Call | Qty: -1
2026-01-26 12:19:47,425 [INFO] utils.trades:   > Realized: Entry $998.00 | Exit $-1,330.00 | Comms $1.40 | P&L $-332.00 | Status: Rolled
2026-01-26 12:19:47,425 [INFO] utils.trades:   > CURRENT MARKET VALUE TO LIQUIDATE: (Mark 7.723687468989272) * Qty 1 = 772.37
2026-01-26 12:19:47,425 [INFO] utils.trades: LEG ID: 29 | MA 20260320 560.0Call | Qty: 1
2026-01-26 12:19:47,425 [INFO] utils.trades:   > UNREALIZED: (Mark 7.723687468989272 - Entry 41.04) * Qty 1 = 772.37
2026-01-26 12:19:47,425 [INFO] utils.trades: LEG ID: 30 | MA 20251031 570.0Call | Qty: -1
2026-01-26 12:19:47,425 [INFO] utils.trades:   > Realized: Entry $1,333.00 | Exit $-1,551.00 | Comms $1.41 | P&L $-218.00 | Status: Rolled
2026-01-26 12:19:47,426 [INFO] utils.trades: LEG ID: 31 | MA 20251107 575.0Call | Qty: -1
2026-01-26 12:19:47,426 [INFO] utils.trades:   > Realized: Entry $1,446.00 | Exit $-19.00 | Comms $1.76 | P&L $1,427.00 | Status: Rolled
2026-01-26 12:19:47,426 [INFO] utils.trades: LEG ID: 32 | MA 20251114 560.0Call | Qty: -1
2026-01-26 12:19:47,426 [INFO] utils.trades:   > Realized: Entry $247.00 | Exit $-453.00 | Comms $2.10 | P&L $-206.00 | Status: Rolled
2026-01-26 12:19:47,427 [INFO] utils.trades: LEG ID: 33 | MA 20251121 565.0Call | Qty: -1
2026-01-26 12:19:47,427 [INFO] utils.trades:   > Realized: Entry $549.00 | Exit $-12.00 | Comms $2.10 | P&L $537.00 | Status: Rolled
2026-01-26 12:19:47,427 [INFO] utils.trades: LEG ID: 34 | MA 20251205 565.0Call | Qty: -1
2026-01-26 12:19:47,427 [INFO] utils.trades:   > Realized: Entry $217.00 | Exit $-15.00 | Comms $1.71 | P&L $202.00 | Status: Rolled
2026-01-26 12:19:47,427 [INFO] utils.trades: LEG ID: 35 | MA 20251212 562.5Call | Qty: -1
2026-01-26 12:19:47,427 [INFO] utils.trades:   > Realized: Entry $208.00 | Exit $-180.00 | Comms $1.68 | P&L $28.00 | Status: Rolled
2026-01-26 12:19:47,427 [INFO] utils.trades: LEG ID: 36 | MA 20251219 565.0Call | Qty: -1
2026-01-26 12:19:47,427 [INFO] utils.trades:   > Realized: Entry $420.00 | Exit $-1,010.00 | Comms $1.69 | P&L $-590.00 | Status: Rolled
2026-01-26 12:19:47,428 [INFO] utils.trades: LEG ID: 37 | MA 20251226 570.0Call | Qty: -1
2026-01-26 12:19:47,428 [INFO] utils.trades:   > Realized: Entry $859.00 | Exit $-996.00 | Comms $1.70 | P&L $-137.00 | Status: Rolled
2026-01-26 12:19:47,428 [INFO] utils.trades: LEG ID: 38 | MA 20260109 580.0Call | Qty: -1
2026-01-26 12:19:47,428 [INFO] utils.trades:   > Realized: Entry $700.00 | Exit $-411.00 | Comms $2.07 | P&L $289.00 | Status: Rolled
2026-01-26 12:19:47,428 [INFO] utils.trades: LEG ID: 39 | MA 20260116 587.5Call | Qty: -1
2026-01-26 12:19:47,428 [INFO] utils.trades:   > Realized: Entry $390.00 | Exit $-20.00 | Comms $2.10 | P&L $370.00 | Status: Rolled
2026-01-26 12:19:47,428 [INFO] utils.trades: LEG ID: 40 | MA 20260116 560.5Call | Qty: -1
2026-01-26 12:19:47,428 [INFO] utils.trades:   > Realized: Entry $135.00 | Exit $-9.00 | Comms $1.75 | P&L $126.00 | Status: Rolled
2026-01-26 12:19:47,428 [INFO] utils.trades: LEG ID: 41 | MA 20260123 560.0Call | Qty: -1
2026-01-26 12:19:47,429 [INFO] utils.trades:   > Realized: Entry $93.00 | Exit $-27.00 | Comms $1.75 | P&L $66.00 | Status: Rolled
2026-01-26 12:19:47,429 [INFO] utils.trades:   > CURRENT MARKET VALUE TO LIQUIDATE: (Mark 2.03) * Qty -1 = -203.00
2026-01-26 12:19:47,429 [INFO] utils.trades: LEG ID: 75 | MA 20260130 560.0Call | Qty: -1
2026-01-26 12:19:47,429 [INFO] utils.trades:   > UNREALIZED: (Mark 2.03 - Entry 1.44) * Qty -1 = -203.00
2026-01-26 12:19:47,429 [INFO] utils.trades: --- SUMMARY ---
2026-01-26 12:19:47,429 [INFO] utils.trades: Initial Baseline: -3,107.40
2026-01-26 12:19:47,429 [INFO] utils.trades: Total Realized Cash: -2,422.97
2026-01-26 12:19:47,429 [INFO] utils.trades: Total Unrealized P&L: 569.37
2026-01-26 12:19:47,429 [INFO] utils.trades: Final True P&L: -1,853.60
2026-01-26 12:19:47,430 [INFO] utils.trades: --- DEBUG END ---

2026-01-26 12:19:47,438 [INFO] utils.trades: LEG ID: 42 | TSLA 20251031 440.0Call | Qty: -1
2026-01-26 12:19:47,439 [INFO] utils.trades:   > Realized: Entry $1,210.00 | Exit $-2,532.00 | Comms $1.40 | P&L $-1,322.00 | Status: Rolled
2026-01-26 12:19:47,439 [INFO] utils.trades:   > CURRENT MARKET VALUE TO LIQUIDATE: (Mark 29.18) * Qty 1 = 2,918.00
2026-01-26 12:19:47,439 [INFO] utils.trades: LEG ID: 43 | TSLA 20260220 440.0Call | Qty: 1
2026-01-26 12:19:47,439 [INFO] utils.trades:   > UNREALIZED: (Mark 29.18 - Entry 56.74) * Qty 1 = 2,918.00
2026-01-26 12:19:47,439 [INFO] utils.trades: LEG ID: 44 | TSLA 20251107 450.0Call | Qty: -1
2026-01-26 12:19:47,439 [INFO] utils.trades:   > Realized: Entry $2,507.00 | Exit $-2,480.00 | Comms $1.41 | P&L $27.00 | Status: Rolled
2026-01-26 12:19:47,439 [INFO] utils.trades: LEG ID: 45 | TSLA 20251121 467.5Call | Qty: -1
2026-01-26 12:19:47,439 [INFO] utils.trades:   > Realized: Entry $2,525.00 | Exit $-12.00 | Comms $1.41 | P&L $2,513.00 | Status: Rolled
2026-01-26 12:19:47,439 [INFO] utils.trades: LEG ID: 46 | TSLA 20251128 440.0Call | Qty: -1
2026-01-26 12:19:47,439 [INFO] utils.trades:   > Realized: Entry $268.00 | Exit $-43.00 | Comms $1.40 | P&L $225.00 | Status: Rolled
2026-01-26 12:19:47,439 [INFO] utils.trades: LEG ID: 47 | TSLA 20251205 440.0Call | Qty: -1
2026-01-26 12:19:47,440 [INFO] utils.trades:   > Realized: Entry $388.00 | Exit $-618.00 | Comms $1.36 | P&L $-230.00 | Status: Rolled
2026-01-26 12:19:47,440 [INFO] utils.trades: LEG ID: 48 | TSLA 20251212 455.0Call | Qty: -1
2026-01-26 12:19:47,440 [INFO] utils.trades:   > Realized: Entry $663.00 | Exit $-128.00 | Comms $1.69 | P&L $535.00 | Status: Rolled
2026-01-26 12:19:47,440 [INFO] utils.trades: LEG ID: 49 | TSLA 20251219 455.0Call | Qty: -1
2026-01-26 12:19:47,440 [INFO] utils.trades:   > Realized: Entry $713.00 | Exit $-2,520.00 | Comms $1.69 | P&L $-1,807.00 | Status: Rolled
2026-01-26 12:19:47,440 [INFO] utils.trades: LEG ID: 50 | TSLA 20260102 470.0Call | Qty: -1
2026-01-26 12:19:47,440 [INFO] utils.trades:   > Realized: Entry $2,417.00 | Exit $-2.00 | Comms $1.73 | P&L $2,415.00 | Status: Rolled
2026-01-26 12:19:47,440 [INFO] utils.trades: LEG ID: 51 | TSLA 20260109 470.0Call | Qty: -1
2026-01-26 12:19:47,440 [INFO] utils.trades:   > Realized: Entry $238.00 | Exit $-22.00 | Comms $2.10 | P&L $216.00 | Status: Rolled
2026-01-26 12:19:47,440 [INFO] utils.trades: LEG ID: 52 | TSLA 20260116 470.0Call | Qty: -1
2026-01-26 12:19:47,440 [INFO] utils.trades:   > Realized: Entry $208.00 | Exit $-23.00 | Comms $2.60 | P&L $185.00 | Status: Rolled
2026-01-26 12:19:47,440 [INFO] utils.trades: LEG ID: 53 | TSLA 20260116 455.0Call | Qty: -1
2026-01-26 12:19:47,441 [INFO] utils.trades:   > Realized: Entry $109.00 | Exit $-32.00 | Comms $2.14 | P&L $77.00 | Status: Rolled
2026-01-26 12:19:47,441 [INFO] utils.trades: LEG ID: 54 | TSLA 20260123 462.5Call | Qty: -1
2026-01-26 12:19:47,441 [INFO] utils.trades:   > Realized: Entry $272.00 | Exit $-10.00 | Comms $1.40 | P&L $262.00 | Status: Rolled
2026-01-26 12:19:47,441 [INFO] utils.trades: LEG ID: 74 | TSLA 20260123 442.5Call | Qty: -1
2026-01-26 12:19:47,441 [INFO] utils.trades:   > Realized: Entry $220.00 | Exit $-550.00 | Comms $1.40 | P&L $-330.00 | Status: Rolled
2026-01-26 12:19:47,441 [INFO] utils.trades:   > CURRENT MARKET VALUE TO LIQUIDATE: (Mark 29.18) * Qty -1 = -2,918.00
2026-01-26 12:19:47,441 [INFO] utils.trades: LEG ID: 77 | TSLA 20260220 440.0Call | Qty: -1
2026-01-26 12:19:47,441 [INFO] utils.trades:   > UNREALIZED: (Mark 29.18 - Entry 27.25) * Qty -1 = -2,918.00
2026-01-26 12:19:47,441 [INFO] utils.trades: --- SUMMARY ---
2026-01-26 12:19:47,441 [INFO] utils.trades: Initial Baseline: -4,465.40
2026-01-26 12:19:47,441 [INFO] utils.trades: Total Realized Cash: -206.13
2026-01-26 12:19:47,441 [INFO] utils.trades: Total Unrealized P&L: 0.00
2026-01-26 12:19:47,442 [INFO] utils.trades: Final True P&L: -206.13
2026-01-26 12:19:47,442 [INFO] utils.trades: --- DEBUG END ---

2026-01-26 12:19:47,448 [INFO] utils.trades:   > CURRENT MARKET VALUE TO LIQUIDATE: (Mark 4.02) * Qty -4 = -1,608.00
2026-01-26 12:19:47,448 [INFO] utils.trades: LEG ID: 55 | RKLB 20260213 80.0Put | Qty: -4
2026-01-26 12:19:47,448 [INFO] utils.trades:   > UNREALIZED: (Mark 4.02 - Entry 4.93) * Qty -4 = -1,608.00
2026-01-26 12:19:47,449 [INFO] utils.trades:   > CURRENT MARKET VALUE TO LIQUIDATE: (Mark 2.0820489119457752) * Qty 4 = 832.82
2026-01-26 12:19:47,449 [INFO] utils.trades: LEG ID: 56 | RKLB 20260213 75.0Put | Qty: 4
2026-01-26 12:19:47,450 [INFO] utils.trades:   > UNREALIZED: (Mark 2.0820489119457752 - Entry 3.13) * Qty 4 = 832.82
2026-01-26 12:19:47,450 [INFO] utils.trades: --- SUMMARY ---
2026-01-26 12:19:47,450 [INFO] utils.trades: Initial Baseline: 717.50
2026-01-26 12:19:47,450 [INFO] utils.trades: Total Realized Cash: 717.50
2026-01-26 12:19:47,450 [INFO] utils.trades: Total Unrealized P&L: -775.18
2026-01-26 12:19:47,450 [INFO] utils.trades: Final True P&L: -57.68
2026-01-26 12:19:47,450 [INFO] utils.trades: --- DEBUG END ---

2026-01-26 12:19:47,456 [INFO] utils.trades: LEG ID: 57 | NVDA 20250919 170.0Call | Qty: -1
2026-01-26 12:19:47,456 [INFO] utils.trades:   > Realized: Entry $416.00 | Exit $-632.00 | Comms $2.04 | P&L $-216.00 | Status: Rolled
2026-01-26 12:19:47,456 [INFO] utils.trades:   > CURRENT MARKET VALUE TO LIQUIDATE: (Mark 24.354095875426868) * Qty 1 = 2,435.41
2026-01-26 12:19:47,456 [INFO] utils.trades: LEG ID: 58 | NVDA 20260320 170.0Call | Qty: 1
2026-01-26 12:19:47,456 [INFO] utils.trades:   > UNREALIZED: (Mark 24.354095875426868 - Entry 21.19) * Qty 1 = 2,435.41
2026-01-26 12:19:47,456 [INFO] utils.trades: LEG ID: 59 | NVDA 20251003 175.0Call | Qty: -1
2026-01-26 12:19:47,456 [INFO] utils.trades:   > Realized: Entry $542.00 | Exit $-774.00 | Comms $1.70 | P&L $-232.00 | Status: Rolled
2026-01-26 12:19:47,457 [INFO] utils.trades: LEG ID: 60 | NVDA 20251010 177.5Call | Qty: -1
2026-01-26 12:19:47,457 [INFO] utils.trades:   > Realized: Entry $737.00 | Exit $-1,072.00 | Comms $1.41 | P&L $-335.00 | Status: Rolled
2026-01-26 12:19:47,457 [INFO] utils.trades: LEG ID: 61 | NVDA 20251031 185.0Call | Qty: -1
2026-01-26 12:19:47,457 [INFO] utils.trades:   > Realized: Entry $937.00 | Exit $-1,417.00 | Comms $1.40 | P&L $-480.00 | Status: Rolled
2026-01-26 12:19:47,457 [INFO] utils.trades: LEG ID: 62 | NVDA 20251107 190.0Call | Qty: -1
2026-01-26 12:19:47,457 [INFO] utils.trades:   > Realized: Entry $1,182.00 | Exit $-2,078.00 | Comms $1.75 | P&L $-896.00 | Status: Rolled
2026-01-26 12:19:47,457 [INFO] utils.trades: LEG ID: 63 | NVDA 20251121 200.0Call | Qty: -1
2026-01-26 12:19:47,457 [INFO] utils.trades:   > Realized: Entry $1,676.00 | Exit $-2.00 | Comms $2.10 | P&L $1,674.00 | Status: Rolled
2026-01-26 12:19:47,457 [INFO] utils.trades: LEG ID: 64 | NVDA 20251128 190.0Call | Qty: -1
2026-01-26 12:19:47,457 [INFO] utils.trades:   > Realized: Entry $156.00 | Exit $-10.00 | Comms $2.04 | P&L $146.00 | Status: Rolled
2026-01-26 12:19:47,457 [INFO] utils.trades: LEG ID: 65 | NVDA 20251128 175.0Call | Qty: -1
2026-01-26 12:19:47,457 [INFO] utils.trades:   > Realized: Entry $203.00 | Exit $-660.00 | Comms $1.69 | P&L $-457.00 | Status: Rolled
2026-01-26 12:19:47,458 [INFO] utils.trades: LEG ID: 66 | NVDA 20251205 180.0Call | Qty: -1
2026-01-26 12:19:47,458 [INFO] utils.trades:   > Realized: Entry $550.00 | Exit $-614.00 | Comms $1.37 | P&L $-64.00 | Status: Rolled
2026-01-26 12:19:47,458 [INFO] utils.trades: LEG ID: 67 | NVDA 20251219 187.0Call | Qty: -1
2026-01-26 12:19:47,458 [INFO] utils.trades:   > Realized: Entry $559.00 | Exit $-7.00 | Comms $1.88 | P&L $552.00 | Status: Rolled
2026-01-26 12:19:47,458 [INFO] utils.trades: LEG ID: 68 | NVDA 20251226 185.0Call | Qty: -1
2026-01-26 12:19:47,458 [INFO] utils.trades:   > Realized: Entry $58.00 | Exit $-571.00 | Comms $1.89 | P&L $-513.00 | Status: Rolled
2026-01-26 12:19:47,458 [INFO] utils.trades: LEG ID: 69 | NVDA 20260102 190.0Call | Qty: -1
2026-01-26 12:19:47,458 [INFO] utils.trades:   > Realized: Entry $336.00 | Exit $-94.00 | Comms $1.73 | P&L $242.00 | Status: Rolled
2026-01-26 12:19:47,458 [INFO] utils.trades: LEG ID: 70 | NVDA 20260109 192.5Call | Qty: -1
2026-01-26 12:19:47,458 [INFO] utils.trades:   > Realized: Entry $240.00 | Exit $-110.00 | Comms $2.10 | P&L $130.00 | Status: Rolled
2026-01-26 12:19:47,458 [INFO] utils.trades: LEG ID: 71 | NVDA 20260116 195.0Call | Qty: -1
2026-01-26 12:19:47,458 [INFO] utils.trades:   > Realized: Entry $211.00 | Exit $-24.00 | Comms $1.75 | P&L $187.00 | Status: Rolled
2026-01-26 12:19:47,459 [INFO] utils.trades: LEG ID: 72 | NVDA 20260123 195.0Call | Qty: -1
2026-01-26 12:19:47,459 [INFO] utils.trades:   > Realized: Entry $86.00 | Exit $-4.00 | Comms $1.75 | P&L $82.00 | Status: Rolled
2026-01-26 12:19:47,459 [INFO] utils.trades: LEG ID: 73 | NVDA 20260123 185.0Call | Qty: -1
2026-01-26 12:19:47,459 [INFO] utils.trades:   > Realized: Entry $60.00 | Exit $-280.00 | Comms $2.10 | P&L $-220.00 | Status: Rolled
2026-01-26 12:19:47,459 [INFO] utils.trades:   > CURRENT MARKET VALUE TO LIQUIDATE: (Mark 1.96) * Qty -1 = -196.00
2026-01-26 12:19:47,459 [INFO] utils.trades: LEG ID: 76 | NVDA 20260130 190.0Call | Qty: -1
2026-01-26 12:19:47,459 [INFO] utils.trades:   > UNREALIZED: (Mark 1.96 - Entry 2.9) * Qty -1 = -196.00
2026-01-26 12:19:47,459 [INFO] utils.trades: --- SUMMARY ---
2026-01-26 12:19:47,459 [INFO] utils.trades: Initial Baseline: -1,705.10
2026-01-26 12:19:47,459 [INFO] utils.trades: Total Realized Cash: -2,259.80
2026-01-26 12:19:47,460 [INFO] utils.trades: Total Unrealized P&L: 2,239.41
2026-01-26 12:19:47,460 [INFO] utils.trades: Final True P&L: -20.39
2026-01-26 12:19:47,460 [INFO] utils.trades: --- DEBUG END ---

2026-01-26 12:29:05,305 [DEBUG] __main__: Starting Closed Trades page
2026-01-26 12:29:05,564 [DEBUG] __main__: fetch_trades() INITIATED
2026-01-26 12:29:05,580 [DEBUG] __main__: fetch_trades() took 0.02 seconds
2026-01-26 12:29:05,581 [DEBUG] __main__: trades_to_df() INITIATED
2026-01-26 12:29:05,625 [DEBUG] __main__: trades_to_df() took 0.04 seconds
2026-01-26 12:29:05,626 [DEBUG] __main__: load_closed_trades() INITIATED
2026-01-26 12:29:05,648 [DEBUG] __main__: load_closed_trades() took 0.02 seconds
2026-01-26 12:29:05,653 [DEBUG] __main__: closed_df styling INITIATED
2026-01-26 12:29:05,694 [DEBUG] __main__: closed_df styling took 0.04 seconds
2026-01-26 12:29:05,702 [INFO] utils.trades: LEG ID: 20 | COST 20251031 935.0Call | Qty: -1
2026-01-26 12:29:05,703 [INFO] utils.trades:   > Realized: Entry $1,289.00 | Exit $-2,142.00 | Comms $1.40 | P&L $-853.00 | Status: Rolled
2026-01-26 12:29:05,703 [INFO] utils.trades: LEG ID: 21 | COST 20260116 935.0Call | Qty: 1
2026-01-26 12:29:05,704 [INFO] utils.trades:   > Realized: Entry $-4,672.00 | Exit $2,237.00 | Comms $1.50 | P&L $-2,435.00 | Status: Closed
2026-01-26 12:29:05,704 [INFO] utils.trades: LEG ID: 22 | COST 20251114 950.0Call | Qty: -1
2026-01-26 12:29:05,705 [INFO] utils.trades:   > Realized: Entry $2,037.00 | Exit $-14.00 | Comms $1.75 | P&L $2,023.00 | Status: Rolled
2026-01-26 12:29:05,705 [INFO] utils.trades: LEG ID: 23 | COST 20251121 940.0Call | Qty: -1
2026-01-26 12:29:05,705 [INFO] utils.trades:   > Realized: Entry $427.00 | Exit $-3.00 | Comms $2.10 | P&L $424.00 | Status: Rolled
2026-01-26 12:29:05,706 [INFO] utils.trades: LEG ID: 24 | COST 20251128 940.0Call | Qty: -1
2026-01-26 12:29:05,706 [INFO] utils.trades:   > Realized: Entry $139.00 | Exit $-6.00 | Comms $2.10 | P&L $133.00 | Status: Rolled
2026-01-26 12:29:05,707 [INFO] utils.trades: LEG ID: 25 | COST 20251205 940.0Call | Qty: -1
2026-01-26 12:29:05,707 [INFO] utils.trades:   > Realized: Entry $111.00 | Exit $-8.00 | Comms $2.07 | P&L $103.00 | Status: Rolled
2026-01-26 12:29:05,707 [INFO] utils.trades: LEG ID: 26 | COST 20251212 940.0Call | Qty: -1
2026-01-26 12:29:05,709 [INFO] utils.trades:   > Realized: Entry $553.00 | Exit $-4.00 | Comms $1.70 | P&L $549.00 | Status: Rolled
2026-01-26 12:29:05,710 [INFO] utils.trades: LEG ID: 27 | COST 20260102 945.0Call | Qty: -1
2026-01-26 12:29:05,710 [INFO] utils.trades:   > Realized: Entry $137.00 | Exit $-0.00 | Comms $0.67 | P&L $137.00 | Status: Rolled
2026-01-26 12:29:05,711 [INFO] utils.trades: --- SUMMARY ---
2026-01-26 12:29:05,711 [INFO] utils.trades: Initial Baseline: -3,384.40
2026-01-26 12:29:05,712 [INFO] utils.trades: Total Realized Cash: 67.71
2026-01-26 12:29:05,712 [INFO] utils.trades: Total Unrealized P&L: 0.00
2026-01-26 12:29:05,712 [INFO] utils.trades: Final True P&L: 67.71
2026-01-26 12:29:05,713 [INFO] utils.trades: --- DEBUG END ---

2026-01-26 12:29:05,721 [INFO] utils.trades: LEG ID: 13 | SNDK 20260123 350.0Put | Qty: -3
2026-01-26 12:29:05,721 [INFO] utils.trades:   > Realized: Entry $3,621.00 | Exit $-0.00 | Comms $0.28 | P&L $3,621.00 | Status: Closed
2026-01-26 12:29:05,722 [INFO] utils.trades: LEG ID: 14 | SNDK 20260123 340.0Put | Qty: 3
2026-01-26 12:29:05,722 [INFO] utils.trades:   > Realized: Entry $-2,781.00 | Exit $0.00 | Comms $0.28 | P&L $-2,781.00 | Status: Closed
2026-01-26 12:29:05,722 [INFO] utils.trades: --- SUMMARY ---
2026-01-26 12:29:05,722 [INFO] utils.trades: Initial Baseline: 839.44
2026-01-26 12:29:05,723 [INFO] utils.trades: Total Realized Cash: 839.44
2026-01-26 12:29:05,723 [INFO] utils.trades: Total Unrealized P&L: 0.00
2026-01-26 12:29:05,723 [INFO] utils.trades: Final True P&L: 839.44
2026-01-26 12:29:05,723 [INFO] utils.trades: --- DEBUG END ---

2026-01-26 12:29:05,732 [INFO] utils.trades: LEG ID: 11 | AMZN 20251128 220.0Call | Qty: -2
2026-01-26 12:29:05,732 [INFO] utils.trades:   > Realized: Entry $1,038.00 | Exit $-1,740.00 | Comms $1.60 | P&L $-702.00 | Status: Rolled
2026-01-26 12:29:05,733 [INFO] utils.trades: LEG ID: 12 | AMZN 20260320 220.0Call | Qty: 2
2026-01-26 12:29:05,734 [INFO] utils.trades:   > Realized: Entry $-4,188.00 | Exit $5,024.00 | Comms $1.52 | P&L $836.00 | Status: Closed
2026-01-26 12:29:05,734 [INFO] utils.trades: LEG ID: 15 | AMZN 20251205 227.5Call | Qty: -2
2026-01-26 12:29:05,734 [INFO] utils.trades:   > Realized: Entry $1,114.00 | Exit $-648.00 | Comms $1.45 | P&L $466.00 | Status: Rolled
2026-01-26 12:29:05,735 [INFO] utils.trades: LEG ID: 16 | AMZN 20251219 232.5Call | Qty: -2
2026-01-26 12:29:05,735 [INFO] utils.trades:   > Realized: Entry $892.00 | Exit $-4.00 | Comms $1.32 | P&L $888.00 | Status: Rolled
2026-01-26 12:29:05,735 [INFO] utils.trades: LEG ID: 17 | AMZN 20260102 235.0Call | Qty: -2
2026-01-26 12:29:05,735 [INFO] utils.trades:   > Realized: Entry $246.00 | Exit $-72.00 | Comms $1.67 | P&L $174.00 | Status: Rolled
2026-01-26 12:29:05,736 [INFO] utils.trades: LEG ID: 18 | AMZN 20260109 235.0Call | Qty: -2
2026-01-26 12:29:05,737 [INFO] utils.trades:   > Realized: Entry $422.00 | Exit $-1,960.00 | Comms $2.38 | P&L $-1,538.00 | Status: Rolled
2026-01-26 12:29:05,737 [INFO] utils.trades: LEG ID: 19 | AMZN 20260116 240.0Call | Qty: -2
2026-01-26 12:29:05,738 [INFO] utils.trades:   > Realized: Entry $1,420.00 | Exit $-56.00 | Comms $2.12 | P&L $1,364.00 | Status: Closed
2026-01-26 12:29:05,738 [INFO] utils.trades: --- SUMMARY ---
2026-01-26 12:29:05,739 [INFO] utils.trades: Initial Baseline: -3,151.61
2026-01-26 12:29:05,739 [INFO] utils.trades: Total Realized Cash: 1,475.94
2026-01-26 12:29:05,739 [INFO] utils.trades: Total Unrealized P&L: 0.00
2026-01-26 12:29:05,739 [INFO] utils.trades: Final True P&L: 1,475.94
2026-01-26 12:29:05,740 [INFO] utils.trades: --- DEBUG END ---

2026-01-26 12:29:05,747 [INFO] utils.trades: LEG ID: 7 | CRWD 20260123 455.0Put | Qty: -4
2026-01-26 12:29:05,747 [INFO] utils.trades:   > Realized: Entry $3,664.00 | Exit $-836.00 | Comms $4.14 | P&L $2,828.00 | Status: Closed
2026-01-26 12:29:05,748 [INFO] utils.trades: LEG ID: 8 | CRWD 20260123 445.0Put | Qty: 4
2026-01-26 12:29:05,749 [INFO] utils.trades:   > Realized: Entry $-2,740.00 | Exit $104.00 | Comms $4.13 | P&L $-2,636.00 | Status: Closed
2026-01-26 12:29:05,749 [INFO] utils.trades: --- SUMMARY ---
2026-01-26 12:29:05,749 [INFO] utils.trades: Initial Baseline: 921.35
2026-01-26 12:29:05,749 [INFO] utils.trades: Total Realized Cash: 183.73
2026-01-26 12:29:05,750 [INFO] utils.trades: Total Unrealized P&L: 0.00
2026-01-26 12:29:05,750 [INFO] utils.trades: Final True P&L: 183.73
2026-01-26 12:29:05,750 [INFO] utils.trades: --- DEBUG END ---

2026-01-26 12:30:34,312 [DEBUG] __main__: Starting Closed Trades page
2026-01-26 12:30:34,519 [DEBUG] __main__: fetch_trades() INITIATED
2026-01-26 12:30:34,531 [DEBUG] __main__: fetch_trades() took 0.01 seconds
2026-01-26 12:30:34,531 [DEBUG] __main__: trades_to_df() INITIATED
2026-01-26 12:30:34,571 [DEBUG] __main__: trades_to_df() took 0.04 seconds
2026-01-26 12:30:34,572 [DEBUG] __main__: load_closed_trades() INITIATED
2026-01-26 12:30:34,596 [DEBUG] __main__: load_closed_trades() took 0.02 seconds
2026-01-26 12:30:34,599 [DEBUG] __main__: closed_df styling INITIATED
2026-01-26 12:30:34,637 [DEBUG] __main__: closed_df styling took 0.04 seconds
2026-01-26 12:30:34,642 [INFO] utils.trades: LEG ID: 20 | COST 20251031 935.0Call | Qty: -1
2026-01-26 12:30:34,643 [INFO] utils.trades:   > Realized: Entry $1,289.00 | Exit $-2,142.00 | Comms $1.40 | P&L $-853.00 | Status: Rolled
2026-01-26 12:30:34,643 [INFO] utils.trades: LEG ID: 21 | COST 20260116 935.0Call | Qty: 1
2026-01-26 12:30:34,643 [INFO] utils.trades:   > Realized: Entry $-4,672.00 | Exit $2,237.00 | Comms $1.50 | P&L $-2,435.00 | Status: Closed
2026-01-26 12:30:34,643 [INFO] utils.trades: LEG ID: 22 | COST 20251114 950.0Call | Qty: -1
2026-01-26 12:30:34,643 [INFO] utils.trades:   > Realized: Entry $2,037.00 | Exit $-14.00 | Comms $1.75 | P&L $2,023.00 | Status: Rolled
2026-01-26 12:30:34,644 [INFO] utils.trades: LEG ID: 23 | COST 20251121 940.0Call | Qty: -1
2026-01-26 12:30:34,644 [INFO] utils.trades:   > Realized: Entry $427.00 | Exit $-3.00 | Comms $2.10 | P&L $424.00 | Status: Rolled
2026-01-26 12:30:34,644 [INFO] utils.trades: LEG ID: 24 | COST 20251128 940.0Call | Qty: -1
2026-01-26 12:30:34,644 [INFO] utils.trades:   > Realized: Entry $139.00 | Exit $-6.00 | Comms $2.10 | P&L $133.00 | Status: Rolled
2026-01-26 12:30:34,644 [INFO] utils.trades: LEG ID: 25 | COST 20251205 940.0Call | Qty: -1
2026-01-26 12:30:34,645 [INFO] utils.trades:   > Realized: Entry $111.00 | Exit $-8.00 | Comms $2.07 | P&L $103.00 | Status: Rolled
2026-01-26 12:30:34,645 [INFO] utils.trades: LEG ID: 26 | COST 20251212 940.0Call | Qty: -1
2026-01-26 12:30:34,645 [INFO] utils.trades:   > Realized: Entry $553.00 | Exit $-4.00 | Comms $1.70 | P&L $549.00 | Status: Rolled
2026-01-26 12:30:34,646 [INFO] utils.trades: LEG ID: 27 | COST 20260102 945.0Call | Qty: -1
2026-01-26 12:30:34,646 [INFO] utils.trades:   > Realized: Entry $137.00 | Exit $-0.00 | Comms $0.67 | P&L $137.00 | Status: Rolled
2026-01-26 12:30:34,646 [INFO] utils.trades: --- SUMMARY ---
2026-01-26 12:30:34,647 [INFO] utils.trades: Initial Baseline: -3,384.40
2026-01-26 12:30:34,647 [INFO] utils.trades: Total Realized Cash: 67.71
2026-01-26 12:30:34,647 [INFO] utils.trades: Total Unrealized P&L: 0.00
2026-01-26 12:30:34,647 [INFO] utils.trades: Final True P&L: 67.71
2026-01-26 12:30:34,647 [INFO] utils.trades: --- DEBUG END ---

2026-01-26 12:30:34,655 [INFO] utils.trades: LEG ID: 13 | SNDK 20260123 350.0Put | Qty: -3
2026-01-26 12:30:34,655 [INFO] utils.trades:   > Realized: Entry $3,621.00 | Exit $-0.00 | Comms $0.28 | P&L $3,621.00 | Status: Closed
2026-01-26 12:30:34,656 [INFO] utils.trades: LEG ID: 14 | SNDK 20260123 340.0Put | Qty: 3
2026-01-26 12:30:34,656 [INFO] utils.trades:   > Realized: Entry $-2,781.00 | Exit $0.00 | Comms $0.28 | P&L $-2,781.00 | Status: Closed
2026-01-26 12:30:34,656 [INFO] utils.trades: --- SUMMARY ---
2026-01-26 12:30:34,656 [INFO] utils.trades: Initial Baseline: 839.44
2026-01-26 12:30:34,656 [INFO] utils.trades: Total Realized Cash: 839.44
2026-01-26 12:30:34,656 [INFO] utils.trades: Total Unrealized P&L: 0.00
2026-01-26 12:30:34,656 [INFO] utils.trades: Final True P&L: 839.44
2026-01-26 12:30:34,657 [INFO] utils.trades: --- DEBUG END ---

2026-01-26 12:30:34,663 [INFO] utils.trades: LEG ID: 11 | AMZN 20251128 220.0Call | Qty: -2
2026-01-26 12:30:34,663 [INFO] utils.trades:   > Realized: Entry $1,038.00 | Exit $-1,740.00 | Comms $1.60 | P&L $-702.00 | Status: Rolled
2026-01-26 12:30:34,664 [INFO] utils.trades: LEG ID: 12 | AMZN 20260320 220.0Call | Qty: 2
2026-01-26 12:30:34,664 [INFO] utils.trades:   > Realized: Entry $-4,188.00 | Exit $5,024.00 | Comms $1.52 | P&L $836.00 | Status: Closed
2026-01-26 12:30:34,664 [INFO] utils.trades: LEG ID: 15 | AMZN 20251205 227.5Call | Qty: -2
2026-01-26 12:30:34,664 [INFO] utils.trades:   > Realized: Entry $1,114.00 | Exit $-648.00 | Comms $1.45 | P&L $466.00 | Status: Rolled
2026-01-26 12:30:34,664 [INFO] utils.trades: LEG ID: 16 | AMZN 20251219 232.5Call | Qty: -2
2026-01-26 12:30:34,664 [INFO] utils.trades:   > Realized: Entry $892.00 | Exit $-4.00 | Comms $1.32 | P&L $888.00 | Status: Rolled
2026-01-26 12:30:34,665 [INFO] utils.trades: LEG ID: 17 | AMZN 20260102 235.0Call | Qty: -2
2026-01-26 12:30:34,665 [INFO] utils.trades:   > Realized: Entry $246.00 | Exit $-72.00 | Comms $1.67 | P&L $174.00 | Status: Rolled
2026-01-26 12:30:34,665 [INFO] utils.trades: LEG ID: 18 | AMZN 20260109 235.0Call | Qty: -2
2026-01-26 12:30:34,665 [INFO] utils.trades:   > Realized: Entry $422.00 | Exit $-1,960.00 | Comms $2.38 | P&L $-1,538.00 | Status: Rolled
2026-01-26 12:30:34,665 [INFO] utils.trades: LEG ID: 19 | AMZN 20260116 240.0Call | Qty: -2
2026-01-26 12:30:34,666 [INFO] utils.trades:   > Realized: Entry $1,420.00 | Exit $-56.00 | Comms $2.12 | P&L $1,364.00 | Status: Closed
2026-01-26 12:30:34,666 [INFO] utils.trades: --- SUMMARY ---
2026-01-26 12:30:34,666 [INFO] utils.trades: Initial Baseline: -3,151.61
2026-01-26 12:30:34,666 [INFO] utils.trades: Total Realized Cash: 1,475.94
2026-01-26 12:30:34,666 [INFO] utils.trades: Total Unrealized P&L: 0.00
2026-01-26 12:30:34,666 [INFO] utils.trades: Final True P&L: 1,475.94
2026-01-26 12:30:34,666 [INFO] utils.trades: --- DEBUG END ---

2026-01-26 12:30:34,673 [INFO] utils.trades: LEG ID: 7 | CRWD 20260123 455.0Put | Qty: -4
2026-01-26 12:30:34,674 [INFO] utils.trades:   > Realized: Entry $3,664.00 | Exit $-836.00 | Comms $4.14 | P&L $2,828.00 | Status: Closed
2026-01-26 12:30:34,674 [INFO] utils.trades: LEG ID: 8 | CRWD 20260123 445.0Put | Qty: 4
2026-01-26 12:30:34,675 [INFO] utils.trades:   > Realized: Entry $-2,740.00 | Exit $104.00 | Comms $4.13 | P&L $-2,636.00 | Status: Closed
2026-01-26 12:30:34,675 [INFO] utils.trades: --- SUMMARY ---
2026-01-26 12:30:34,675 [INFO] utils.trades: Initial Baseline: 921.35
2026-01-26 12:30:34,676 [INFO] utils.trades: Total Realized Cash: 183.73
2026-01-26 12:30:34,676 [INFO] utils.trades: Total Unrealized P&L: 0.00
2026-01-26 12:30:34,676 [INFO] utils.trades: Final True P&L: 183.73
2026-01-26 12:30:34,676 [INFO] utils.trades: --- DEBUG END ---

2026-01-26 12:30:47,021 [DEBUG] __main__: Starting Open Trades page
2026-01-26 12:30:47,243 [DEBUG] __main__: get_all_open_positions() INITIATED
2026-01-26 12:30:47,244 [DEBUG] __main__: Fetching positions (Refresh Count: {refresh_count})
2026-01-26 12:30:47,249 [DEBUG] utils.trades: 
--- DATABASE FETCH DEBUG ---
2026-01-26 12:30:47,250 [DEBUG] utils.trades: Group ID 5: Total Legs Found: 2 | Statuses: ['Active', 'Active']
2026-01-26 12:30:47,250 [DEBUG] utils.trades: Group ID 9: Total Legs Found: 15 | Statuses: ['Active', 'Active', 'Rolled', 'Rolled', 'Rolled', 'Rolled', 'Rolled', 'Rolled', 'Rolled', 'Rolled', 'Rolled', 'Rolled', 'Rolled', 'Rolled', 'Rolled']
2026-01-26 12:30:47,250 [DEBUG] utils.trades: Group ID 10: Total Legs Found: 15 | Statuses: ['Active', 'Active', 'Rolled', 'Rolled', 'Rolled', 'Rolled', 'Rolled', 'Rolled', 'Rolled', 'Rolled', 'Rolled', 'Rolled', 'Rolled', 'Rolled', 'Rolled']
2026-01-26 12:30:47,251 [DEBUG] utils.trades: Group ID 11: Total Legs Found: 2 | Statuses: ['Active', 'Active']
2026-01-26 12:30:47,252 [DEBUG] utils.trades: Group ID 12: Total Legs Found: 18 | Statuses: ['Active', 'Active', 'Rolled', 'Rolled', 'Rolled', 'Rolled', 'Rolled', 'Rolled', 'Rolled', 'Rolled', 'Rolled', 'Rolled', 'Rolled', 'Rolled', 'Rolled', 'Rolled', 'Rolled', 'Rolled']
2026-01-26 12:30:47,252 [INFO] utils.trades: Fetching live option quote for CRWD 20260220 435.0P
2026-01-26 12:30:47,253 [INFO] utils.quote_manager: [get_quote] START symbol=CRWD, expiry=20260220, strike=435.0, right=P
2026-01-26 12:30:47,467 [INFO] utils.quote_manager: [get_quote] Request the right market data: session=weekend
2026-01-26 12:30:52,512 [WARNING] utils.quote_manager: [subscribe_get_quote] TIMEOUT for CRWD after 5.01s: last=nan, bid=-1.0, ask=-1.0, mg=None
2026-01-26 12:30:52,512 [DEBUG] utils.trades: get_quote() took 5.26 seconds
2026-01-26 12:30:52,513 [DEBUG] utils.trades: Received option quote for CRWD 20260220 435.0P: 10.61
2026-01-26 12:30:52,513 [DEBUG] utils.trades: Fetching live stock quote (in options) for CRWD
2026-01-26 12:30:52,513 [INFO] utils.quote_manager: [get_quote] START symbol=CRWD, expiry=None, strike=None, right=None
2026-01-26 12:30:52,635 [INFO] utils.quote_manager: [get_quote] Request the right market data: session=weekend
2026-01-26 12:30:52,636 [INFO] utils.quote_manager: [subscribe-get_quote] CRWD | Price Found: True (450.32) | Greeks Source: None | IV: N/A
2026-01-26 12:30:52,636 [INFO] utils.quote_manager: [subscribe-get_quote] Full data ready for CRWD
2026-01-26 12:30:52,636 [DEBUG] utils.trades: get_quote() took 0.12 seconds
2026-01-26 12:30:52,636 [DEBUG] utils.trades: Received stock quote (in options) for CRWD: 450.32
2026-01-26 12:30:52,637 [INFO] utils.trades: Fetching live option quote for CRWD 20260206 470.0P
2026-01-26 12:30:52,637 [INFO] utils.quote_manager: [get_quote] START symbol=CRWD, expiry=20260206, strike=470.0, right=P
2026-01-26 12:30:52,736 [INFO] utils.quote_manager: [get_quote] Request the right market data: session=weekend
2026-01-26 12:30:57,759 [WARNING] utils.quote_manager: [subscribe_get_quote] TIMEOUT for CRWD after 5.02s: last=nan, bid=-1.0, ask=-1.0, mg=None
2026-01-26 12:30:57,760 [DEBUG] utils.trades: get_quote() took 5.12 seconds
2026-01-26 12:30:57,761 [DEBUG] utils.trades: Received option quote for CRWD 20260206 470.0P: 22.71
2026-01-26 12:30:57,761 [DEBUG] utils.trades: Fetching live stock quote (in options) for CRWD
2026-01-26 12:30:57,764 [INFO] utils.quote_manager: [get_quote] START symbol=CRWD, expiry=None, strike=None, right=None
2026-01-26 12:30:57,890 [INFO] utils.quote_manager: [get_quote] Request the right market data: session=weekend
2026-01-26 12:30:57,893 [INFO] utils.quote_manager: [subscribe-get_quote] CRWD | Price Found: True (450.32) | Greeks Source: None | IV: N/A
2026-01-26 12:30:57,899 [INFO] utils.quote_manager: [subscribe-get_quote] Full data ready for CRWD
2026-01-26 12:30:57,905 [DEBUG] utils.trades: get_quote() took 0.14 seconds
2026-01-26 12:30:57,913 [DEBUG] utils.trades: Received stock quote (in options) for CRWD: 450.32
2026-01-26 12:30:57,923 [DEBUG] utils.trades: Fetching live stock quote for INTC
2026-01-26 12:30:57,948 [INFO] utils.quote_manager: [get_quote] START symbol=INTC, expiry=None, strike=None, right=None
2026-01-26 12:30:58,065 [INFO] utils.quote_manager: [get_quote] Request the right market data: session=weekend
2026-01-26 12:30:58,065 [INFO] utils.quote_manager: [subscribe-get_quote] INTC | Price Found: True (43.93) | Greeks Source: None | IV: N/A
2026-01-26 12:30:58,065 [INFO] utils.quote_manager: [subscribe-get_quote] Full data ready for INTC
2026-01-26 12:30:58,066 [DEBUG] utils.trades: get_quote() took 0.14 seconds
2026-01-26 12:30:58,067 [DEBUG] utils.trades: Received stock quote for INTC: 43.93
2026-01-26 12:30:58,068 [INFO] utils.trades: Fetching live option quote for TSLA 20260130 495.0C
2026-01-26 12:30:58,068 [INFO] utils.quote_manager: [get_quote] START symbol=TSLA, expiry=20260130, strike=495.0, right=C
2026-01-26 12:30:58,174 [INFO] utils.quote_manager: [get_quote] Request the right market data: session=weekend
2026-01-26 12:30:58,175 [INFO] utils.quote_manager: [subscribe-get_quote] TSLA | Price Found: True (1.826318490864032) | Greeks Source: modelGreeks | IV: 0.5577525638506
2026-01-26 12:30:58,177 [INFO] utils.quote_manager: [subscribe-get_quote] Full data ready for TSLA
2026-01-26 12:30:58,177 [DEBUG] utils.trades: get_quote() took 0.11 seconds
2026-01-26 12:30:58,177 [DEBUG] utils.trades: Received option quote for TSLA 20260130 495.0C: 1.826318490864032
2026-01-26 12:30:58,177 [DEBUG] utils.trades: Fetching live stock quote (in options) for TSLA
2026-01-26 12:30:58,179 [INFO] utils.quote_manager: [get_quote] START symbol=TSLA, expiry=None, strike=None, right=None
2026-01-26 12:30:58,292 [INFO] utils.quote_manager: [get_quote] Request the right market data: session=weekend
2026-01-26 12:30:58,294 [INFO] utils.quote_manager: [subscribe-get_quote] TSLA | Price Found: True (442.95) | Greeks Source: None | IV: N/A
2026-01-26 12:30:58,294 [INFO] utils.quote_manager: [subscribe-get_quote] Full data ready for TSLA
2026-01-26 12:30:58,294 [DEBUG] utils.trades: get_quote() took 0.12 seconds
2026-01-26 12:30:58,294 [DEBUG] utils.trades: Received stock quote (in options) for TSLA: 442.95
2026-01-26 12:30:58,295 [INFO] utils.trades: Fetching live option quote for SNDK 20260213 320.0P
2026-01-26 12:30:58,295 [INFO] utils.quote_manager: [get_quote] START symbol=SNDK, expiry=20260213, strike=320.0, right=P
2026-01-26 12:30:58,391 [INFO] utils.quote_manager: [get_quote] Request the right market data: session=weekend
2026-01-26 12:31:03,429 [WARNING] utils.quote_manager: [subscribe_get_quote] TIMEOUT for SNDK after 5.04s: last=nan, bid=-1.0, ask=-1.0, mg=None
2026-01-26 12:31:03,430 [DEBUG] utils.trades: get_quote() took 5.13 seconds
2026-01-26 12:31:03,430 [DEBUG] utils.trades: Received option quote for SNDK 20260213 320.0P: 4.44
2026-01-26 12:31:03,431 [DEBUG] utils.trades: Fetching live stock quote (in options) for SNDK
2026-01-26 12:31:03,431 [INFO] utils.quote_manager: [get_quote] START symbol=SNDK, expiry=None, strike=None, right=None
2026-01-26 12:31:03,647 [INFO] utils.quote_manager: [get_quote] Request the right market data: session=weekend
2026-01-26 12:31:03,647 [INFO] utils.quote_manager: [subscribe-get_quote] SNDK | Price Found: True (465.1) | Greeks Source: None | IV: N/A
2026-01-26 12:31:03,648 [INFO] utils.quote_manager: [subscribe-get_quote] Full data ready for SNDK
2026-01-26 12:31:03,648 [DEBUG] utils.trades: get_quote() took 0.22 seconds
2026-01-26 12:31:03,648 [DEBUG] utils.trades: Received stock quote (in options) for SNDK: 465.1
2026-01-26 12:31:03,649 [INFO] utils.trades: Fetching live option quote for TSLA 20260130 465.0C
2026-01-26 12:31:03,649 [INFO] utils.quote_manager: [get_quote] START symbol=TSLA, expiry=20260130, strike=465.0, right=C
2026-01-26 12:31:03,852 [INFO] utils.quote_manager: [get_quote] Request the right market data: session=weekend
2026-01-26 12:31:08,908 [WARNING] utils.quote_manager: [subscribe_get_quote] TIMEOUT for TSLA after 5.06s: last=nan, bid=-1.0, ask=-1.0, mg=None
2026-01-26 12:31:08,909 [DEBUG] utils.trades: get_quote() took 5.26 seconds
2026-01-26 12:31:08,910 [DEBUG] utils.trades: Received option quote for TSLA 20260130 465.0C: 8.52
2026-01-26 12:31:08,910 [DEBUG] utils.trades: Fetching live stock quote (in options) for TSLA
2026-01-26 12:31:08,911 [INFO] utils.quote_manager: [get_quote] START symbol=TSLA, expiry=None, strike=None, right=None
2026-01-26 12:31:09,500 [INFO] utils.quote_manager: [get_quote] Request the right market data: session=weekend
2026-01-26 12:31:09,505 [INFO] utils.quote_manager: [subscribe-get_quote] TSLA | Price Found: True (442.95) | Greeks Source: None | IV: N/A
2026-01-26 12:31:09,523 [INFO] utils.quote_manager: [subscribe-get_quote] Full data ready for TSLA
2026-01-26 12:31:09,585 [DEBUG] utils.trades: get_quote() took 0.68 seconds
2026-01-26 12:31:09,818 [DEBUG] utils.trades: Received stock quote (in options) for TSLA: 442.95
2026-01-26 12:31:09,832 [INFO] utils.trades: Fetching live option quote for ANET 20260206 115.0P
2026-01-26 12:31:09,853 [INFO] utils.quote_manager: [get_quote] START symbol=ANET, expiry=20260206, strike=115.0, right=P
2026-01-26 12:31:10,425 [INFO] utils.quote_manager: [get_quote] Request the right market data: session=weekend
2026-01-26 12:31:10,472 [INFO] utils.quote_manager: [subscribe-get_quote] ANET | Price Found: True (0.390350202475549) | Greeks Source: modelGreeks | IV: 0.5728285158120052
2026-01-26 12:31:10,499 [INFO] utils.quote_manager: [subscribe-get_quote] Full data ready for ANET
2026-01-26 12:31:10,526 [DEBUG] utils.trades: get_quote() took 0.69 seconds
2026-01-26 12:31:10,535 [DEBUG] utils.trades: Received option quote for ANET 20260206 115.0P: 0.390350202475549
2026-01-26 12:31:10,536 [DEBUG] utils.trades: Fetching live stock quote (in options) for ANET
2026-01-26 12:31:10,541 [INFO] utils.quote_manager: [get_quote] START symbol=ANET, expiry=None, strike=None, right=None
2026-01-26 12:31:11,078 [INFO] utils.quote_manager: [get_quote] Request the right market data: session=weekend
2026-01-26 12:31:11,086 [INFO] utils.quote_manager: [subscribe-get_quote] ANET | Price Found: True (134.0) | Greeks Source: None | IV: N/A
2026-01-26 12:31:11,124 [INFO] utils.quote_manager: [subscribe-get_quote] Full data ready for ANET
2026-01-26 12:31:11,142 [DEBUG] utils.trades: get_quote() took 0.61 seconds
2026-01-26 12:31:11,224 [DEBUG] utils.trades: Received stock quote (in options) for ANET: 134.0
2026-01-26 12:31:11,252 [DEBUG] utils.trades: Fetching live stock quote for SNDK
2026-01-26 12:31:11,270 [INFO] utils.quote_manager: [get_quote] START symbol=SNDK, expiry=None, strike=None, right=None
2026-01-26 12:31:11,971 [INFO] utils.quote_manager: [get_quote] Request the right market data: session=weekend
2026-01-26 12:31:11,981 [INFO] utils.quote_manager: [subscribe-get_quote] SNDK | Price Found: True (465.1) | Greeks Source: None | IV: N/A
2026-01-26 12:31:12,004 [INFO] utils.quote_manager: [subscribe-get_quote] Full data ready for SNDK
2026-01-26 12:31:12,070 [DEBUG] utils.trades: get_quote() took 0.82 seconds
2026-01-26 12:31:12,127 [DEBUG] utils.trades: Received stock quote for SNDK: 465.1
2026-01-26 12:31:12,136 [INFO] utils.trades: Fetching live option quote for TSM 20260206 300.0P
2026-01-26 12:31:12,142 [INFO] utils.quote_manager: [get_quote] START symbol=TSM, expiry=20260206, strike=300.0, right=P
2026-01-26 12:31:12,544 [INFO] utils.quote_manager: [get_quote] Request the right market data: session=weekend
2026-01-26 12:31:17,568 [WARNING] utils.quote_manager: [subscribe_get_quote] TIMEOUT for TSM after 5.02s: last=nan, bid=-1.0, ask=-1.0, mg=None
2026-01-26 12:31:17,583 [DEBUG] utils.trades: get_quote() took 5.45 seconds
2026-01-26 12:31:17,585 [DEBUG] utils.trades: Received option quote for TSM 20260206 300.0P: 1.57
2026-01-26 12:31:17,585 [DEBUG] utils.trades: Fetching live stock quote (in options) for TSM
2026-01-26 12:31:17,585 [INFO] utils.quote_manager: [get_quote] START symbol=TSM, expiry=None, strike=None, right=None
2026-01-26 12:31:18,129 [INFO] utils.quote_manager: [get_quote] Request the right market data: session=weekend
2026-01-26 12:31:18,136 [INFO] utils.quote_manager: [subscribe-get_quote] TSM | Price Found: True (332.0) | Greeks Source: None | IV: N/A
2026-01-26 12:31:18,173 [INFO] utils.quote_manager: [subscribe-get_quote] Full data ready for TSM
2026-01-26 12:31:18,174 [DEBUG] utils.trades: get_quote() took 0.59 seconds
2026-01-26 12:31:18,174 [DEBUG] utils.trades: Received stock quote (in options) for TSM: 332.0
2026-01-26 12:31:18,198 [INFO] utils.trades: Fetching live option quote for APLD 20260206 25.5P
2026-01-26 12:31:18,211 [INFO] utils.quote_manager: [get_quote] START symbol=APLD, expiry=20260206, strike=25.5, right=P
2026-01-26 12:31:18,725 [INFO] utils.quote_manager: [get_quote] Request the right market data: session=weekend
2026-01-26 12:31:23,743 [WARNING] utils.quote_manager: [subscribe_get_quote] TIMEOUT for APLD after 5.02s: last=nan, bid=-1.0, ask=-1.0, mg=None
2026-01-26 12:31:23,748 [DEBUG] utils.trades: get_quote() took 5.55 seconds
2026-01-26 12:31:23,748 [DEBUG] utils.trades: Received option quote for APLD 20260206 25.5P: 0.25
2026-01-26 12:31:23,748 [DEBUG] utils.trades: Fetching live stock quote (in options) for APLD
2026-01-26 12:31:23,749 [INFO] utils.quote_manager: [get_quote] START symbol=APLD, expiry=None, strike=None, right=None
2026-01-26 12:31:24,179 [INFO] utils.quote_manager: [get_quote] Request the right market data: session=weekend
2026-01-26 12:31:24,183 [INFO] utils.quote_manager: [subscribe-get_quote] APLD | Price Found: True (36.87) | Greeks Source: None | IV: N/A
2026-01-26 12:31:24,187 [INFO] utils.quote_manager: [subscribe-get_quote] Full data ready for APLD
2026-01-26 12:31:24,205 [DEBUG] utils.trades: get_quote() took 0.46 seconds
2026-01-26 12:31:24,214 [DEBUG] utils.trades: Received stock quote (in options) for APLD: 36.87
2026-01-26 12:31:24,235 [INFO] utils.trades: Fetching live option quote for AMD 20260130 255.0C
2026-01-26 12:31:24,250 [INFO] utils.quote_manager: [get_quote] START symbol=AMD, expiry=20260130, strike=255.0, right=C
2026-01-26 12:31:24,770 [INFO] utils.quote_manager: [get_quote] Request the right market data: session=weekend
2026-01-26 12:31:24,773 [INFO] utils.quote_manager: [subscribe-get_quote] AMD | Price Found: True (10.498249898704527) | Greeks Source: modelGreeks | IV: 0.5508214533047111
2026-01-26 12:31:24,774 [INFO] utils.quote_manager: [subscribe-get_quote] Full data ready for AMD
2026-01-26 12:31:24,781 [DEBUG] utils.trades: get_quote() took 0.55 seconds
2026-01-26 12:31:24,801 [DEBUG] utils.trades: Received option quote for AMD 20260130 255.0C: 10.498249898704527
2026-01-26 12:31:24,804 [DEBUG] utils.trades: Fetching live stock quote (in options) for AMD
2026-01-26 12:31:24,805 [INFO] utils.quote_manager: [get_quote] START symbol=AMD, expiry=None, strike=None, right=None
2026-01-26 12:31:25,346 [INFO] utils.quote_manager: [get_quote] Request the right market data: session=weekend
2026-01-26 12:31:25,350 [INFO] utils.quote_manager: [subscribe-get_quote] AMD | Price Found: True (257.2) | Greeks Source: None | IV: N/A
2026-01-26 12:31:25,352 [INFO] utils.quote_manager: [subscribe-get_quote] Full data ready for AMD
2026-01-26 12:31:25,354 [DEBUG] utils.trades: get_quote() took 0.55 seconds
2026-01-26 12:31:25,355 [DEBUG] utils.trades: Received stock quote (in options) for AMD: 257.2
2026-01-26 12:31:25,363 [INFO] utils.trades: Fetching live option quote for IREN 20260130 36.0P
2026-01-26 12:31:25,366 [INFO] utils.quote_manager: [get_quote] START symbol=IREN, expiry=20260130, strike=36.0, right=P
2026-01-26 12:31:25,774 [INFO] utils.quote_manager: [get_quote] Request the right market data: session=weekend
2026-01-26 12:31:30,776 [WARNING] utils.quote_manager: [subscribe_get_quote] TIMEOUT for IREN after 5.00s: last=nan, bid=-1.0, ask=-1.0, mg=None
2026-01-26 12:31:30,780 [DEBUG] utils.trades: get_quote() took 5.42 seconds
2026-01-26 12:31:30,780 [DEBUG] utils.trades: Received option quote for IREN 20260130 36.0P: 0.38
2026-01-26 12:31:30,781 [DEBUG] utils.trades: Fetching live stock quote (in options) for IREN
2026-01-26 12:31:30,781 [INFO] utils.quote_manager: [get_quote] START symbol=IREN, expiry=None, strike=None, right=None
2026-01-26 12:31:31,241 [INFO] utils.quote_manager: [get_quote] Request the right market data: session=weekend
2026-01-26 12:31:31,248 [INFO] utils.quote_manager: [subscribe-get_quote] IREN | Price Found: True (54.77) | Greeks Source: None | IV: N/A
2026-01-26 12:31:31,263 [INFO] utils.quote_manager: [subscribe-get_quote] Full data ready for IREN
2026-01-26 12:31:31,268 [DEBUG] utils.trades: get_quote() took 0.49 seconds
2026-01-26 12:31:31,271 [DEBUG] utils.trades: Received stock quote (in options) for IREN: 54.77
2026-01-26 12:31:31,274 [DEBUG] utils.trades: Fetching live stock quote for TSLA
2026-01-26 12:31:31,279 [INFO] utils.quote_manager: [get_quote] START symbol=TSLA, expiry=None, strike=None, right=None
2026-01-26 12:31:31,974 [INFO] utils.quote_manager: [get_quote] Request the right market data: session=weekend
2026-01-26 12:31:31,985 [INFO] utils.quote_manager: [subscribe-get_quote] TSLA | Price Found: True (442.95) | Greeks Source: None | IV: N/A
2026-01-26 12:31:31,986 [INFO] utils.quote_manager: [subscribe-get_quote] Full data ready for TSLA
2026-01-26 12:31:31,991 [DEBUG] utils.trades: get_quote() took 0.72 seconds
2026-01-26 12:31:31,997 [DEBUG] utils.trades: Received stock quote for TSLA: 442.95
2026-01-26 12:31:32,003 [INFO] utils.trades: Fetching live option quote for CLS 20260130 275.0P
2026-01-26 12:31:32,019 [INFO] utils.quote_manager: [get_quote] START symbol=CLS, expiry=20260130, strike=275.0, right=P
2026-01-26 12:31:32,506 [INFO] utils.quote_manager: [get_quote] Request the right market data: session=weekend
2026-01-26 12:31:37,560 [WARNING] utils.quote_manager: [subscribe_get_quote] TIMEOUT for CLS after 5.05s: last=nan, bid=-1.0, ask=-1.0, mg=None
2026-01-26 12:31:37,562 [DEBUG] utils.trades: get_quote() took 5.56 seconds
2026-01-26 12:31:37,563 [DEBUG] utils.trades: Received option quote for CLS 20260130 275.0P: 12.04
2026-01-26 12:31:37,563 [DEBUG] utils.trades: Fetching live stock quote (in options) for CLS
2026-01-26 12:31:37,567 [INFO] utils.quote_manager: [get_quote] START symbol=CLS, expiry=None, strike=None, right=None
2026-01-26 12:31:38,081 [INFO] utils.quote_manager: [get_quote] Request the right market data: session=weekend
2026-01-26 12:31:38,088 [INFO] utils.quote_manager: [subscribe-get_quote] CLS | Price Found: True (297.0) | Greeks Source: None | IV: N/A
2026-01-26 12:31:38,098 [INFO] utils.quote_manager: [subscribe-get_quote] Full data ready for CLS
2026-01-26 12:31:38,101 [DEBUG] utils.trades: get_quote() took 0.54 seconds
2026-01-26 12:31:38,107 [DEBUG] utils.trades: Received stock quote (in options) for CLS: 297.0
2026-01-26 12:31:38,117 [INFO] utils.trades: Fetching live option quote for ONDS 20260130 7.5P
2026-01-26 12:31:38,127 [INFO] utils.quote_manager: [get_quote] START symbol=ONDS, expiry=20260130, strike=7.5, right=P
2026-01-26 12:31:38,670 [INFO] utils.quote_manager: [get_quote] Request the right market data: session=weekend
2026-01-26 12:31:38,673 [INFO] utils.quote_manager: [subscribe-get_quote] ONDS | Price Found: True (0.010309048399622649) | Greeks Source: modelGreeks | IV: 1.5966922910214663
2026-01-26 12:31:38,674 [INFO] utils.quote_manager: [subscribe-get_quote] Full data ready for ONDS
2026-01-26 12:31:38,675 [DEBUG] utils.trades: get_quote() took 0.56 seconds
2026-01-26 12:31:38,677 [DEBUG] utils.trades: Received option quote for ONDS 20260130 7.5P: 0.010309048399622649
2026-01-26 12:31:38,678 [DEBUG] utils.trades: Fetching live stock quote (in options) for ONDS
2026-01-26 12:31:38,680 [INFO] utils.quote_manager: [get_quote] START symbol=ONDS, expiry=None, strike=None, right=None
2026-01-26 12:31:38,875 [INFO] utils.quote_manager: [get_quote] Request the right market data: session=weekend
2026-01-26 12:31:38,884 [INFO] utils.quote_manager: [subscribe-get_quote] ONDS | Price Found: True (11.98) | Greeks Source: None | IV: N/A
2026-01-26 12:31:38,891 [INFO] utils.quote_manager: [subscribe-get_quote] Full data ready for ONDS
2026-01-26 12:31:38,891 [DEBUG] utils.trades: get_quote() took 0.21 seconds
2026-01-26 12:31:38,894 [DEBUG] utils.trades: Received stock quote (in options) for ONDS: 11.98
2026-01-26 12:31:38,895 [INFO] utils.trades: Fetching live option quote for HOOD 20260130 115.0P
2026-01-26 12:31:38,896 [INFO] utils.quote_manager: [get_quote] START symbol=HOOD, expiry=20260130, strike=115.0, right=P
2026-01-26 12:31:39,129 [INFO] utils.quote_manager: [get_quote] Request the right market data: session=weekend
2026-01-26 12:31:39,130 [INFO] utils.quote_manager: [subscribe-get_quote] HOOD | Price Found: True (8.548162504489396) | Greeks Source: modelGreeks | IV: 0.48923327526361143
2026-01-26 12:31:39,136 [INFO] utils.quote_manager: [subscribe-get_quote] Full data ready for HOOD
2026-01-26 12:31:39,150 [DEBUG] utils.trades: get_quote() took 0.25 seconds
2026-01-26 12:31:39,157 [DEBUG] utils.trades: Received option quote for HOOD 20260130 115.0P: 8.548162504489396
2026-01-26 12:31:39,166 [DEBUG] utils.trades: Fetching live stock quote (in options) for HOOD
2026-01-26 12:31:39,172 [INFO] utils.quote_manager: [get_quote] START symbol=HOOD, expiry=None, strike=None, right=None
2026-01-26 12:31:39,401 [INFO] utils.quote_manager: [get_quote] Request the right market data: session=weekend
2026-01-26 12:31:39,402 [INFO] utils.quote_manager: [subscribe-get_quote] HOOD | Price Found: True (105.33) | Greeks Source: None | IV: N/A
2026-01-26 12:31:39,402 [INFO] utils.quote_manager: [subscribe-get_quote] Full data ready for HOOD
2026-01-26 12:31:39,403 [DEBUG] utils.trades: get_quote() took 0.24 seconds
2026-01-26 12:31:39,403 [DEBUG] utils.trades: Received stock quote (in options) for HOOD: 105.33
2026-01-26 12:31:39,404 [INFO] utils.trades: Fetching live option quote for VIX 20260818 13.5C
2026-01-26 12:31:39,404 [INFO] utils.quote_manager: [get_quote] START symbol=VIX, expiry=20260818, strike=13.5, right=C
2026-01-26 12:31:39,555 [INFO] utils.quote_manager: [get_quote] Request the right market data: session=weekend
2026-01-26 12:31:39,556 [INFO] utils.quote_manager: [subscribe-get_quote] VIX | Price Found: True (7.6) | Greeks Source: modelGreeks | IV: 0.3912751865733248
2026-01-26 12:31:39,559 [INFO] utils.quote_manager: [subscribe-get_quote] Full data ready for VIX
2026-01-26 12:31:39,565 [DEBUG] utils.trades: get_quote() took 0.16 seconds
2026-01-26 12:31:39,568 [DEBUG] utils.trades: Received option quote for VIX 20260818 13.5C: 7.6
2026-01-26 12:31:39,571 [DEBUG] utils.trades: Fetching live stock quote (in options) for VIX
2026-01-26 12:31:39,575 [INFO] utils.quote_manager: [get_quote] START symbol=VIX, expiry=None, strike=None, right=None
2026-01-26 12:31:39,896 [INFO] utils.quote_manager: [get_quote] Request the right market data: session=weekend
2026-01-26 12:31:39,901 [INFO] utils.quote_manager: [subscribe] built contract=Stock(symbol='VIX', exchange='SMART', currency='USD') for ('VIX', None, None, None, 0)
2026-01-26 12:31:41,911 [WARNING] utils.quote_manager: [safe_qualify] Qualification failed for VIX: 
2026-01-26 12:31:41,912 [ERROR] utils.quote_manager: [subscribe] All exchanges failed for ('VIX', None, None, None, 0)
2026-01-26 12:31:41,912 [ERROR] utils.quote_manager: [get_quote] ticker is None for ('VIX', None, None, None, 0)
2026-01-26 12:31:41,912 [DEBUG] utils.trades: get_quote() took 2.34 seconds
2026-01-26 12:31:41,913 [DEBUG] utils.trades: Received stock quote (in options) for VIX: None
2026-01-26 12:31:41,913 [DEBUG] utils.trades: Fetching live stock quote for TSLA
2026-01-26 12:31:41,914 [INFO] utils.quote_manager: [get_quote] START symbol=TSLA, expiry=None, strike=None, right=None
2026-01-26 12:31:42,059 [INFO] utils.quote_manager: [get_quote] Request the right market data: session=weekend
2026-01-26 12:31:42,064 [INFO] utils.quote_manager: [subscribe-get_quote] TSLA | Price Found: True (442.95) | Greeks Source: None | IV: N/A
2026-01-26 12:31:42,067 [INFO] utils.quote_manager: [subscribe-get_quote] Full data ready for TSLA
2026-01-26 12:31:42,079 [DEBUG] utils.trades: get_quote() took 0.17 seconds
2026-01-26 12:31:42,079 [DEBUG] utils.trades: Received stock quote for TSLA: 442.95
2026-01-26 12:31:42,080 [DEBUG] utils.trades: Fetching live stock quote for AAPL
2026-01-26 12:31:42,080 [INFO] utils.quote_manager: [get_quote] START symbol=AAPL, expiry=None, strike=None, right=None
2026-01-26 12:31:42,419 [INFO] utils.quote_manager: [get_quote] Request the right market data: session=weekend
2026-01-26 12:31:42,420 [INFO] utils.quote_manager: [subscribe-get_quote] AAPL | Price Found: True (248.26) | Greeks Source: None | IV: N/A
2026-01-26 12:31:42,421 [INFO] utils.quote_manager: [subscribe-get_quote] Full data ready for AAPL
2026-01-26 12:31:42,422 [DEBUG] utils.trades: get_quote() took 0.34 seconds
2026-01-26 12:31:42,423 [DEBUG] utils.trades: Received stock quote for AAPL: 248.26
2026-01-26 12:31:42,424 [DEBUG] utils.trades: Fetching live stock quote for AMD
2026-01-26 12:31:42,424 [INFO] utils.quote_manager: [get_quote] START symbol=AMD, expiry=None, strike=None, right=None
2026-01-26 12:31:42,656 [INFO] utils.quote_manager: [get_quote] Request the right market data: session=weekend
2026-01-26 12:31:42,659 [INFO] utils.quote_manager: [subscribe-get_quote] AMD | Price Found: True (257.2) | Greeks Source: None | IV: N/A
2026-01-26 12:31:42,663 [INFO] utils.quote_manager: [subscribe-get_quote] Full data ready for AMD
2026-01-26 12:31:42,664 [DEBUG] utils.trades: get_quote() took 0.24 seconds
2026-01-26 12:31:42,669 [DEBUG] utils.trades: Received stock quote for AMD: 257.2
2026-01-26 12:31:42,684 [DEBUG] utils.trades: Fetching live stock quote for CRCL
2026-01-26 12:31:42,685 [INFO] utils.quote_manager: [get_quote] START symbol=CRCL, expiry=None, strike=None, right=None
2026-01-26 12:31:42,847 [INFO] utils.quote_manager: [get_quote] Request the right market data: session=weekend
2026-01-26 12:31:42,849 [INFO] utils.quote_manager: [subscribe-get_quote] CRCL | Price Found: True (69.53) | Greeks Source: None | IV: N/A
2026-01-26 12:31:42,850 [INFO] utils.quote_manager: [subscribe-get_quote] Full data ready for CRCL
2026-01-26 12:31:42,850 [DEBUG] utils.trades: get_quote() took 0.17 seconds
2026-01-26 12:31:42,850 [DEBUG] utils.trades: Received stock quote for CRCL: 69.53
2026-01-26 12:31:42,851 [INFO] utils.trades: Fetching live option quote for HOOD 20260320 120.0C
2026-01-26 12:31:42,851 [INFO] utils.quote_manager: [get_quote] START symbol=HOOD, expiry=20260320, strike=120.0, right=C
2026-01-26 12:31:42,989 [INFO] utils.quote_manager: [get_quote] Request the right market data: session=weekend
2026-01-26 12:31:47,995 [WARNING] utils.quote_manager: [subscribe_get_quote] TIMEOUT for HOOD after 5.01s: last=nan, bid=-1.0, ask=-1.0, mg=None
2026-01-26 12:31:48,000 [DEBUG] utils.trades: get_quote() took 5.15 seconds
2026-01-26 12:31:48,001 [DEBUG] utils.trades: Received option quote for HOOD 20260320 120.0C: 5.03
2026-01-26 12:31:48,002 [DEBUG] utils.trades: Fetching live stock quote (in options) for HOOD
2026-01-26 12:31:48,003 [INFO] utils.quote_manager: [get_quote] START symbol=HOOD, expiry=None, strike=None, right=None
2026-01-26 12:31:48,470 [INFO] utils.quote_manager: [get_quote] Request the right market data: session=weekend
2026-01-26 12:31:48,472 [INFO] utils.quote_manager: [subscribe-get_quote] HOOD | Price Found: True (105.33) | Greeks Source: None | IV: N/A
2026-01-26 12:31:48,473 [INFO] utils.quote_manager: [subscribe-get_quote] Full data ready for HOOD
2026-01-26 12:31:48,474 [DEBUG] utils.trades: get_quote() took 0.47 seconds
2026-01-26 12:31:48,474 [DEBUG] utils.trades: Received stock quote (in options) for HOOD: 105.33
2026-01-26 12:31:48,476 [DEBUG] utils.trades: Fetching live stock quote for MSAI
2026-01-26 12:31:48,477 [INFO] utils.quote_manager: [get_quote] START symbol=MSAI, expiry=None, strike=None, right=None
2026-01-26 12:31:48,908 [INFO] utils.quote_manager: [get_quote] Request the right market data: session=weekend
2026-01-26 12:31:48,918 [INFO] utils.quote_manager: [subscribe-get_quote] MSAI | Price Found: True (0.3734) | Greeks Source: None | IV: N/A
2026-01-26 12:31:48,975 [INFO] utils.quote_manager: [subscribe-get_quote] Full data ready for MSAI
2026-01-26 12:31:48,989 [DEBUG] utils.trades: get_quote() took 0.51 seconds
2026-01-26 12:31:48,992 [DEBUG] utils.trades: Received stock quote for MSAI: 0.3734
2026-01-26 12:31:49,003 [DEBUG] utils.trades: Fetching live stock quote for NVDA
2026-01-26 12:31:49,005 [INFO] utils.quote_manager: [get_quote] START symbol=NVDA, expiry=None, strike=None, right=None
2026-01-26 12:31:49,604 [INFO] utils.quote_manager: [get_quote] Request the right market data: session=weekend
2026-01-26 12:31:49,611 [INFO] utils.quote_manager: [subscribe-get_quote] NVDA | Price Found: True (186.24) | Greeks Source: None | IV: N/A
2026-01-26 12:31:49,644 [INFO] utils.quote_manager: [subscribe-get_quote] Full data ready for NVDA
2026-01-26 12:31:49,654 [DEBUG] utils.trades: get_quote() took 0.65 seconds
2026-01-26 12:31:49,687 [DEBUG] utils.trades: Received stock quote for NVDA: 186.24
2026-01-26 12:31:49,705 [DEBUG] utils.trades: Fetching live stock quote for SOFI
2026-01-26 12:31:49,705 [INFO] utils.quote_manager: [get_quote] START symbol=SOFI, expiry=None, strike=None, right=None
2026-01-26 12:31:50,335 [INFO] utils.quote_manager: [get_quote] Request the right market data: session=weekend
2026-01-26 12:31:50,337 [INFO] utils.quote_manager: [subscribe-get_quote] SOFI | Price Found: True (25.65) | Greeks Source: None | IV: N/A
2026-01-26 12:31:50,339 [INFO] utils.quote_manager: [subscribe-get_quote] Full data ready for SOFI
2026-01-26 12:31:50,340 [DEBUG] utils.trades: get_quote() took 0.64 seconds
2026-01-26 12:31:50,348 [DEBUG] utils.trades: Received stock quote for SOFI: 25.65
2026-01-26 12:31:50,364 [DEBUG] utils.trades: Passing 5 groups to complex_groups_to_df...
2026-01-26 12:31:50,367 [INFO] utils.quote_manager: [get_quote] START symbol=FISV, expiry=20260116, strike=65.0, right=Put
2026-01-26 12:31:50,819 [INFO] utils.quote_manager: [get_quote] Request the right market data: session=weekend
2026-01-26 12:31:50,821 [INFO] utils.quote_manager: [subscribe] built contract=Option(symbol='FISV', lastTradeDateOrContractMonth='20260116', strike=65.0, right='Put', multiplier='100', exchange='SMART', currency='USD') for ('FISV', '20260116', 65.0, 'Put', 0)
2026-01-26 12:31:52,837 [WARNING] utils.quote_manager: [safe_qualify] Qualification failed for FISV: 
2026-01-26 12:31:54,854 [WARNING] utils.quote_manager: [safe_qualify] Qualification failed for FISV: 
2026-01-26 12:31:56,962 [WARNING] utils.quote_manager: [safe_qualify] Qualification failed for FISV: 
2026-01-26 12:31:59,077 [WARNING] utils.quote_manager: [safe_qualify] Qualification failed for FISV: 
2026-01-26 12:31:59,193 [ERROR] utils.quote_manager: [subscribe] All exchanges failed for ('FISV', '20260116', 65.0, 'Put', 0)
2026-01-26 12:31:59,194 [ERROR] utils.quote_manager: [get_quote] ticker is None for ('FISV', '20260116', 65.0, 'Put', 0)
2026-01-26 12:31:59,195 [ERROR] utils.trades: Quote failed for leg 10: unsupported operand type(s) for *: 'NoneType' and 'int'
2026-01-26 12:31:59,195 [INFO] utils.quote_manager: [get_quote] START symbol=FISV, expiry=20260116, strike=70.0, right=Put
2026-01-26 12:31:59,588 [INFO] utils.quote_manager: [get_quote] Request the right market data: session=weekend
2026-01-26 12:31:59,590 [INFO] utils.quote_manager: [subscribe] built contract=Option(symbol='FISV', lastTradeDateOrContractMonth='20260116', strike=70.0, right='Put', multiplier='100', exchange='SMART', currency='USD') for ('FISV', '20260116', 70.0, 'Put', 0)
2026-01-26 12:32:01,591 [WARNING] utils.quote_manager: [safe_qualify] Qualification failed for FISV: 
2026-01-26 12:32:03,606 [WARNING] utils.quote_manager: [safe_qualify] Qualification failed for FISV: 
2026-01-26 12:32:05,726 [WARNING] utils.quote_manager: [safe_qualify] Qualification failed for FISV: 
2026-01-26 12:32:07,855 [WARNING] utils.quote_manager: [safe_qualify] Qualification failed for FISV: 
2026-01-26 12:32:07,959 [ERROR] utils.quote_manager: [subscribe] All exchanges failed for ('FISV', '20260116', 70.0, 'Put', 0)
2026-01-26 12:32:07,967 [ERROR] utils.quote_manager: [get_quote] ticker is None for ('FISV', '20260116', 70.0, 'Put', 0)
2026-01-26 12:32:07,967 [ERROR] utils.trades: Quote failed for leg 9: unsupported operand type(s) for *: 'NoneType' and 'int'
2026-01-26 12:32:07,967 [INFO] utils.quote_manager: [get_quote] START symbol=MA, expiry=20260320, strike=560.0, right=Call
2026-01-26 12:32:08,508 [INFO] utils.quote_manager: [get_quote] Request the right market data: session=weekend
2026-01-26 12:32:08,513 [INFO] utils.quote_manager: [subscribe-get_quote] MA | Price Found: True (7.723687468989272) | Greeks Source: modelGreeks | IV: 0.23327907018555047
2026-01-26 12:32:08,520 [INFO] utils.quote_manager: [subscribe-get_quote] Full data ready for MA
2026-01-26 12:32:08,522 [INFO] utils.quote_manager: [get_quote] START symbol=MA, expiry=20260130, strike=560.0, right=Call
2026-01-26 12:32:09,044 [INFO] utils.quote_manager: [get_quote] Request the right market data: session=weekend
2026-01-26 12:32:14,092 [WARNING] utils.quote_manager: [subscribe_get_quote] TIMEOUT for MA after 5.04s: last=nan, bid=-1.0, ask=-1.0, mg=None
2026-01-26 12:32:14,094 [INFO] utils.quote_manager: [get_quote] START symbol=TSLA, expiry=20260220, strike=440.0, right=Call
2026-01-26 12:32:14,582 [INFO] utils.quote_manager: [get_quote] Request the right market data: session=weekend
2026-01-26 12:32:19,632 [WARNING] utils.quote_manager: [subscribe_get_quote] TIMEOUT for TSLA after 5.04s: last=nan, bid=-1.0, ask=-1.0, mg=None
2026-01-26 12:32:19,636 [INFO] utils.quote_manager: [get_quote] START symbol=TSLA, expiry=20260220, strike=440.0, right=Call
2026-01-26 12:32:20,115 [INFO] utils.quote_manager: [get_quote] Request the right market data: session=weekend
2026-01-26 12:32:25,126 [WARNING] utils.quote_manager: [subscribe_get_quote] TIMEOUT for TSLA after 5.01s: last=nan, bid=-1.0, ask=-1.0, mg=None
2026-01-26 12:32:25,127 [INFO] utils.quote_manager: [get_quote] START symbol=RKLB, expiry=20260213, strike=75.0, right=Put
2026-01-26 12:32:25,268 [INFO] utils.quote_manager: [get_quote] Request the right market data: session=weekend
2026-01-26 12:32:25,269 [INFO] utils.quote_manager: [subscribe-get_quote] RKLB | Price Found: True (2.0820489119457752) | Greeks Source: modelGreeks | IV: 0.8952559084348135
2026-01-26 12:32:25,269 [INFO] utils.quote_manager: [subscribe-get_quote] Full data ready for RKLB
2026-01-26 12:32:25,269 [INFO] utils.quote_manager: [get_quote] START symbol=RKLB, expiry=20260213, strike=80.0, right=Put
2026-01-26 12:32:25,370 [INFO] utils.quote_manager: [get_quote] Request the right market data: session=weekend
2026-01-26 12:32:30,384 [WARNING] utils.quote_manager: [subscribe_get_quote] TIMEOUT for RKLB after 5.01s: last=nan, bid=-1.0, ask=-1.0, mg=None
2026-01-26 12:32:30,393 [INFO] utils.quote_manager: [get_quote] START symbol=NVDA, expiry=20260320, strike=170.0, right=Call
2026-01-26 12:32:31,484 [INFO] utils.quote_manager: [get_quote] Request the right market data: session=weekend
2026-01-26 12:32:31,487 [INFO] utils.quote_manager: [subscribe-get_quote] NVDA | Price Found: True (24.354095875426868) | Greeks Source: modelGreeks | IV: 0.4601320315188967
2026-01-26 12:32:31,488 [INFO] utils.quote_manager: [subscribe-get_quote] Full data ready for NVDA
2026-01-26 12:32:31,496 [INFO] utils.quote_manager: [get_quote] START symbol=NVDA, expiry=20260130, strike=190.0, right=Call
2026-01-26 12:32:31,893 [INFO] utils.quote_manager: [get_quote] Request the right market data: session=weekend
2026-01-26 12:32:36,911 [WARNING] utils.quote_manager: [subscribe_get_quote] TIMEOUT for NVDA after 5.02s: last=nan, bid=-1.0, ask=-1.0, mg=None
2026-01-26 12:32:36,913 [DEBUG] utils.trades: DataFrame Row 0 Legs Count: 2
2026-01-26 12:32:36,937 [DEBUG] __main__: get_all_open_positions() took 109.69 seconds
2026-01-26 12:32:36,970 [DEBUG] __main__: Open Flat Trades styling INITIATED
2026-01-26 12:32:37,076 [DEBUG] __main__: Open Flat Trades styling took 0.11 seconds
2026-01-26 12:32:37,091 [INFO] utils.trades: --- SUMMARY ---
2026-01-26 12:32:37,096 [INFO] utils.trades: Initial Baseline: 626.38
2026-01-26 12:32:37,097 [INFO] utils.trades: Total Realized Cash: 626.38
2026-01-26 12:32:37,098 [INFO] utils.trades: Total Unrealized P&L: 0.00
2026-01-26 12:32:37,099 [INFO] utils.trades: Final True P&L: 626.38
2026-01-26 12:32:37,099 [INFO] utils.trades: --- DEBUG END ---

2026-01-26 12:32:37,117 [INFO] utils.trades: LEG ID: 28 | MA 20251024 560.0Call | Qty: -1
2026-01-26 12:32:37,118 [INFO] utils.trades:   > Realized: Entry $998.00 | Exit $-1,330.00 | Comms $1.40 | P&L $-332.00 | Status: Rolled
2026-01-26 12:32:37,119 [INFO] utils.trades:   > CURRENT MARKET VALUE TO LIQUIDATE: (Mark 7.723687468989272) * Qty 1 = 772.37
2026-01-26 12:32:37,119 [INFO] utils.trades: LEG ID: 29 | MA 20260320 560.0Call | Qty: 1
2026-01-26 12:32:37,120 [INFO] utils.trades:   > UNREALIZED: (Mark 7.723687468989272 - Entry 41.04) * Qty 1 = 772.37
2026-01-26 12:32:37,120 [INFO] utils.trades: LEG ID: 30 | MA 20251031 570.0Call | Qty: -1
2026-01-26 12:32:37,120 [INFO] utils.trades:   > Realized: Entry $1,333.00 | Exit $-1,551.00 | Comms $1.41 | P&L $-218.00 | Status: Rolled
2026-01-26 12:32:37,121 [INFO] utils.trades: LEG ID: 31 | MA 20251107 575.0Call | Qty: -1
2026-01-26 12:32:37,122 [INFO] utils.trades:   > Realized: Entry $1,446.00 | Exit $-19.00 | Comms $1.76 | P&L $1,427.00 | Status: Rolled
2026-01-26 12:32:37,123 [INFO] utils.trades: LEG ID: 32 | MA 20251114 560.0Call | Qty: -1
2026-01-26 12:32:37,124 [INFO] utils.trades:   > Realized: Entry $247.00 | Exit $-453.00 | Comms $2.10 | P&L $-206.00 | Status: Rolled
2026-01-26 12:32:37,125 [INFO] utils.trades: LEG ID: 33 | MA 20251121 565.0Call | Qty: -1
2026-01-26 12:32:37,125 [INFO] utils.trades:   > Realized: Entry $549.00 | Exit $-12.00 | Comms $2.10 | P&L $537.00 | Status: Rolled
2026-01-26 12:32:37,141 [INFO] utils.trades: LEG ID: 34 | MA 20251205 565.0Call | Qty: -1
2026-01-26 12:32:37,203 [INFO] utils.trades:   > Realized: Entry $217.00 | Exit $-15.00 | Comms $1.71 | P&L $202.00 | Status: Rolled
2026-01-26 12:32:37,207 [INFO] utils.trades: LEG ID: 35 | MA 20251212 562.5Call | Qty: -1
2026-01-26 12:32:37,209 [INFO] utils.trades:   > Realized: Entry $208.00 | Exit $-180.00 | Comms $1.68 | P&L $28.00 | Status: Rolled
2026-01-26 12:32:37,215 [INFO] utils.trades: LEG ID: 36 | MA 20251219 565.0Call | Qty: -1
2026-01-26 12:32:37,222 [INFO] utils.trades:   > Realized: Entry $420.00 | Exit $-1,010.00 | Comms $1.69 | P&L $-590.00 | Status: Rolled
2026-01-26 12:32:37,235 [INFO] utils.trades: LEG ID: 37 | MA 20251226 570.0Call | Qty: -1
2026-01-26 12:32:37,241 [INFO] utils.trades:   > Realized: Entry $859.00 | Exit $-996.00 | Comms $1.70 | P&L $-137.00 | Status: Rolled
2026-01-26 12:32:37,250 [INFO] utils.trades: LEG ID: 38 | MA 20260109 580.0Call | Qty: -1
2026-01-26 12:32:37,254 [INFO] utils.trades:   > Realized: Entry $700.00 | Exit $-411.00 | Comms $2.07 | P&L $289.00 | Status: Rolled
2026-01-26 12:32:37,258 [INFO] utils.trades: LEG ID: 39 | MA 20260116 587.5Call | Qty: -1
2026-01-26 12:32:37,258 [INFO] utils.trades:   > Realized: Entry $390.00 | Exit $-20.00 | Comms $2.10 | P&L $370.00 | Status: Rolled
2026-01-26 12:32:37,258 [INFO] utils.trades: LEG ID: 40 | MA 20260116 560.5Call | Qty: -1
2026-01-26 12:32:37,259 [INFO] utils.trades:   > Realized: Entry $135.00 | Exit $-9.00 | Comms $1.75 | P&L $126.00 | Status: Rolled
2026-01-26 12:32:37,259 [INFO] utils.trades: LEG ID: 41 | MA 20260123 560.0Call | Qty: -1
2026-01-26 12:32:37,259 [INFO] utils.trades:   > Realized: Entry $93.00 | Exit $-27.00 | Comms $1.75 | P&L $66.00 | Status: Rolled
2026-01-26 12:32:37,262 [INFO] utils.trades:   > CURRENT MARKET VALUE TO LIQUIDATE: (Mark 2.03) * Qty -1 = -203.00
2026-01-26 12:32:37,269 [INFO] utils.trades: LEG ID: 75 | MA 20260130 560.0Call | Qty: -1
2026-01-26 12:32:37,274 [INFO] utils.trades:   > UNREALIZED: (Mark 2.03 - Entry 1.44) * Qty -1 = -203.00
2026-01-26 12:32:37,277 [INFO] utils.trades: --- SUMMARY ---
2026-01-26 12:32:37,290 [INFO] utils.trades: Initial Baseline: -3,107.40
2026-01-26 12:32:37,302 [INFO] utils.trades: Total Realized Cash: -2,422.97
2026-01-26 12:32:37,306 [INFO] utils.trades: Total Unrealized P&L: 569.37
2026-01-26 12:32:37,309 [INFO] utils.trades: Final True P&L: -1,853.60
2026-01-26 12:32:37,321 [INFO] utils.trades: --- DEBUG END ---

2026-01-26 12:32:37,374 [INFO] utils.trades: LEG ID: 42 | TSLA 20251031 440.0Call | Qty: -1
2026-01-26 12:32:37,390 [INFO] utils.trades:   > Realized: Entry $1,210.00 | Exit $-2,532.00 | Comms $1.40 | P&L $-1,322.00 | Status: Rolled
2026-01-26 12:32:37,457 [INFO] utils.trades:   > CURRENT MARKET VALUE TO LIQUIDATE: (Mark 29.18) * Qty 1 = 2,918.00
2026-01-26 12:32:37,465 [INFO] utils.trades: LEG ID: 43 | TSLA 20260220 440.0Call | Qty: 1
2026-01-26 12:32:37,469 [INFO] utils.trades:   > UNREALIZED: (Mark 29.18 - Entry 56.74) * Qty 1 = 2,918.00
2026-01-26 12:32:37,472 [INFO] utils.trades: LEG ID: 44 | TSLA 20251107 450.0Call | Qty: -1
2026-01-26 12:32:37,475 [INFO] utils.trades:   > Realized: Entry $2,507.00 | Exit $-2,480.00 | Comms $1.41 | P&L $27.00 | Status: Rolled
2026-01-26 12:32:37,480 [INFO] utils.trades: LEG ID: 45 | TSLA 20251121 467.5Call | Qty: -1
2026-01-26 12:32:37,483 [INFO] utils.trades:   > Realized: Entry $2,525.00 | Exit $-12.00 | Comms $1.41 | P&L $2,513.00 | Status: Rolled
2026-01-26 12:32:37,485 [INFO] utils.trades: LEG ID: 46 | TSLA 20251128 440.0Call | Qty: -1
2026-01-26 12:32:37,487 [INFO] utils.trades:   > Realized: Entry $268.00 | Exit $-43.00 | Comms $1.40 | P&L $225.00 | Status: Rolled
2026-01-26 12:32:37,488 [INFO] utils.trades: LEG ID: 47 | TSLA 20251205 440.0Call | Qty: -1
2026-01-26 12:32:37,489 [INFO] utils.trades:   > Realized: Entry $388.00 | Exit $-618.00 | Comms $1.36 | P&L $-230.00 | Status: Rolled
2026-01-26 12:32:37,489 [INFO] utils.trades: LEG ID: 48 | TSLA 20251212 455.0Call | Qty: -1
2026-01-26 12:32:37,490 [INFO] utils.trades:   > Realized: Entry $663.00 | Exit $-128.00 | Comms $1.69 | P&L $535.00 | Status: Rolled
2026-01-26 12:32:37,492 [INFO] utils.trades: LEG ID: 49 | TSLA 20251219 455.0Call | Qty: -1
2026-01-26 12:32:37,495 [INFO] utils.trades:   > Realized: Entry $713.00 | Exit $-2,520.00 | Comms $1.69 | P&L $-1,807.00 | Status: Rolled
2026-01-26 12:32:37,498 [INFO] utils.trades: LEG ID: 50 | TSLA 20260102 470.0Call | Qty: -1
2026-01-26 12:32:37,499 [INFO] utils.trades:   > Realized: Entry $2,417.00 | Exit $-2.00 | Comms $1.73 | P&L $2,415.00 | Status: Rolled
2026-01-26 12:32:37,499 [INFO] utils.trades: LEG ID: 51 | TSLA 20260109 470.0Call | Qty: -1
2026-01-26 12:32:37,500 [INFO] utils.trades:   > Realized: Entry $238.00 | Exit $-22.00 | Comms $2.10 | P&L $216.00 | Status: Rolled
2026-01-26 12:32:37,501 [INFO] utils.trades: LEG ID: 52 | TSLA 20260116 470.0Call | Qty: -1
2026-01-26 12:32:37,502 [INFO] utils.trades:   > Realized: Entry $208.00 | Exit $-23.00 | Comms $2.60 | P&L $185.00 | Status: Rolled
2026-01-26 12:32:37,502 [INFO] utils.trades: LEG ID: 53 | TSLA 20260116 455.0Call | Qty: -1
2026-01-26 12:32:37,502 [INFO] utils.trades:   > Realized: Entry $109.00 | Exit $-32.00 | Comms $2.14 | P&L $77.00 | Status: Rolled
2026-01-26 12:32:37,503 [INFO] utils.trades: LEG ID: 54 | TSLA 20260123 462.5Call | Qty: -1
2026-01-26 12:32:37,503 [INFO] utils.trades:   > Realized: Entry $272.00 | Exit $-10.00 | Comms $1.40 | P&L $262.00 | Status: Rolled
2026-01-26 12:32:37,504 [INFO] utils.trades: LEG ID: 74 | TSLA 20260123 442.5Call | Qty: -1
2026-01-26 12:32:37,504 [INFO] utils.trades:   > Realized: Entry $220.00 | Exit $-550.00 | Comms $1.40 | P&L $-330.00 | Status: Rolled
2026-01-26 12:32:37,504 [INFO] utils.trades:   > CURRENT MARKET VALUE TO LIQUIDATE: (Mark 29.18) * Qty -1 = -2,918.00
2026-01-26 12:32:37,505 [INFO] utils.trades: LEG ID: 77 | TSLA 20260220 440.0Call | Qty: -1
2026-01-26 12:32:37,505 [INFO] utils.trades:   > UNREALIZED: (Mark 29.18 - Entry 27.25) * Qty -1 = -2,918.00
2026-01-26 12:32:37,506 [INFO] utils.trades: --- SUMMARY ---
2026-01-26 12:32:37,506 [INFO] utils.trades: Initial Baseline: -4,465.40
2026-01-26 12:32:37,507 [INFO] utils.trades: Total Realized Cash: -206.13
2026-01-26 12:32:37,508 [INFO] utils.trades: Total Unrealized P&L: 0.00
2026-01-26 12:32:37,509 [INFO] utils.trades: Final True P&L: -206.13
2026-01-26 12:32:37,511 [INFO] utils.trades: --- DEBUG END ---

2026-01-26 12:32:37,529 [INFO] utils.trades:   > CURRENT MARKET VALUE TO LIQUIDATE: (Mark 4.02) * Qty -4 = -1,608.00
2026-01-26 12:32:37,530 [INFO] utils.trades: LEG ID: 55 | RKLB 20260213 80.0Put | Qty: -4
2026-01-26 12:32:37,530 [INFO] utils.trades:   > UNREALIZED: (Mark 4.02 - Entry 4.93) * Qty -4 = -1,608.00
2026-01-26 12:32:37,531 [INFO] utils.trades:   > CURRENT MARKET VALUE TO LIQUIDATE: (Mark 2.0820489119457752) * Qty 4 = 832.82
2026-01-26 12:32:37,531 [INFO] utils.trades: LEG ID: 56 | RKLB 20260213 75.0Put | Qty: 4
2026-01-26 12:32:37,531 [INFO] utils.trades:   > UNREALIZED: (Mark 2.0820489119457752 - Entry 3.13) * Qty 4 = 832.82
2026-01-26 12:32:37,532 [INFO] utils.trades: --- SUMMARY ---
2026-01-26 12:32:37,533 [INFO] utils.trades: Initial Baseline: 717.50
2026-01-26 12:32:37,533 [INFO] utils.trades: Total Realized Cash: 717.50
2026-01-26 12:32:37,534 [INFO] utils.trades: Total Unrealized P&L: -775.18
2026-01-26 12:32:37,535 [INFO] utils.trades: Final True P&L: -57.68
2026-01-26 12:32:37,536 [INFO] utils.trades: --- DEBUG END ---

2026-01-26 12:32:37,589 [INFO] utils.trades: LEG ID: 57 | NVDA 20250919 170.0Call | Qty: -1
2026-01-26 12:32:37,606 [INFO] utils.trades:   > Realized: Entry $416.00 | Exit $-632.00 | Comms $2.04 | P&L $-216.00 | Status: Rolled
2026-01-26 12:32:37,611 [INFO] utils.trades:   > CURRENT MARKET VALUE TO LIQUIDATE: (Mark 24.354095875426868) * Qty 1 = 2,435.41
2026-01-26 12:32:37,621 [INFO] utils.trades: LEG ID: 58 | NVDA 20260320 170.0Call | Qty: 1
2026-01-26 12:32:37,636 [INFO] utils.trades:   > UNREALIZED: (Mark 24.354095875426868 - Entry 21.19) * Qty 1 = 2,435.41
2026-01-26 12:32:37,645 [INFO] utils.trades: LEG ID: 59 | NVDA 20251003 175.0Call | Qty: -1
2026-01-26 12:32:37,649 [INFO] utils.trades:   > Realized: Entry $542.00 | Exit $-774.00 | Comms $1.70 | P&L $-232.00 | Status: Rolled
2026-01-26 12:32:37,654 [INFO] utils.trades: LEG ID: 60 | NVDA 20251010 177.5Call | Qty: -1
2026-01-26 12:32:37,656 [INFO] utils.trades:   > Realized: Entry $737.00 | Exit $-1,072.00 | Comms $1.41 | P&L $-335.00 | Status: Rolled
2026-01-26 12:32:37,666 [INFO] utils.trades: LEG ID: 61 | NVDA 20251031 185.0Call | Qty: -1
2026-01-26 12:32:37,668 [INFO] utils.trades:   > Realized: Entry $937.00 | Exit $-1,417.00 | Comms $1.40 | P&L $-480.00 | Status: Rolled
2026-01-26 12:32:37,668 [INFO] utils.trades: LEG ID: 62 | NVDA 20251107 190.0Call | Qty: -1
2026-01-26 12:32:37,669 [INFO] utils.trades:   > Realized: Entry $1,182.00 | Exit $-2,078.00 | Comms $1.75 | P&L $-896.00 | Status: Rolled
2026-01-26 12:32:37,669 [INFO] utils.trades: LEG ID: 63 | NVDA 20251121 200.0Call | Qty: -1
2026-01-26 12:32:37,669 [INFO] utils.trades:   > Realized: Entry $1,676.00 | Exit $-2.00 | Comms $2.10 | P&L $1,674.00 | Status: Rolled
2026-01-26 12:32:37,673 [INFO] utils.trades: LEG ID: 64 | NVDA 20251128 190.0Call | Qty: -1
2026-01-26 12:32:37,680 [INFO] utils.trades:   > Realized: Entry $156.00 | Exit $-10.00 | Comms $2.04 | P&L $146.00 | Status: Rolled
2026-01-26 12:32:37,749 [INFO] utils.trades: LEG ID: 65 | NVDA 20251128 175.0Call | Qty: -1
2026-01-26 12:32:37,756 [INFO] utils.trades:   > Realized: Entry $203.00 | Exit $-660.00 | Comms $1.69 | P&L $-457.00 | Status: Rolled
2026-01-26 12:32:37,758 [INFO] utils.trades: LEG ID: 66 | NVDA 20251205 180.0Call | Qty: -1
2026-01-26 12:32:37,760 [INFO] utils.trades:   > Realized: Entry $550.00 | Exit $-614.00 | Comms $1.37 | P&L $-64.00 | Status: Rolled
2026-01-26 12:32:37,761 [INFO] utils.trades: LEG ID: 67 | NVDA 20251219 187.0Call | Qty: -1
2026-01-26 12:32:37,776 [INFO] utils.trades:   > Realized: Entry $559.00 | Exit $-7.00 | Comms $1.88 | P&L $552.00 | Status: Rolled
2026-01-26 12:32:37,805 [INFO] utils.trades: LEG ID: 68 | NVDA 20251226 185.0Call | Qty: -1
2026-01-26 12:32:37,809 [INFO] utils.trades:   > Realized: Entry $58.00 | Exit $-571.00 | Comms $1.89 | P&L $-513.00 | Status: Rolled
2026-01-26 12:32:37,824 [INFO] utils.trades: LEG ID: 69 | NVDA 20260102 190.0Call | Qty: -1
2026-01-26 12:32:37,838 [INFO] utils.trades:   > Realized: Entry $336.00 | Exit $-94.00 | Comms $1.73 | P&L $242.00 | Status: Rolled
2026-01-26 12:32:37,855 [INFO] utils.trades: LEG ID: 70 | NVDA 20260109 192.5Call | Qty: -1
2026-01-26 12:32:37,858 [INFO] utils.trades:   > Realized: Entry $240.00 | Exit $-110.00 | Comms $2.10 | P&L $130.00 | Status: Rolled
2026-01-26 12:32:37,864 [INFO] utils.trades: LEG ID: 71 | NVDA 20260116 195.0Call | Qty: -1
2026-01-26 12:32:37,897 [INFO] utils.trades:   > Realized: Entry $211.00 | Exit $-24.00 | Comms $1.75 | P&L $187.00 | Status: Rolled
2026-01-26 12:32:37,906 [INFO] utils.trades: LEG ID: 72 | NVDA 20260123 195.0Call | Qty: -1
2026-01-26 12:32:37,922 [INFO] utils.trades:   > Realized: Entry $86.00 | Exit $-4.00 | Comms $1.75 | P&L $82.00 | Status: Rolled
2026-01-26 12:32:37,971 [INFO] utils.trades: LEG ID: 73 | NVDA 20260123 185.0Call | Qty: -1
2026-01-26 12:32:37,990 [INFO] utils.trades:   > Realized: Entry $60.00 | Exit $-280.00 | Comms $2.10 | P&L $-220.00 | Status: Rolled
2026-01-26 12:32:38,084 [INFO] utils.trades:   > CURRENT MARKET VALUE TO LIQUIDATE: (Mark 1.96) * Qty -1 = -196.00
2026-01-26 12:32:38,103 [INFO] utils.trades: LEG ID: 76 | NVDA 20260130 190.0Call | Qty: -1
2026-01-26 12:32:38,116 [INFO] utils.trades:   > UNREALIZED: (Mark 1.96 - Entry 2.9) * Qty -1 = -196.00
2026-01-26 12:32:38,117 [INFO] utils.trades: --- SUMMARY ---
2026-01-26 12:32:38,119 [INFO] utils.trades: Initial Baseline: -1,705.10
2026-01-26 12:32:38,122 [INFO] utils.trades: Total Realized Cash: -2,259.80
2026-01-26 12:32:38,123 [INFO] utils.trades: Total Unrealized P&L: 2,239.41
2026-01-26 12:32:38,127 [INFO] utils.trades: Final True P&L: -20.39
2026-01-26 12:32:38,133 [INFO] utils.trades: --- DEBUG END ---

2026-01-26 15:02:55,518 [DEBUG] __main__: Starting Open Trades page
2026-01-26 15:02:55,519 [INFO] utils.quote_manager: [QuoteManager.__init__] self.ib id=140717023293936
2026-01-26 15:02:55,817 [DEBUG] __main__: get_all_open_positions() INITIATED
2026-01-26 15:02:55,818 [DEBUG] __main__: Fetching positions (Refresh Count: {refresh_count})
2026-01-26 15:02:55,857 [DEBUG] utils.trades: 
--- DATABASE FETCH DEBUG ---
2026-01-26 15:02:55,857 [DEBUG] utils.trades: Group ID 5: Total Legs Found: 2 | Statuses: ['Active', 'Active']
2026-01-26 15:02:55,858 [DEBUG] utils.trades: Group ID 9: Total Legs Found: 15 | Statuses: ['Active', 'Active', 'Rolled', 'Rolled', 'Rolled', 'Rolled', 'Rolled', 'Rolled', 'Rolled', 'Rolled', 'Rolled', 'Rolled', 'Rolled', 'Rolled', 'Rolled']
2026-01-26 15:02:55,858 [DEBUG] utils.trades: Group ID 10: Total Legs Found: 15 | Statuses: ['Active', 'Active', 'Rolled', 'Rolled', 'Rolled', 'Rolled', 'Rolled', 'Rolled', 'Rolled', 'Rolled', 'Rolled', 'Rolled', 'Rolled', 'Rolled', 'Rolled']
2026-01-26 15:02:55,859 [DEBUG] utils.trades: Group ID 11: Total Legs Found: 2 | Statuses: ['Active', 'Active']
2026-01-26 15:02:55,860 [DEBUG] utils.trades: Group ID 12: Total Legs Found: 18 | Statuses: ['Active', 'Active', 'Rolled', 'Rolled', 'Rolled', 'Rolled', 'Rolled', 'Rolled', 'Rolled', 'Rolled', 'Rolled', 'Rolled', 'Rolled', 'Rolled', 'Rolled', 'Rolled', 'Rolled', 'Rolled']
2026-01-26 15:02:55,861 [INFO] utils.trades: Fetching live option quote for CRWD 20260220 435.0P
2026-01-26 15:02:55,861 [INFO] utils.quote_manager: [get_quote] START symbol=CRWD, expiry=20260220, strike=435.0, right=P
2026-01-26 15:02:55,862 [INFO] utils.ibkr: Trying IBKR: port=4001, clientId=8
2026-01-26 15:02:56,314 [INFO] utils.ibkr: Connected to IBKR on port 4001 (clientId=8), ib id=1911368203440
2026-01-26 15:02:56,590 [INFO] utils.quote_manager: [get_quote] Request the right market data: session=closed
2026-01-26 15:02:56,591 [INFO] utils.quote_manager: [subscribe] built contract=Option(symbol='CRWD', lastTradeDateOrContractMonth='20260220', strike=435.0, right='P', multiplier='100', exchange='SMART', currency='USD') for ('CRWD', '20260220', 435.0, 'P', 0)
2026-01-26 15:03:00,002 [INFO] utils.quote_manager: [subscribe-get_quote] CRWD | Price Found: True (9.971921468987242) | Greeks Source: modelGreeks | IV: 0.36594781113938996
2026-01-26 15:03:00,012 [INFO] utils.quote_manager: [subscribe-get_quote] Full data ready for CRWD
2026-01-26 15:03:00,013 [DEBUG] utils.trades: get_quote() took 4.15 seconds
2026-01-26 15:03:00,013 [DEBUG] utils.trades: Received option quote for CRWD 20260220 435.0P: 9.971921468987242
2026-01-26 15:03:00,014 [DEBUG] utils.trades: Fetching live stock quote (in options) for CRWD
2026-01-26 15:03:00,016 [INFO] utils.quote_manager: [get_quote] START symbol=CRWD, expiry=None, strike=None, right=None
2026-01-26 15:03:00,289 [INFO] utils.quote_manager: [get_quote] Request the right market data: session=closed
2026-01-26 15:03:00,290 [INFO] utils.quote_manager: [subscribe] built contract=Stock(symbol='CRWD', exchange='SMART', currency='USD') for ('CRWD', None, None, None, 0)
2026-01-26 15:03:00,369 [INFO] utils.quote_manager: [subscribe-get_quote] CRWD | Price Found: True (452.5) | Greeks Source: None | IV: N/A
2026-01-26 15:03:00,372 [INFO] utils.quote_manager: [subscribe-get_quote] Full data ready for CRWD
2026-01-26 15:03:00,373 [DEBUG] utils.trades: get_quote() took 0.36 seconds
2026-01-26 15:03:00,374 [DEBUG] utils.trades: Received stock quote (in options) for CRWD: 452.5
2026-01-26 15:03:00,375 [INFO] utils.trades: Fetching live option quote for CRWD 20260206 470.0P
2026-01-26 15:03:00,375 [INFO] utils.quote_manager: [get_quote] START symbol=CRWD, expiry=20260206, strike=470.0, right=P
2026-01-26 15:03:00,623 [INFO] utils.quote_manager: [get_quote] Request the right market data: session=closed
2026-01-26 15:03:00,624 [INFO] utils.quote_manager: [subscribe] built contract=Option(symbol='CRWD', lastTradeDateOrContractMonth='20260206', strike=470.0, right='P', multiplier='100', exchange='SMART', currency='USD') for ('CRWD', '20260206', 470.0, 'P', 0)
2026-01-26 15:03:03,064 [INFO] utils.quote_manager: [subscribe-get_quote] CRWD | Price Found: True (22.981635188645036) | Greeks Source: modelGreeks | IV: 0.35484939432833124
2026-01-26 15:03:03,066 [INFO] utils.quote_manager: [subscribe-get_quote] Full data ready for CRWD
2026-01-26 15:03:03,066 [DEBUG] utils.trades: get_quote() took 2.69 seconds
2026-01-26 15:03:03,066 [DEBUG] utils.trades: Received option quote for CRWD 20260206 470.0P: 22.981635188645036
2026-01-26 15:03:03,066 [DEBUG] utils.trades: Fetching live stock quote (in options) for CRWD
2026-01-26 15:03:03,067 [INFO] utils.quote_manager: [get_quote] START symbol=CRWD, expiry=None, strike=None, right=None
2026-01-26 15:03:03,299 [INFO] utils.quote_manager: [get_quote] Request the right market data: session=closed
2026-01-26 15:03:03,299 [INFO] utils.quote_manager: [subscribe-get_quote] CRWD | Price Found: True (452.5) | Greeks Source: None | IV: N/A
2026-01-26 15:03:03,301 [INFO] utils.quote_manager: [subscribe-get_quote] Full data ready for CRWD
2026-01-26 15:03:03,301 [DEBUG] utils.trades: get_quote() took 0.23 seconds
2026-01-26 15:03:03,301 [DEBUG] utils.trades: Received stock quote (in options) for CRWD: 452.5
2026-01-26 15:03:03,302 [DEBUG] utils.trades: Fetching live stock quote for INTC
2026-01-26 15:03:03,303 [INFO] utils.quote_manager: [get_quote] START symbol=INTC, expiry=None, strike=None, right=None
2026-01-26 15:03:03,524 [INFO] utils.quote_manager: [get_quote] Request the right market data: session=closed
2026-01-26 15:03:03,525 [INFO] utils.quote_manager: [subscribe] built contract=Stock(symbol='INTC', exchange='SMART', currency='USD') for ('INTC', None, None, None, 0)
2026-01-26 15:03:04,108 [INFO] utils.quote_manager: [subscribe-get_quote] INTC | Price Found: True (44.1) | Greeks Source: None | IV: N/A
2026-01-26 15:03:04,116 [INFO] utils.quote_manager: [subscribe-get_quote] Full data ready for INTC
2026-01-26 15:03:04,116 [DEBUG] utils.trades: get_quote() took 0.81 seconds
2026-01-26 15:03:04,116 [DEBUG] utils.trades: Received stock quote for INTC: 44.1
2026-01-26 15:03:04,117 [INFO] utils.trades: Fetching live option quote for TSLA 20260130 495.0C
2026-01-26 15:03:04,117 [INFO] utils.quote_manager: [get_quote] START symbol=TSLA, expiry=20260130, strike=495.0, right=C
2026-01-26 15:03:04,639 [INFO] utils.quote_manager: [get_quote] Request the right market data: session=closed
2026-01-26 15:03:04,647 [INFO] utils.quote_manager: [subscribe] built contract=Option(symbol='TSLA', lastTradeDateOrContractMonth='20260130', strike=495.0, right='C', multiplier='100', exchange='SMART', currency='USD') for ('TSLA', '20260130', 495.0, 'C', 0)
2026-01-26 15:03:06,084 [INFO] utils.quote_manager: [subscribe-get_quote] TSLA | Price Found: True (1.826318490864032) | Greeks Source: modelGreeks | IV: 0.5577525638506
2026-01-26 15:03:06,120 [INFO] utils.quote_manager: [subscribe-get_quote] Full data ready for TSLA
2026-01-26 15:03:06,127 [DEBUG] utils.trades: get_quote() took 2.01 seconds
2026-01-26 15:03:06,139 [DEBUG] utils.trades: Received option quote for TSLA 20260130 495.0C: 1.826318490864032
2026-01-26 15:03:06,146 [DEBUG] utils.trades: Fetching live stock quote (in options) for TSLA
2026-01-26 15:03:06,193 [INFO] utils.quote_manager: [get_quote] START symbol=TSLA, expiry=None, strike=None, right=None
2026-01-26 15:03:06,737 [INFO] utils.quote_manager: [get_quote] Request the right market data: session=closed
2026-01-26 15:03:06,738 [INFO] utils.quote_manager: [subscribe] built contract=Stock(symbol='TSLA', exchange='SMART', currency='USD') for ('TSLA', None, None, None, 0)
2026-01-26 15:03:07,021 [INFO] utils.quote_manager: [subscribe-get_quote] TSLA | Price Found: True (444.24) | Greeks Source: None | IV: N/A
2026-01-26 15:03:07,024 [INFO] utils.quote_manager: [subscribe-get_quote] Full data ready for TSLA
2026-01-26 15:03:07,026 [DEBUG] utils.trades: get_quote() took 0.88 seconds
2026-01-26 15:03:07,026 [DEBUG] utils.trades: Received stock quote (in options) for TSLA: 444.24
2026-01-26 15:03:07,026 [INFO] utils.trades: Fetching live option quote for SNDK 20260213 320.0P
2026-01-26 15:03:07,027 [INFO] utils.quote_manager: [get_quote] START symbol=SNDK, expiry=20260213, strike=320.0, right=P
2026-01-26 15:03:07,181 [INFO] utils.quote_manager: [get_quote] Request the right market data: session=closed
2026-01-26 15:03:07,181 [INFO] utils.quote_manager: [subscribe] built contract=Option(symbol='SNDK', lastTradeDateOrContractMonth='20260213', strike=320.0, right='P', multiplier='100', exchange='SMART', currency='USD') for ('SNDK', '20260213', 320.0, 'P', 0)
2026-01-26 15:03:08,278 [INFO] utils.quote_manager: [subscribe-get_quote] SNDK | Price Found: True (4.088220536536835) | Greeks Source: modelGreeks | IV: 1.1854821174707495
2026-01-26 15:03:08,284 [INFO] utils.quote_manager: [subscribe-get_quote] Full data ready for SNDK
2026-01-26 15:03:08,285 [DEBUG] utils.trades: get_quote() took 1.26 seconds
2026-01-26 15:03:08,285 [DEBUG] utils.trades: Received option quote for SNDK 20260213 320.0P: 4.088220536536835
2026-01-26 15:03:08,285 [DEBUG] utils.trades: Fetching live stock quote (in options) for SNDK
2026-01-26 15:03:08,292 [INFO] utils.quote_manager: [get_quote] START symbol=SNDK, expiry=None, strike=None, right=None
2026-01-26 15:03:08,592 [INFO] utils.quote_manager: [get_quote] Request the right market data: session=closed
2026-01-26 15:03:08,593 [INFO] utils.quote_manager: [subscribe] built contract=Stock(symbol='SNDK', exchange='SMART', currency='USD') for ('SNDK', None, None, None, 0)
2026-01-26 15:03:08,870 [INFO] utils.quote_manager: [subscribe-get_quote] SNDK | Price Found: True (466.0) | Greeks Source: None | IV: N/A
2026-01-26 15:03:08,871 [INFO] utils.quote_manager: [subscribe-get_quote] Full data ready for SNDK
2026-01-26 15:03:08,871 [DEBUG] utils.trades: get_quote() took 0.59 seconds
2026-01-26 15:03:08,872 [DEBUG] utils.trades: Received stock quote (in options) for SNDK: 466.0
2026-01-26 15:03:08,873 [INFO] utils.trades: Fetching live option quote for TSLA 20260130 465.0C
2026-01-26 15:03:08,873 [INFO] utils.quote_manager: [get_quote] START symbol=TSLA, expiry=20260130, strike=465.0, right=C
2026-01-26 15:03:09,005 [INFO] utils.quote_manager: [get_quote] Request the right market data: session=closed
2026-01-26 15:03:09,005 [INFO] utils.quote_manager: [subscribe] built contract=Option(symbol='TSLA', lastTradeDateOrContractMonth='20260130', strike=465.0, right='C', multiplier='100', exchange='SMART', currency='USD') for ('TSLA', '20260130', 465.0, 'C', 0)
2026-01-26 15:03:11,236 [INFO] utils.quote_manager: [subscribe-get_quote] TSLA | Price Found: True (7.725531694086302) | Greeks Source: modelGreeks | IV: 0.5607666661193184
2026-01-26 15:03:11,237 [INFO] utils.quote_manager: [subscribe-get_quote] Full data ready for TSLA
2026-01-26 15:03:11,237 [DEBUG] utils.trades: get_quote() took 2.36 seconds
2026-01-26 15:03:11,237 [DEBUG] utils.trades: Received option quote for TSLA 20260130 465.0C: 7.725531694086302
2026-01-26 15:03:11,237 [DEBUG] utils.trades: Fetching live stock quote (in options) for TSLA
2026-01-26 15:03:11,237 [INFO] utils.quote_manager: [get_quote] START symbol=TSLA, expiry=None, strike=None, right=None
2026-01-26 15:03:11,359 [INFO] utils.quote_manager: [get_quote] Request the right market data: session=closed
2026-01-26 15:03:11,361 [INFO] utils.quote_manager: [subscribe-get_quote] TSLA | Price Found: True (444.24) | Greeks Source: None | IV: N/A
2026-01-26 15:03:11,361 [INFO] utils.quote_manager: [subscribe-get_quote] Full data ready for TSLA
2026-01-26 15:03:11,361 [DEBUG] utils.trades: get_quote() took 0.12 seconds
2026-01-26 15:03:11,362 [DEBUG] utils.trades: Received stock quote (in options) for TSLA: 444.24
2026-01-26 15:03:11,362 [INFO] utils.trades: Fetching live option quote for ANET 20260206 115.0P
2026-01-26 15:03:11,362 [INFO] utils.quote_manager: [get_quote] START symbol=ANET, expiry=20260206, strike=115.0, right=P
2026-01-26 15:03:11,476 [INFO] utils.quote_manager: [get_quote] Request the right market data: session=closed
2026-01-26 15:03:11,477 [INFO] utils.quote_manager: [subscribe] built contract=Option(symbol='ANET', lastTradeDateOrContractMonth='20260206', strike=115.0, right='P', multiplier='100', exchange='SMART', currency='USD') for ('ANET', '20260206', 115.0, 'P', 0)
2026-01-26 15:03:13,284 [INFO] utils.quote_manager: [subscribe-get_quote] ANET | Price Found: True (0.390350202475549) | Greeks Source: modelGreeks | IV: 0.5728285158120052
2026-01-26 15:03:13,288 [INFO] utils.quote_manager: [subscribe-get_quote] Full data ready for ANET
2026-01-26 15:03:13,302 [DEBUG] utils.trades: get_quote() took 1.94 seconds
2026-01-26 15:03:13,302 [DEBUG] utils.trades: Received option quote for ANET 20260206 115.0P: 0.390350202475549
2026-01-26 15:03:13,309 [DEBUG] utils.trades: Fetching live stock quote (in options) for ANET
2026-01-26 15:03:13,313 [INFO] utils.quote_manager: [get_quote] START symbol=ANET, expiry=None, strike=None, right=None
2026-01-26 15:03:13,625 [INFO] utils.quote_manager: [get_quote] Request the right market data: session=closed
2026-01-26 15:03:13,625 [INFO] utils.quote_manager: [subscribe] built contract=Stock(symbol='ANET', exchange='SMART', currency='USD') for ('ANET', None, None, None, 0)
2026-01-26 15:03:13,897 [INFO] utils.quote_manager: [subscribe-get_quote] ANET | Price Found: True (134.0) | Greeks Source: None | IV: N/A
2026-01-26 15:03:13,897 [INFO] utils.quote_manager: [subscribe-get_quote] Full data ready for ANET
2026-01-26 15:03:13,898 [DEBUG] utils.trades: get_quote() took 0.59 seconds
2026-01-26 15:03:13,898 [DEBUG] utils.trades: Received stock quote (in options) for ANET: 134.0
2026-01-26 15:03:13,899 [DEBUG] utils.trades: Fetching live stock quote for SNDK
2026-01-26 15:03:13,899 [INFO] utils.quote_manager: [get_quote] START symbol=SNDK, expiry=None, strike=None, right=None
2026-01-26 15:03:14,155 [INFO] utils.quote_manager: [get_quote] Request the right market data: session=closed
2026-01-26 15:03:14,156 [INFO] utils.quote_manager: [subscribe-get_quote] SNDK | Price Found: True (466.0) | Greeks Source: None | IV: N/A
2026-01-26 15:03:14,156 [INFO] utils.quote_manager: [subscribe-get_quote] Full data ready for SNDK
2026-01-26 15:03:14,156 [DEBUG] utils.trades: get_quote() took 0.26 seconds
2026-01-26 15:03:14,157 [DEBUG] utils.trades: Received stock quote for SNDK: 466.0
2026-01-26 15:03:14,158 [INFO] utils.trades: Fetching live option quote for TSM 20260206 300.0P
2026-01-26 15:03:14,158 [INFO] utils.quote_manager: [get_quote] START symbol=TSM, expiry=20260206, strike=300.0, right=P
2026-01-26 15:03:14,404 [INFO] utils.quote_manager: [get_quote] Request the right market data: session=closed
2026-01-26 15:03:14,406 [INFO] utils.quote_manager: [subscribe] built contract=Option(symbol='TSM', lastTradeDateOrContractMonth='20260206', strike=300.0, right='P', multiplier='100', exchange='SMART', currency='USD') for ('TSM', '20260206', 300.0, 'P', 0)
2026-01-26 15:03:16,121 [INFO] utils.quote_manager: [subscribe-get_quote] TSM | Price Found: True (0.8501488914791606) | Greeks Source: modelGreeks | IV: 0.3998051010475681
2026-01-26 15:03:16,124 [INFO] utils.quote_manager: [subscribe-get_quote] Full data ready for TSM
2026-01-26 15:03:16,128 [DEBUG] utils.trades: get_quote() took 1.97 seconds
2026-01-26 15:03:16,128 [DEBUG] utils.trades: Received option quote for TSM 20260206 300.0P: 0.8501488914791606
2026-01-26 15:03:16,128 [DEBUG] utils.trades: Fetching live stock quote (in options) for TSM
2026-01-26 15:03:16,128 [INFO] utils.quote_manager: [get_quote] START symbol=TSM, expiry=None, strike=None, right=None
2026-01-26 15:03:16,312 [INFO] utils.quote_manager: [get_quote] Request the right market data: session=closed
2026-01-26 15:03:16,314 [INFO] utils.quote_manager: [subscribe] built contract=Stock(symbol='TSM', exchange='SMART', currency='USD') for ('TSM', None, None, None, 0)
2026-01-26 15:03:16,396 [INFO] utils.quote_manager: [subscribe-get_quote] TSM | Price Found: True (332.68) | Greeks Source: None | IV: N/A
2026-01-26 15:03:16,396 [INFO] utils.quote_manager: [subscribe-get_quote] Full data ready for TSM
2026-01-26 15:03:16,396 [DEBUG] utils.trades: get_quote() took 0.27 seconds
2026-01-26 15:03:16,396 [DEBUG] utils.trades: Received stock quote (in options) for TSM: 332.68
2026-01-26 15:03:16,397 [INFO] utils.trades: Fetching live option quote for APLD 20260206 25.5P
2026-01-26 15:03:16,397 [INFO] utils.quote_manager: [get_quote] START symbol=APLD, expiry=20260206, strike=25.5, right=P
2026-01-26 15:03:16,579 [INFO] utils.quote_manager: [get_quote] Request the right market data: session=closed
2026-01-26 15:03:16,589 [INFO] utils.quote_manager: [subscribe] built contract=Option(symbol='APLD', lastTradeDateOrContractMonth='20260206', strike=25.5, right='P', multiplier='100', exchange='SMART', currency='USD') for ('APLD', '20260206', 25.5, 'P', 0)
2026-01-26 15:03:21,653 [WARNING] utils.quote_manager: [subscribe_get_quote] TIMEOUT for APLD after 5.02s: last=nan, bid=-1.0, ask=-1.0, mg=None
2026-01-26 15:03:21,658 [DEBUG] utils.trades: get_quote() took 5.26 seconds
2026-01-26 15:03:21,658 [DEBUG] utils.trades: Received option quote for APLD 20260206 25.5P: 0.19
2026-01-26 15:03:21,659 [DEBUG] utils.trades: Fetching live stock quote (in options) for APLD
2026-01-26 15:03:21,659 [INFO] utils.quote_manager: [get_quote] START symbol=APLD, expiry=None, strike=None, right=None
2026-01-26 15:03:21,977 [INFO] utils.quote_manager: [get_quote] Request the right market data: session=closed
2026-01-26 15:03:21,982 [INFO] utils.quote_manager: [subscribe] built contract=Stock(symbol='APLD', exchange='SMART', currency='USD') for ('APLD', None, None, None, 0)
2026-01-26 15:03:22,119 [INFO] utils.quote_manager: [subscribe-get_quote] APLD | Price Found: True (37.11) | Greeks Source: None | IV: N/A
2026-01-26 15:03:22,121 [INFO] utils.quote_manager: [subscribe-get_quote] Full data ready for APLD
2026-01-26 15:03:22,122 [DEBUG] utils.trades: get_quote() took 0.46 seconds
2026-01-26 15:03:22,123 [DEBUG] utils.trades: Received stock quote (in options) for APLD: 37.11
2026-01-26 15:03:22,124 [INFO] utils.trades: Fetching live option quote for AMD 20260130 255.0C
2026-01-26 15:03:22,125 [INFO] utils.quote_manager: [get_quote] START symbol=AMD, expiry=20260130, strike=255.0, right=C
2026-01-26 15:03:22,781 [INFO] utils.quote_manager: [get_quote] Request the right market data: session=closed
2026-01-26 15:03:22,784 [INFO] utils.quote_manager: [subscribe] built contract=Option(symbol='AMD', lastTradeDateOrContractMonth='20260130', strike=255.0, right='C', multiplier='100', exchange='SMART', currency='USD') for ('AMD', '20260130', 255.0, 'C', 0)
2026-01-26 15:03:24,168 [INFO] utils.quote_manager: [subscribe-get_quote] AMD | Price Found: True (10.498249898704527) | Greeks Source: modelGreeks | IV: 0.5508214533047111
2026-01-26 15:03:24,170 [INFO] utils.quote_manager: [subscribe-get_quote] Full data ready for AMD
2026-01-26 15:03:24,172 [DEBUG] utils.trades: get_quote() took 2.05 seconds
2026-01-26 15:03:24,173 [DEBUG] utils.trades: Received option quote for AMD 20260130 255.0C: 10.498249898704527
2026-01-26 15:03:24,175 [DEBUG] utils.trades: Fetching live stock quote (in options) for AMD
2026-01-26 15:03:24,283 [INFO] utils.quote_manager: [get_quote] START symbol=AMD, expiry=None, strike=None, right=None
2026-01-26 15:03:25,257 [INFO] utils.quote_manager: [get_quote] Request the right market data: session=closed
2026-01-26 15:03:25,259 [INFO] utils.quote_manager: [subscribe] built contract=Stock(symbol='AMD', exchange='SMART', currency='USD') for ('AMD', None, None, None, 0)
2026-01-26 15:03:25,608 [INFO] utils.quote_manager: [subscribe-get_quote] AMD | Price Found: True (258.5) | Greeks Source: None | IV: N/A
2026-01-26 15:03:25,611 [INFO] utils.quote_manager: [subscribe-get_quote] Full data ready for AMD
2026-01-26 15:03:25,612 [DEBUG] utils.trades: get_quote() took 1.44 seconds
2026-01-26 15:03:25,613 [DEBUG] utils.trades: Received stock quote (in options) for AMD: 258.5
2026-01-26 15:03:25,614 [INFO] utils.trades: Fetching live option quote for IREN 20260130 36.0P
2026-01-26 15:03:25,615 [INFO] utils.quote_manager: [get_quote] START symbol=IREN, expiry=20260130, strike=36.0, right=P
2026-01-26 15:03:26,179 [INFO] utils.quote_manager: [get_quote] Request the right market data: session=closed
2026-01-26 15:03:26,197 [INFO] utils.quote_manager: [subscribe] built contract=Option(symbol='IREN', lastTradeDateOrContractMonth='20260130', strike=36.0, right='P', multiplier='100', exchange='SMART', currency='USD') for ('IREN', '20260130', 36.0, 'P', 0)
2026-01-26 15:03:28,238 [INFO] utils.quote_manager: [subscribe-get_quote] IREN | Price Found: True (0.17210942408160937) | Greeks Source: modelGreeks | IV: 1.8480884558990454
2026-01-26 15:03:28,239 [INFO] utils.quote_manager: [subscribe-get_quote] Full data ready for IREN
2026-01-26 15:03:28,243 [DEBUG] utils.trades: get_quote() took 2.63 seconds
2026-01-26 15:03:28,244 [DEBUG] utils.trades: Received option quote for IREN 20260130 36.0P: 0.17210942408160937
2026-01-26 15:03:28,245 [DEBUG] utils.trades: Fetching live stock quote (in options) for IREN
2026-01-26 15:03:28,245 [INFO] utils.quote_manager: [get_quote] START symbol=IREN, expiry=None, strike=None, right=None
2026-01-26 15:03:29,980 [INFO] utils.quote_manager: [get_quote] Request the right market data: session=closed
2026-01-26 15:03:29,981 [INFO] utils.quote_manager: [subscribe] built contract=Stock(symbol='IREN', exchange='SMART', currency='USD') for ('IREN', None, None, None, 0)
2026-01-26 15:03:30,261 [INFO] utils.quote_manager: [subscribe-get_quote] IREN | Price Found: True (55.28) | Greeks Source: None | IV: N/A
2026-01-26 15:03:30,262 [INFO] utils.quote_manager: [subscribe-get_quote] Full data ready for IREN
2026-01-26 15:03:30,262 [DEBUG] utils.trades: get_quote() took 2.02 seconds
2026-01-26 15:03:30,262 [DEBUG] utils.trades: Received stock quote (in options) for IREN: 55.28
2026-01-26 15:03:30,263 [DEBUG] utils.trades: Fetching live stock quote for TSLA
2026-01-26 15:03:30,263 [INFO] utils.quote_manager: [get_quote] START symbol=TSLA, expiry=None, strike=None, right=None
2026-01-26 15:03:30,432 [INFO] utils.quote_manager: [get_quote] Request the right market data: session=closed
2026-01-26 15:03:30,433 [INFO] utils.quote_manager: [subscribe-get_quote] TSLA | Price Found: True (444.16) | Greeks Source: None | IV: N/A
2026-01-26 15:03:30,433 [INFO] utils.quote_manager: [subscribe-get_quote] Full data ready for TSLA
2026-01-26 15:03:30,434 [DEBUG] utils.trades: get_quote() took 0.17 seconds
2026-01-26 15:03:30,434 [DEBUG] utils.trades: Received stock quote for TSLA: 444.16
2026-01-26 15:03:30,434 [INFO] utils.trades: Fetching live option quote for CLS 20260130 275.0P
2026-01-26 15:03:30,434 [INFO] utils.quote_manager: [get_quote] START symbol=CLS, expiry=20260130, strike=275.0, right=P
2026-01-26 15:03:30,563 [INFO] utils.quote_manager: [get_quote] Request the right market data: session=closed
2026-01-26 15:03:30,563 [INFO] utils.quote_manager: [subscribe] built contract=Option(symbol='CLS', lastTradeDateOrContractMonth='20260130', strike=275.0, right='P', multiplier='100', exchange='SMART', currency='USD') for ('CLS', '20260130', 275.0, 'P', 0)
2026-01-26 15:03:32,144 [INFO] utils.quote_manager: [subscribe-get_quote] CLS | Price Found: True (8.136193588593914) | Greeks Source: modelGreeks | IV: 1.206155518967917
2026-01-26 15:03:32,149 [INFO] utils.quote_manager: [subscribe-get_quote] Full data ready for CLS
2026-01-26 15:03:32,149 [DEBUG] utils.trades: get_quote() took 1.72 seconds
2026-01-26 15:03:32,149 [DEBUG] utils.trades: Received option quote for CLS 20260130 275.0P: 8.136193588593914
2026-01-26 15:03:32,150 [DEBUG] utils.trades: Fetching live stock quote (in options) for CLS
2026-01-26 15:03:32,150 [INFO] utils.quote_manager: [get_quote] START symbol=CLS, expiry=None, strike=None, right=None
2026-01-26 15:03:33,150 [INFO] utils.quote_manager: [get_quote] Request the right market data: session=closed
2026-01-26 15:03:33,163 [INFO] utils.quote_manager: [subscribe] built contract=Stock(symbol='CLS', exchange='SMART', currency='USD') for ('CLS', None, None, None, 0)
2026-01-26 15:03:33,302 [INFO] utils.quote_manager: [subscribe-get_quote] CLS | Price Found: True (297.0) | Greeks Source: None | IV: N/A
2026-01-26 15:03:33,304 [INFO] utils.quote_manager: [subscribe-get_quote] Full data ready for CLS
2026-01-26 15:03:33,308 [DEBUG] utils.trades: get_quote() took 1.16 seconds
2026-01-26 15:03:33,309 [DEBUG] utils.trades: Received stock quote (in options) for CLS: 297.0
2026-01-26 15:03:33,311 [INFO] utils.trades: Fetching live option quote for ONDS 20260130 7.5P
2026-01-26 15:03:33,311 [INFO] utils.quote_manager: [get_quote] START symbol=ONDS, expiry=20260130, strike=7.5, right=P
2026-01-26 15:03:35,467 [INFO] utils.quote_manager: [get_quote] Request the right market data: session=closed
2026-01-26 15:03:35,473 [INFO] utils.quote_manager: [subscribe] built contract=Option(symbol='ONDS', lastTradeDateOrContractMonth='20260130', strike=7.5, right='P', multiplier='100', exchange='SMART', currency='USD') for ('ONDS', '20260130', 7.5, 'P', 0)
2026-01-26 15:03:37,105 [INFO] utils.quote_manager: [subscribe-get_quote] ONDS | Price Found: True (0.010309048399622649) | Greeks Source: modelGreeks | IV: 1.5966922910214663
2026-01-26 15:03:37,106 [INFO] utils.quote_manager: [subscribe-get_quote] Full data ready for ONDS
2026-01-26 15:03:37,106 [DEBUG] utils.trades: get_quote() took 3.80 seconds
2026-01-26 15:03:37,106 [DEBUG] utils.trades: Received option quote for ONDS 20260130 7.5P: 0.010309048399622649
2026-01-26 15:03:37,107 [DEBUG] utils.trades: Fetching live stock quote (in options) for ONDS
2026-01-26 15:03:37,107 [INFO] utils.quote_manager: [get_quote] START symbol=ONDS, expiry=None, strike=None, right=None
2026-01-26 15:03:37,278 [INFO] utils.quote_manager: [get_quote] Request the right market data: session=closed
2026-01-26 15:03:37,278 [INFO] utils.quote_manager: [subscribe] built contract=Stock(symbol='ONDS', exchange='SMART', currency='USD') for ('ONDS', None, None, None, 0)
2026-01-26 15:03:37,454 [INFO] utils.quote_manager: [subscribe-get_quote] ONDS | Price Found: True (12.01) | Greeks Source: None | IV: N/A
2026-01-26 15:03:37,456 [INFO] utils.quote_manager: [subscribe-get_quote] Full data ready for ONDS
2026-01-26 15:03:37,456 [DEBUG] utils.trades: get_quote() took 0.35 seconds
2026-01-26 15:03:37,456 [DEBUG] utils.trades: Received stock quote (in options) for ONDS: 12.01
2026-01-26 15:03:37,457 [INFO] utils.trades: Fetching live option quote for HOOD 20260130 115.0P
2026-01-26 15:03:37,457 [INFO] utils.quote_manager: [get_quote] START symbol=HOOD, expiry=20260130, strike=115.0, right=P
2026-01-26 15:03:37,828 [INFO] utils.quote_manager: [get_quote] Request the right market data: session=closed
2026-01-26 15:03:37,829 [INFO] utils.quote_manager: [subscribe] built contract=Option(symbol='HOOD', lastTradeDateOrContractMonth='20260130', strike=115.0, right='P', multiplier='100', exchange='SMART', currency='USD') for ('HOOD', '20260130', 115.0, 'P', 0)
2026-01-26 15:03:39,382 [INFO] utils.quote_manager: [subscribe-get_quote] HOOD | Price Found: True (8.548162504489396) | Greeks Source: modelGreeks | IV: 0.48923327526361143
2026-01-26 15:03:39,385 [INFO] utils.quote_manager: [subscribe-get_quote] Full data ready for HOOD
2026-01-26 15:03:39,411 [DEBUG] utils.trades: get_quote() took 1.95 seconds
2026-01-26 15:03:39,420 [DEBUG] utils.trades: Received option quote for HOOD 20260130 115.0P: 8.548162504489396
2026-01-26 15:03:39,421 [DEBUG] utils.trades: Fetching live stock quote (in options) for HOOD
2026-01-26 15:03:39,430 [INFO] utils.quote_manager: [get_quote] START symbol=HOOD, expiry=None, strike=None, right=None
2026-01-26 15:03:39,633 [INFO] utils.quote_manager: [get_quote] Request the right market data: session=closed
2026-01-26 15:03:39,635 [INFO] utils.quote_manager: [subscribe] built contract=Stock(symbol='HOOD', exchange='SMART', currency='USD') for ('HOOD', None, None, None, 0)
2026-01-26 15:03:39,711 [INFO] utils.quote_manager: [subscribe-get_quote] HOOD | Price Found: True (105.5) | Greeks Source: None | IV: N/A
2026-01-26 15:03:39,712 [INFO] utils.quote_manager: [subscribe-get_quote] Full data ready for HOOD
2026-01-26 15:03:39,712 [DEBUG] utils.trades: get_quote() took 0.29 seconds
2026-01-26 15:03:39,712 [DEBUG] utils.trades: Received stock quote (in options) for HOOD: 105.5
2026-01-26 15:03:39,713 [INFO] utils.trades: Fetching live option quote for VIX 20260818 13.5C
2026-01-26 15:03:39,713 [INFO] utils.quote_manager: [get_quote] START symbol=VIX, expiry=20260818, strike=13.5, right=C
2026-01-26 15:03:40,034 [INFO] utils.quote_manager: [get_quote] Request the right market data: session=closed
2026-01-26 15:03:40,041 [INFO] utils.quote_manager: [subscribe] built contract=Option(symbol='VIX', lastTradeDateOrContractMonth='20260818', strike=13.5, right='C', multiplier='100', exchange='SMART', currency='USD') for ('VIX', '20260818', 13.5, 'C', 0)
2026-01-26 15:03:42,267 [INFO] utils.quote_manager: [subscribe-get_quote] VIX | Price Found: True (7.6) | Greeks Source: modelGreeks | IV: 0.3913177786927177
2026-01-26 15:03:42,268 [INFO] utils.quote_manager: [subscribe-get_quote] Full data ready for VIX
2026-01-26 15:03:42,269 [DEBUG] utils.trades: get_quote() took 2.56 seconds
2026-01-26 15:03:42,270 [DEBUG] utils.trades: Received option quote for VIX 20260818 13.5C: 7.6
2026-01-26 15:03:42,271 [DEBUG] utils.trades: Fetching live stock quote (in options) for VIX
2026-01-26 15:03:42,271 [INFO] utils.quote_manager: [get_quote] START symbol=VIX, expiry=None, strike=None, right=None
2026-01-26 15:03:44,028 [INFO] utils.quote_manager: [get_quote] Request the right market data: session=closed
2026-01-26 15:03:44,042 [INFO] utils.quote_manager: [subscribe] built contract=Stock(symbol='VIX', exchange='SMART', currency='USD') for ('VIX', None, None, None, 0)
2026-01-26 15:03:44,200 [ERROR] utils.quote_manager: [subscribe] All exchanges failed for ('VIX', None, None, None, 0)
2026-01-26 15:03:44,207 [ERROR] utils.quote_manager: [get_quote] ticker is None for ('VIX', None, None, None, 0)
2026-01-26 15:03:44,217 [DEBUG] utils.trades: get_quote() took 1.95 seconds
2026-01-26 15:03:44,223 [DEBUG] utils.trades: Received stock quote (in options) for VIX: None
2026-01-26 15:03:44,224 [DEBUG] utils.trades: Fetching live stock quote for TSLA
2026-01-26 15:03:44,225 [INFO] utils.quote_manager: [get_quote] START symbol=TSLA, expiry=None, strike=None, right=None
2026-01-26 15:03:44,485 [INFO] utils.quote_manager: [get_quote] Request the right market data: session=closed
2026-01-26 15:03:44,486 [INFO] utils.quote_manager: [subscribe-get_quote] TSLA | Price Found: True (444.25) | Greeks Source: None | IV: N/A
2026-01-26 15:03:44,487 [INFO] utils.quote_manager: [subscribe-get_quote] Full data ready for TSLA
2026-01-26 15:03:44,487 [DEBUG] utils.trades: get_quote() took 0.26 seconds
2026-01-26 15:03:44,487 [DEBUG] utils.trades: Received stock quote for TSLA: 444.25
2026-01-26 15:03:44,488 [DEBUG] utils.trades: Fetching live stock quote for AAPL
2026-01-26 15:03:44,488 [INFO] utils.quote_manager: [get_quote] START symbol=AAPL, expiry=None, strike=None, right=None
2026-01-26 15:03:44,647 [INFO] utils.quote_manager: [get_quote] Request the right market data: session=closed
2026-01-26 15:03:44,648 [INFO] utils.quote_manager: [subscribe] built contract=Stock(symbol='AAPL', exchange='SMART', currency='USD') for ('AAPL', None, None, None, 0)
2026-01-26 15:03:45,253 [INFO] utils.quote_manager: [subscribe-get_quote] AAPL | Price Found: True (248.29) | Greeks Source: None | IV: N/A
2026-01-26 15:03:45,255 [INFO] utils.quote_manager: [subscribe-get_quote] Full data ready for AAPL
2026-01-26 15:03:45,255 [DEBUG] utils.trades: get_quote() took 0.77 seconds
2026-01-26 15:03:45,255 [DEBUG] utils.trades: Received stock quote for AAPL: 248.29
2026-01-26 15:03:45,256 [DEBUG] utils.trades: Fetching live stock quote for AMD
2026-01-26 15:03:45,257 [INFO] utils.quote_manager: [get_quote] START symbol=AMD, expiry=None, strike=None, right=None
2026-01-26 15:03:45,610 [INFO] utils.quote_manager: [get_quote] Request the right market data: session=closed
2026-01-26 15:03:45,616 [INFO] utils.quote_manager: [subscribe-get_quote] AMD | Price Found: True (258.5) | Greeks Source: None | IV: N/A
2026-01-26 15:03:45,619 [INFO] utils.quote_manager: [subscribe-get_quote] Full data ready for AMD
2026-01-26 15:03:45,628 [DEBUG] utils.trades: get_quote() took 0.37 seconds
2026-01-26 15:03:45,648 [DEBUG] utils.trades: Received stock quote for AMD: 258.5
2026-01-26 15:03:45,651 [DEBUG] utils.trades: Fetching live stock quote for CRCL
2026-01-26 15:03:45,705 [INFO] utils.quote_manager: [get_quote] START symbol=CRCL, expiry=None, strike=None, right=None
2026-01-26 15:03:46,265 [INFO] utils.quote_manager: [get_quote] Request the right market data: session=closed
2026-01-26 15:03:46,278 [INFO] utils.quote_manager: [subscribe] built contract=Stock(symbol='CRCL', exchange='SMART', currency='USD') for ('CRCL', None, None, None, 0)
2026-01-26 15:03:47,186 [INFO] utils.quote_manager: [subscribe-get_quote] CRCL | Price Found: True (70.2) | Greeks Source: None | IV: N/A
2026-01-26 15:03:47,188 [INFO] utils.quote_manager: [subscribe-get_quote] Full data ready for CRCL
2026-01-26 15:03:47,188 [DEBUG] utils.trades: get_quote() took 1.54 seconds
2026-01-26 15:03:47,188 [DEBUG] utils.trades: Received stock quote for CRCL: 70.2
2026-01-26 15:03:47,188 [INFO] utils.trades: Fetching live option quote for HOOD 20260320 120.0C
2026-01-26 15:03:47,188 [INFO] utils.quote_manager: [get_quote] START symbol=HOOD, expiry=20260320, strike=120.0, right=C
2026-01-26 15:03:47,327 [INFO] utils.quote_manager: [get_quote] Request the right market data: session=closed
2026-01-26 15:03:47,329 [INFO] utils.quote_manager: [subscribe] built contract=Option(symbol='HOOD', lastTradeDateOrContractMonth='20260320', strike=120.0, right='C', multiplier='100', exchange='SMART', currency='USD') for ('HOOD', '20260320', 120.0, 'C', 0)
2026-01-26 15:03:49,138 [INFO] utils.quote_manager: [subscribe-get_quote] HOOD | Price Found: True (5.227549201068824) | Greeks Source: modelGreeks | IV: 0.5792197633141974
2026-01-26 15:03:49,139 [INFO] utils.quote_manager: [subscribe-get_quote] Full data ready for HOOD
2026-01-26 15:03:49,139 [DEBUG] utils.trades: get_quote() took 1.95 seconds
2026-01-26 15:03:49,139 [DEBUG] utils.trades: Received option quote for HOOD 20260320 120.0C: 5.227549201068824
2026-01-26 15:03:49,139 [DEBUG] utils.trades: Fetching live stock quote (in options) for HOOD
2026-01-26 15:03:49,139 [INFO] utils.quote_manager: [get_quote] START symbol=HOOD, expiry=None, strike=None, right=None
2026-01-26 15:03:49,265 [INFO] utils.quote_manager: [get_quote] Request the right market data: session=closed
2026-01-26 15:03:49,266 [INFO] utils.quote_manager: [subscribe-get_quote] HOOD | Price Found: True (105.5) | Greeks Source: None | IV: N/A
2026-01-26 15:03:49,266 [INFO] utils.quote_manager: [subscribe-get_quote] Full data ready for HOOD
2026-01-26 15:03:49,266 [DEBUG] utils.trades: get_quote() took 0.13 seconds
2026-01-26 15:03:49,267 [DEBUG] utils.trades: Received stock quote (in options) for HOOD: 105.5
2026-01-26 15:03:49,267 [DEBUG] utils.trades: Fetching live stock quote for MSAI
2026-01-26 15:03:49,267 [INFO] utils.quote_manager: [get_quote] START symbol=MSAI, expiry=None, strike=None, right=None
2026-01-26 15:03:49,660 [INFO] utils.quote_manager: [get_quote] Request the right market data: session=closed
2026-01-26 15:03:49,663 [INFO] utils.quote_manager: [subscribe] built contract=Stock(symbol='MSAI', exchange='SMART', currency='USD') for ('MSAI', None, None, None, 0)
2026-01-26 15:03:50,276 [INFO] utils.quote_manager: [subscribe-get_quote] MSAI | Price Found: True (0.3404) | Greeks Source: None | IV: N/A
2026-01-26 15:03:50,277 [INFO] utils.quote_manager: [subscribe-get_quote] Full data ready for MSAI
2026-01-26 15:03:50,278 [DEBUG] utils.trades: get_quote() took 1.01 seconds
2026-01-26 15:03:50,279 [DEBUG] utils.trades: Received stock quote for MSAI: 0.3404
2026-01-26 15:03:50,280 [DEBUG] utils.trades: Fetching live stock quote for NVDA
2026-01-26 15:03:50,280 [INFO] utils.quote_manager: [get_quote] START symbol=NVDA, expiry=None, strike=None, right=None
2026-01-26 15:03:50,413 [INFO] utils.quote_manager: [get_quote] Request the right market data: session=closed
2026-01-26 15:03:50,413 [INFO] utils.quote_manager: [subscribe] built contract=Stock(symbol='NVDA', exchange='SMART', currency='USD') for ('NVDA', None, None, None, 0)
2026-01-26 15:03:50,859 [INFO] utils.quote_manager: [subscribe-get_quote] NVDA | Price Found: True (186.34) | Greeks Source: None | IV: N/A
2026-01-26 15:03:50,860 [INFO] utils.quote_manager: [subscribe-get_quote] Full data ready for NVDA
2026-01-26 15:03:50,860 [DEBUG] utils.trades: get_quote() took 0.58 seconds
2026-01-26 15:03:50,860 [DEBUG] utils.trades: Received stock quote for NVDA: 186.34
2026-01-26 15:03:50,861 [DEBUG] utils.trades: Fetching live stock quote for SOFI
2026-01-26 15:03:50,861 [INFO] utils.quote_manager: [get_quote] START symbol=SOFI, expiry=None, strike=None, right=None
2026-01-26 15:03:51,001 [INFO] utils.quote_manager: [get_quote] Request the right market data: session=closed
2026-01-26 15:03:51,001 [INFO] utils.quote_manager: [subscribe] built contract=Stock(symbol='SOFI', exchange='SMART', currency='USD') for ('SOFI', None, None, None, 0)
2026-01-26 15:03:51,953 [INFO] utils.quote_manager: [subscribe-get_quote] SOFI | Price Found: True (25.69) | Greeks Source: None | IV: N/A
2026-01-26 15:03:51,954 [INFO] utils.quote_manager: [subscribe-get_quote] Full data ready for SOFI
2026-01-26 15:03:51,954 [DEBUG] utils.trades: get_quote() took 1.09 seconds
2026-01-26 15:03:51,955 [DEBUG] utils.trades: Received stock quote for SOFI: 25.69
2026-01-26 15:03:51,962 [DEBUG] utils.trades: Passing 5 groups to complex_groups_to_df...
2026-01-26 15:03:51,963 [INFO] utils.quote_manager: [get_quote] START symbol=FISV, expiry=20260116, strike=65.0, right=Put
2026-01-26 15:03:52,153 [INFO] utils.quote_manager: [get_quote] Request the right market data: session=closed
2026-01-26 15:03:52,154 [INFO] utils.quote_manager: [subscribe] built contract=Option(symbol='FISV', lastTradeDateOrContractMonth='20260116', strike=65.0, right='Put', multiplier='100', exchange='SMART', currency='USD') for ('FISV', '20260116', 65.0, 'Put', 0)
2026-01-26 15:03:52,725 [ERROR] utils.quote_manager: [subscribe] All exchanges failed for ('FISV', '20260116', 65.0, 'Put', 0)
2026-01-26 15:03:52,726 [ERROR] utils.quote_manager: [get_quote] ticker is None for ('FISV', '20260116', 65.0, 'Put', 0)
2026-01-26 15:03:52,726 [ERROR] utils.trades: Quote failed for leg 10: unsupported operand type(s) for *: 'NoneType' and 'int'
2026-01-26 15:03:52,727 [INFO] utils.quote_manager: [get_quote] START symbol=FISV, expiry=20260116, strike=70.0, right=Put
2026-01-26 15:03:52,886 [INFO] utils.quote_manager: [get_quote] Request the right market data: session=closed
2026-01-26 15:03:52,886 [INFO] utils.quote_manager: [subscribe] built contract=Option(symbol='FISV', lastTradeDateOrContractMonth='20260116', strike=70.0, right='Put', multiplier='100', exchange='SMART', currency='USD') for ('FISV', '20260116', 70.0, 'Put', 0)
2026-01-26 15:03:53,453 [ERROR] utils.quote_manager: [subscribe] All exchanges failed for ('FISV', '20260116', 70.0, 'Put', 0)
2026-01-26 15:03:53,454 [ERROR] utils.quote_manager: [get_quote] ticker is None for ('FISV', '20260116', 70.0, 'Put', 0)
2026-01-26 15:03:53,455 [ERROR] utils.trades: Quote failed for leg 9: unsupported operand type(s) for *: 'NoneType' and 'int'
2026-01-26 15:03:53,455 [INFO] utils.quote_manager: [get_quote] START symbol=MA, expiry=20260320, strike=560.0, right=Call
2026-01-26 15:03:53,573 [INFO] utils.quote_manager: [get_quote] Request the right market data: session=closed
2026-01-26 15:03:53,574 [INFO] utils.quote_manager: [subscribe] built contract=Option(symbol='MA', lastTradeDateOrContractMonth='20260320', strike=560.0, right='Call', multiplier='100', exchange='SMART', currency='USD') for ('MA', '20260320', 560.0, 'Call', 0)
2026-01-26 15:03:55,103 [INFO] utils.quote_manager: [subscribe-get_quote] MA | Price Found: True (7.723687468989272) | Greeks Source: modelGreeks | IV: 0.23327907018555047
2026-01-26 15:03:55,104 [INFO] utils.quote_manager: [subscribe-get_quote] Full data ready for MA
2026-01-26 15:03:55,104 [INFO] utils.quote_manager: [get_quote] START symbol=MA, expiry=20260130, strike=560.0, right=Call
2026-01-26 15:03:55,223 [INFO] utils.quote_manager: [get_quote] Request the right market data: session=closed
2026-01-26 15:03:55,224 [INFO] utils.quote_manager: [subscribe] built contract=Option(symbol='MA', lastTradeDateOrContractMonth='20260130', strike=560.0, right='Call', multiplier='100', exchange='SMART', currency='USD') for ('MA', '20260130', 560.0, 'Call', 0)
2026-01-26 15:03:57,128 [INFO] utils.quote_manager: [subscribe-get_quote] MA | Price Found: True (1.0391253412174202) | Greeks Source: modelGreeks | IV: 0.3436150803462335
2026-01-26 15:03:57,131 [INFO] utils.quote_manager: [subscribe-get_quote] Full data ready for MA
2026-01-26 15:03:57,133 [INFO] utils.quote_manager: [get_quote] START symbol=TSLA, expiry=20260220, strike=440.0, right=Call
2026-01-26 15:03:57,256 [INFO] utils.quote_manager: [get_quote] Request the right market data: session=closed
2026-01-26 15:03:57,258 [INFO] utils.quote_manager: [subscribe] built contract=Option(symbol='TSLA', lastTradeDateOrContractMonth='20260220', strike=440.0, right='Call', multiplier='100', exchange='SMART', currency='USD') for ('TSLA', '20260220', 440.0, 'Call', 0)
2026-01-26 15:03:59,140 [INFO] utils.quote_manager: [subscribe-get_quote] TSLA | Price Found: True (28.29146139026179) | Greeks Source: modelGreeks | IV: 0.4641194425733179
2026-01-26 15:03:59,140 [INFO] utils.quote_manager: [subscribe-get_quote] Full data ready for TSLA
2026-01-26 15:03:59,141 [INFO] utils.quote_manager: [get_quote] START symbol=TSLA, expiry=20260220, strike=440.0, right=Call
2026-01-26 15:03:59,267 [INFO] utils.quote_manager: [get_quote] Request the right market data: session=closed
2026-01-26 15:03:59,267 [INFO] utils.quote_manager: [subscribe-get_quote] TSLA | Price Found: True (28.29146139026179) | Greeks Source: modelGreeks | IV: 0.4641194425733179
2026-01-26 15:03:59,267 [INFO] utils.quote_manager: [subscribe-get_quote] Full data ready for TSLA
2026-01-26 15:03:59,268 [INFO] utils.quote_manager: [get_quote] START symbol=RKLB, expiry=20260213, strike=75.0, right=Put
2026-01-26 15:03:59,383 [INFO] utils.quote_manager: [get_quote] Request the right market data: session=closed
2026-01-26 15:03:59,383 [INFO] utils.quote_manager: [subscribe] built contract=Option(symbol='RKLB', lastTradeDateOrContractMonth='20260213', strike=75.0, right='Put', multiplier='100', exchange='SMART', currency='USD') for ('RKLB', '20260213', 75.0, 'Put', 0)
2026-01-26 15:04:01,022 [INFO] utils.quote_manager: [subscribe-get_quote] RKLB | Price Found: True (2.0820489119457752) | Greeks Source: modelGreeks | IV: 0.8952559084348135
2026-01-26 15:04:01,022 [INFO] utils.quote_manager: [subscribe-get_quote] Full data ready for RKLB
2026-01-26 15:04:01,024 [INFO] utils.quote_manager: [get_quote] START symbol=RKLB, expiry=20260213, strike=80.0, right=Put
2026-01-26 15:04:01,167 [INFO] utils.quote_manager: [get_quote] Request the right market data: session=closed
2026-01-26 15:04:01,168 [INFO] utils.quote_manager: [subscribe] built contract=Option(symbol='RKLB', lastTradeDateOrContractMonth='20260213', strike=80.0, right='Put', multiplier='100', exchange='SMART', currency='USD') for ('RKLB', '20260213', 80.0, 'Put', 0)
2026-01-26 15:04:03,310 [INFO] utils.quote_manager: [subscribe-get_quote] RKLB | Price Found: True (3.480934926289817) | Greeks Source: modelGreeks | IV: 0.8805523431078871
2026-01-26 15:04:03,322 [INFO] utils.quote_manager: [subscribe-get_quote] Full data ready for RKLB
2026-01-26 15:04:03,322 [INFO] utils.quote_manager: [get_quote] START symbol=NVDA, expiry=20260320, strike=170.0, right=Call
2026-01-26 15:04:03,950 [INFO] utils.quote_manager: [get_quote] Request the right market data: session=closed
2026-01-26 15:04:03,951 [INFO] utils.quote_manager: [subscribe] built contract=Option(symbol='NVDA', lastTradeDateOrContractMonth='20260320', strike=170.0, right='Call', multiplier='100', exchange='SMART', currency='USD') for ('NVDA', '20260320', 170.0, 'Call', 0)
2026-01-26 15:04:05,201 [INFO] utils.quote_manager: [subscribe-get_quote] NVDA | Price Found: True (24.354095875426868) | Greeks Source: modelGreeks | IV: 0.4601320315188967
2026-01-26 15:04:05,202 [INFO] utils.quote_manager: [subscribe-get_quote] Full data ready for NVDA
2026-01-26 15:04:05,206 [INFO] utils.quote_manager: [get_quote] START symbol=NVDA, expiry=20260130, strike=190.0, right=Call
2026-01-26 15:04:05,339 [INFO] utils.quote_manager: [get_quote] Request the right market data: session=closed
2026-01-26 15:04:05,339 [INFO] utils.quote_manager: [subscribe] built contract=Option(symbol='NVDA', lastTradeDateOrContractMonth='20260130', strike=190.0, right='Call', multiplier='100', exchange='SMART', currency='USD') for ('NVDA', '20260130', 190.0, 'Call', 0)
2026-01-26 15:04:07,069 [INFO] utils.quote_manager: [subscribe-get_quote] NVDA | Price Found: True (2.771872518434111) | Greeks Source: modelGreeks | IV: 0.36202503699008004
2026-01-26 15:04:07,087 [INFO] utils.quote_manager: [subscribe-get_quote] Full data ready for NVDA
2026-01-26 15:04:07,090 [DEBUG] utils.trades: DataFrame Row 0 Legs Count: 2
2026-01-26 15:04:07,117 [DEBUG] __main__: get_all_open_positions() took 71.30 seconds
2026-01-26 15:04:07,133 [DEBUG] __main__: Open Flat Trades styling INITIATED
2026-01-26 15:04:07,373 [DEBUG] __main__: Open Flat Trades styling took 0.24 seconds
2026-01-26 15:04:07,381 [INFO] utils.trades: --- SUMMARY ---
2026-01-26 15:04:07,381 [INFO] utils.trades: Initial Baseline: 626.38
2026-01-26 15:04:07,383 [INFO] utils.trades: Total Realized Cash: 626.38
2026-01-26 15:04:07,383 [INFO] utils.trades: Total Unrealized P&L: 0.00
2026-01-26 15:04:07,383 [INFO] utils.trades: Final True P&L: 626.38
2026-01-26 15:04:07,383 [INFO] utils.trades: --- DEBUG END ---

2026-01-26 15:04:07,390 [INFO] utils.trades: LEG ID: 28 | MA 20251024 560.0Call | Qty: -1
2026-01-26 15:04:07,391 [INFO] utils.trades:   > Realized: Entry $998.00 | Exit $-1,330.00 | Comms $1.40 | P&L $-332.00 | Status: Rolled
2026-01-26 15:04:07,391 [INFO] utils.trades:   > CURRENT MARKET VALUE TO LIQUIDATE: (Mark 7.723687468989272) * Qty 1 = 772.37
2026-01-26 15:04:07,391 [INFO] utils.trades: LEG ID: 29 | MA 20260320 560.0Call | Qty: 1
2026-01-26 15:04:07,391 [INFO] utils.trades:   > UNREALIZED: (Mark 7.723687468989272 - Entry 41.04) * Qty 1 = 772.37
2026-01-26 15:04:07,391 [INFO] utils.trades: LEG ID: 30 | MA 20251031 570.0Call | Qty: -1
2026-01-26 15:04:07,392 [INFO] utils.trades:   > Realized: Entry $1,333.00 | Exit $-1,551.00 | Comms $1.41 | P&L $-218.00 | Status: Rolled
2026-01-26 15:04:07,392 [INFO] utils.trades: LEG ID: 31 | MA 20251107 575.0Call | Qty: -1
2026-01-26 15:04:07,392 [INFO] utils.trades:   > Realized: Entry $1,446.00 | Exit $-19.00 | Comms $1.76 | P&L $1,427.00 | Status: Rolled
2026-01-26 15:04:07,392 [INFO] utils.trades: LEG ID: 32 | MA 20251114 560.0Call | Qty: -1
2026-01-26 15:04:07,392 [INFO] utils.trades:   > Realized: Entry $247.00 | Exit $-453.00 | Comms $2.10 | P&L $-206.00 | Status: Rolled
2026-01-26 15:04:07,392 [INFO] utils.trades: LEG ID: 33 | MA 20251121 565.0Call | Qty: -1
2026-01-26 15:04:07,392 [INFO] utils.trades:   > Realized: Entry $549.00 | Exit $-12.00 | Comms $2.10 | P&L $537.00 | Status: Rolled
2026-01-26 15:04:07,392 [INFO] utils.trades: LEG ID: 34 | MA 20251205 565.0Call | Qty: -1
2026-01-26 15:04:07,392 [INFO] utils.trades:   > Realized: Entry $217.00 | Exit $-15.00 | Comms $1.71 | P&L $202.00 | Status: Rolled
2026-01-26 15:04:07,392 [INFO] utils.trades: LEG ID: 35 | MA 20251212 562.5Call | Qty: -1
2026-01-26 15:04:07,392 [INFO] utils.trades:   > Realized: Entry $208.00 | Exit $-180.00 | Comms $1.68 | P&L $28.00 | Status: Rolled
2026-01-26 15:04:07,392 [INFO] utils.trades: LEG ID: 36 | MA 20251219 565.0Call | Qty: -1
2026-01-26 15:04:07,392 [INFO] utils.trades:   > Realized: Entry $420.00 | Exit $-1,010.00 | Comms $1.69 | P&L $-590.00 | Status: Rolled
2026-01-26 15:04:07,392 [INFO] utils.trades: LEG ID: 37 | MA 20251226 570.0Call | Qty: -1
2026-01-26 15:04:07,393 [INFO] utils.trades:   > Realized: Entry $859.00 | Exit $-996.00 | Comms $1.70 | P&L $-137.00 | Status: Rolled
2026-01-26 15:04:07,393 [INFO] utils.trades: LEG ID: 38 | MA 20260109 580.0Call | Qty: -1
2026-01-26 15:04:07,393 [INFO] utils.trades:   > Realized: Entry $700.00 | Exit $-411.00 | Comms $2.07 | P&L $289.00 | Status: Rolled
2026-01-26 15:04:07,393 [INFO] utils.trades: LEG ID: 39 | MA 20260116 587.5Call | Qty: -1
2026-01-26 15:04:07,393 [INFO] utils.trades:   > Realized: Entry $390.00 | Exit $-20.00 | Comms $2.10 | P&L $370.00 | Status: Rolled
2026-01-26 15:04:07,394 [INFO] utils.trades: LEG ID: 40 | MA 20260116 560.5Call | Qty: -1
2026-01-26 15:04:07,394 [INFO] utils.trades:   > Realized: Entry $135.00 | Exit $-9.00 | Comms $1.75 | P&L $126.00 | Status: Rolled
2026-01-26 15:04:07,394 [INFO] utils.trades: LEG ID: 41 | MA 20260123 560.0Call | Qty: -1
2026-01-26 15:04:07,394 [INFO] utils.trades:   > Realized: Entry $93.00 | Exit $-27.00 | Comms $1.75 | P&L $66.00 | Status: Rolled
2026-01-26 15:04:07,394 [INFO] utils.trades:   > CURRENT MARKET VALUE TO LIQUIDATE: (Mark 1.0391253412174202) * Qty -1 = -103.91
2026-01-26 15:04:07,394 [INFO] utils.trades: LEG ID: 75 | MA 20260130 560.0Call | Qty: -1
2026-01-26 15:04:07,394 [INFO] utils.trades:   > UNREALIZED: (Mark 1.0391253412174202 - Entry 1.44) * Qty -1 = -103.91
2026-01-26 15:04:07,394 [INFO] utils.trades: --- SUMMARY ---
2026-01-26 15:04:07,394 [INFO] utils.trades: Initial Baseline: -3,107.40
2026-01-26 15:04:07,394 [INFO] utils.trades: Total Realized Cash: -2,422.97
2026-01-26 15:04:07,394 [INFO] utils.trades: Total Unrealized P&L: 668.46
2026-01-26 15:04:07,394 [INFO] utils.trades: Final True P&L: -1,754.51
2026-01-26 15:04:07,394 [INFO] utils.trades: --- DEBUG END ---

2026-01-26 15:04:07,404 [INFO] utils.trades: LEG ID: 42 | TSLA 20251031 440.0Call | Qty: -1
2026-01-26 15:04:07,406 [INFO] utils.trades:   > Realized: Entry $1,210.00 | Exit $-2,532.00 | Comms $1.40 | P&L $-1,322.00 | Status: Rolled
2026-01-26 15:04:07,406 [INFO] utils.trades:   > CURRENT MARKET VALUE TO LIQUIDATE: (Mark 28.29146139026179) * Qty 1 = 2,829.15
2026-01-26 15:04:07,406 [INFO] utils.trades: LEG ID: 43 | TSLA 20260220 440.0Call | Qty: 1
2026-01-26 15:04:07,407 [INFO] utils.trades:   > UNREALIZED: (Mark 28.29146139026179 - Entry 56.74) * Qty 1 = 2,829.15
2026-01-26 15:04:07,407 [INFO] utils.trades: LEG ID: 44 | TSLA 20251107 450.0Call | Qty: -1
2026-01-26 15:04:07,407 [INFO] utils.trades:   > Realized: Entry $2,507.00 | Exit $-2,480.00 | Comms $1.41 | P&L $27.00 | Status: Rolled
2026-01-26 15:04:07,407 [INFO] utils.trades: LEG ID: 45 | TSLA 20251121 467.5Call | Qty: -1
2026-01-26 15:04:07,407 [INFO] utils.trades:   > Realized: Entry $2,525.00 | Exit $-12.00 | Comms $1.41 | P&L $2,513.00 | Status: Rolled
2026-01-26 15:04:07,408 [INFO] utils.trades: LEG ID: 46 | TSLA 20251128 440.0Call | Qty: -1
2026-01-26 15:04:07,408 [INFO] utils.trades:   > Realized: Entry $268.00 | Exit $-43.00 | Comms $1.40 | P&L $225.00 | Status: Rolled
2026-01-26 15:04:07,408 [INFO] utils.trades: LEG ID: 47 | TSLA 20251205 440.0Call | Qty: -1
2026-01-26 15:04:07,408 [INFO] utils.trades:   > Realized: Entry $388.00 | Exit $-618.00 | Comms $1.36 | P&L $-230.00 | Status: Rolled
2026-01-26 15:04:07,408 [INFO] utils.trades: LEG ID: 48 | TSLA 20251212 455.0Call | Qty: -1
2026-01-26 15:04:07,408 [INFO] utils.trades:   > Realized: Entry $663.00 | Exit $-128.00 | Comms $1.69 | P&L $535.00 | Status: Rolled
2026-01-26 15:04:07,408 [INFO] utils.trades: LEG ID: 49 | TSLA 20251219 455.0Call | Qty: -1
2026-01-26 15:04:07,408 [INFO] utils.trades:   > Realized: Entry $713.00 | Exit $-2,520.00 | Comms $1.69 | P&L $-1,807.00 | Status: Rolled
2026-01-26 15:04:07,408 [INFO] utils.trades: LEG ID: 50 | TSLA 20260102 470.0Call | Qty: -1
2026-01-26 15:04:07,409 [INFO] utils.trades:   > Realized: Entry $2,417.00 | Exit $-2.00 | Comms $1.73 | P&L $2,415.00 | Status: Rolled
2026-01-26 15:04:07,409 [INFO] utils.trades: LEG ID: 51 | TSLA 20260109 470.0Call | Qty: -1
2026-01-26 15:04:07,409 [INFO] utils.trades:   > Realized: Entry $238.00 | Exit $-22.00 | Comms $2.10 | P&L $216.00 | Status: Rolled
2026-01-26 15:04:07,409 [INFO] utils.trades: LEG ID: 52 | TSLA 20260116 470.0Call | Qty: -1
2026-01-26 15:04:07,409 [INFO] utils.trades:   > Realized: Entry $208.00 | Exit $-23.00 | Comms $2.60 | P&L $185.00 | Status: Rolled
2026-01-26 15:04:07,409 [INFO] utils.trades: LEG ID: 53 | TSLA 20260116 455.0Call | Qty: -1
2026-01-26 15:04:07,409 [INFO] utils.trades:   > Realized: Entry $109.00 | Exit $-32.00 | Comms $2.14 | P&L $77.00 | Status: Rolled
2026-01-26 15:04:07,409 [INFO] utils.trades: LEG ID: 54 | TSLA 20260123 462.5Call | Qty: -1
2026-01-26 15:04:07,409 [INFO] utils.trades:   > Realized: Entry $272.00 | Exit $-10.00 | Comms $1.40 | P&L $262.00 | Status: Rolled
2026-01-26 15:04:07,409 [INFO] utils.trades: LEG ID: 74 | TSLA 20260123 442.5Call | Qty: -1
2026-01-26 15:04:07,409 [INFO] utils.trades:   > Realized: Entry $220.00 | Exit $-550.00 | Comms $1.40 | P&L $-330.00 | Status: Rolled
2026-01-26 15:04:07,409 [INFO] utils.trades:   > CURRENT MARKET VALUE TO LIQUIDATE: (Mark 28.29146139026179) * Qty -1 = -2,829.15
2026-01-26 15:04:07,410 [INFO] utils.trades: LEG ID: 77 | TSLA 20260220 440.0Call | Qty: -1
2026-01-26 15:04:07,410 [INFO] utils.trades:   > UNREALIZED: (Mark 28.29146139026179 - Entry 27.25) * Qty -1 = -2,829.15
2026-01-26 15:04:07,410 [INFO] utils.trades: --- SUMMARY ---
2026-01-26 15:04:07,410 [INFO] utils.trades: Initial Baseline: -4,465.40
2026-01-26 15:04:07,410 [INFO] utils.trades: Total Realized Cash: -206.13
2026-01-26 15:04:07,410 [INFO] utils.trades: Total Unrealized P&L: 0.00
2026-01-26 15:04:07,410 [INFO] utils.trades: Final True P&L: -206.13
2026-01-26 15:04:07,410 [INFO] utils.trades: --- DEBUG END ---

2026-01-26 15:04:07,419 [INFO] utils.trades:   > CURRENT MARKET VALUE TO LIQUIDATE: (Mark 3.480934926289817) * Qty -4 = -1,392.37
2026-01-26 15:04:07,421 [INFO] utils.trades: LEG ID: 55 | RKLB 20260213 80.0Put | Qty: -4
2026-01-26 15:04:07,421 [INFO] utils.trades:   > UNREALIZED: (Mark 3.480934926289817 - Entry 4.93) * Qty -4 = -1,392.37
2026-01-26 15:04:07,421 [INFO] utils.trades:   > CURRENT MARKET VALUE TO LIQUIDATE: (Mark 2.0820489119457752) * Qty 4 = 832.82
2026-01-26 15:04:07,421 [INFO] utils.trades: LEG ID: 56 | RKLB 20260213 75.0Put | Qty: 4
2026-01-26 15:04:07,421 [INFO] utils.trades:   > UNREALIZED: (Mark 2.0820489119457752 - Entry 3.13) * Qty 4 = 832.82
2026-01-26 15:04:07,421 [INFO] utils.trades: --- SUMMARY ---
2026-01-26 15:04:07,422 [INFO] utils.trades: Initial Baseline: 717.50
2026-01-26 15:04:07,422 [INFO] utils.trades: Total Realized Cash: 717.50
2026-01-26 15:04:07,422 [INFO] utils.trades: Total Unrealized P&L: -559.55
2026-01-26 15:04:07,422 [INFO] utils.trades: Final True P&L: 157.95
2026-01-26 15:04:07,422 [INFO] utils.trades: --- DEBUG END ---

2026-01-26 15:04:07,426 [INFO] utils.trades: LEG ID: 57 | NVDA 20250919 170.0Call | Qty: -1
2026-01-26 15:04:07,427 [INFO] utils.trades:   > Realized: Entry $416.00 | Exit $-632.00 | Comms $2.04 | P&L $-216.00 | Status: Rolled
2026-01-26 15:04:07,427 [INFO] utils.trades:   > CURRENT MARKET VALUE TO LIQUIDATE: (Mark 24.354095875426868) * Qty 1 = 2,435.41
2026-01-26 15:04:07,427 [INFO] utils.trades: LEG ID: 58 | NVDA 20260320 170.0Call | Qty: 1
2026-01-26 15:04:07,427 [INFO] utils.trades:   > UNREALIZED: (Mark 24.354095875426868 - Entry 21.19) * Qty 1 = 2,435.41
2026-01-26 15:04:07,427 [INFO] utils.trades: LEG ID: 59 | NVDA 20251003 175.0Call | Qty: -1
2026-01-26 15:04:07,427 [INFO] utils.trades:   > Realized: Entry $542.00 | Exit $-774.00 | Comms $1.70 | P&L $-232.00 | Status: Rolled
2026-01-26 15:04:07,427 [INFO] utils.trades: LEG ID: 60 | NVDA 20251010 177.5Call | Qty: -1
2026-01-26 15:04:07,428 [INFO] utils.trades:   > Realized: Entry $737.00 | Exit $-1,072.00 | Comms $1.41 | P&L $-335.00 | Status: Rolled
2026-01-26 15:04:07,428 [INFO] utils.trades: LEG ID: 61 | NVDA 20251031 185.0Call | Qty: -1
2026-01-26 15:04:07,428 [INFO] utils.trades:   > Realized: Entry $937.00 | Exit $-1,417.00 | Comms $1.40 | P&L $-480.00 | Status: Rolled
2026-01-26 15:04:07,428 [INFO] utils.trades: LEG ID: 62 | NVDA 20251107 190.0Call | Qty: -1
2026-01-26 15:04:07,428 [INFO] utils.trades:   > Realized: Entry $1,182.00 | Exit $-2,078.00 | Comms $1.75 | P&L $-896.00 | Status: Rolled
2026-01-26 15:04:07,428 [INFO] utils.trades: LEG ID: 63 | NVDA 20251121 200.0Call | Qty: -1
2026-01-26 15:04:07,428 [INFO] utils.trades:   > Realized: Entry $1,676.00 | Exit $-2.00 | Comms $2.10 | P&L $1,674.00 | Status: Rolled
2026-01-26 15:04:07,428 [INFO] utils.trades: LEG ID: 64 | NVDA 20251128 190.0Call | Qty: -1
2026-01-26 15:04:07,429 [INFO] utils.trades:   > Realized: Entry $156.00 | Exit $-10.00 | Comms $2.04 | P&L $146.00 | Status: Rolled
2026-01-26 15:04:07,429 [INFO] utils.trades: LEG ID: 65 | NVDA 20251128 175.0Call | Qty: -1
2026-01-26 15:04:07,429 [INFO] utils.trades:   > Realized: Entry $203.00 | Exit $-660.00 | Comms $1.69 | P&L $-457.00 | Status: Rolled
2026-01-26 15:04:07,429 [INFO] utils.trades: LEG ID: 66 | NVDA 20251205 180.0Call | Qty: -1
2026-01-26 15:04:07,429 [INFO] utils.trades:   > Realized: Entry $550.00 | Exit $-614.00 | Comms $1.37 | P&L $-64.00 | Status: Rolled
2026-01-26 15:04:07,429 [INFO] utils.trades: LEG ID: 67 | NVDA 20251219 187.0Call | Qty: -1
2026-01-26 15:04:07,429 [INFO] utils.trades:   > Realized: Entry $559.00 | Exit $-7.00 | Comms $1.88 | P&L $552.00 | Status: Rolled
2026-01-26 15:04:07,429 [INFO] utils.trades: LEG ID: 68 | NVDA 20251226 185.0Call | Qty: -1
2026-01-26 15:04:07,429 [INFO] utils.trades:   > Realized: Entry $58.00 | Exit $-571.00 | Comms $1.89 | P&L $-513.00 | Status: Rolled
2026-01-26 15:04:07,429 [INFO] utils.trades: LEG ID: 69 | NVDA 20260102 190.0Call | Qty: -1
2026-01-26 15:04:07,429 [INFO] utils.trades:   > Realized: Entry $336.00 | Exit $-94.00 | Comms $1.73 | P&L $242.00 | Status: Rolled
2026-01-26 15:04:07,429 [INFO] utils.trades: LEG ID: 70 | NVDA 20260109 192.5Call | Qty: -1
2026-01-26 15:04:07,429 [INFO] utils.trades:   > Realized: Entry $240.00 | Exit $-110.00 | Comms $2.10 | P&L $130.00 | Status: Rolled
2026-01-26 15:04:07,429 [INFO] utils.trades: LEG ID: 71 | NVDA 20260116 195.0Call | Qty: -1
2026-01-26 15:04:07,429 [INFO] utils.trades:   > Realized: Entry $211.00 | Exit $-24.00 | Comms $1.75 | P&L $187.00 | Status: Rolled
2026-01-26 15:04:07,429 [INFO] utils.trades: LEG ID: 72 | NVDA 20260123 195.0Call | Qty: -1
2026-01-26 15:04:07,429 [INFO] utils.trades:   > Realized: Entry $86.00 | Exit $-4.00 | Comms $1.75 | P&L $82.00 | Status: Rolled
2026-01-26 15:04:07,430 [INFO] utils.trades: LEG ID: 73 | NVDA 20260123 185.0Call | Qty: -1
2026-01-26 15:04:07,430 [INFO] utils.trades:   > Realized: Entry $60.00 | Exit $-280.00 | Comms $2.10 | P&L $-220.00 | Status: Rolled
2026-01-26 15:04:07,430 [INFO] utils.trades:   > CURRENT MARKET VALUE TO LIQUIDATE: (Mark 2.771872518434111) * Qty -1 = -277.19
2026-01-26 15:04:07,430 [INFO] utils.trades: LEG ID: 76 | NVDA 20260130 190.0Call | Qty: -1
2026-01-26 15:04:07,430 [INFO] utils.trades:   > UNREALIZED: (Mark 2.771872518434111 - Entry 2.9) * Qty -1 = -277.19
2026-01-26 15:04:07,430 [INFO] utils.trades: --- SUMMARY ---
2026-01-26 15:04:07,430 [INFO] utils.trades: Initial Baseline: -1,705.10
2026-01-26 15:04:07,430 [INFO] utils.trades: Total Realized Cash: -2,259.80
2026-01-26 15:04:07,430 [INFO] utils.trades: Total Unrealized P&L: 2,158.22
2026-01-26 15:04:07,430 [INFO] utils.trades: Final True P&L: -101.58
2026-01-26 15:04:07,430 [INFO] utils.trades: --- DEBUG END ---

2026-01-26 15:07:08,393 [DEBUG] __main__: Starting Open Trades page
2026-01-26 15:07:08,395 [INFO] utils.quote_manager: [QuoteManager.__init__] self.ib id=140717023293936
2026-01-26 15:07:09,317 [DEBUG] __main__: get_all_open_positions() INITIATED
2026-01-26 15:07:09,358 [DEBUG] __main__: Fetching positions (Refresh Count: {refresh_count})
2026-01-26 15:07:09,430 [DEBUG] utils.trades: 
--- DATABASE FETCH DEBUG ---
2026-01-26 15:07:09,437 [DEBUG] utils.trades: Group ID 5: Total Legs Found: 2 | Statuses: ['Active', 'Active']
2026-01-26 15:07:09,439 [DEBUG] utils.trades: Group ID 9: Total Legs Found: 15 | Statuses: ['Active', 'Active', 'Rolled', 'Rolled', 'Rolled', 'Rolled', 'Rolled', 'Rolled', 'Rolled', 'Rolled', 'Rolled', 'Rolled', 'Rolled', 'Rolled', 'Rolled']
2026-01-26 15:07:09,448 [DEBUG] utils.trades: Group ID 10: Total Legs Found: 15 | Statuses: ['Active', 'Active', 'Rolled', 'Rolled', 'Rolled', 'Rolled', 'Rolled', 'Rolled', 'Rolled', 'Rolled', 'Rolled', 'Rolled', 'Rolled', 'Rolled', 'Rolled']
2026-01-26 15:07:09,455 [DEBUG] utils.trades: Group ID 11: Total Legs Found: 2 | Statuses: ['Active', 'Active']
2026-01-26 15:07:09,456 [DEBUG] utils.trades: Group ID 12: Total Legs Found: 18 | Statuses: ['Active', 'Active', 'Rolled', 'Rolled', 'Rolled', 'Rolled', 'Rolled', 'Rolled', 'Rolled', 'Rolled', 'Rolled', 'Rolled', 'Rolled', 'Rolled', 'Rolled', 'Rolled', 'Rolled', 'Rolled']
2026-01-26 15:07:09,457 [INFO] utils.trades: Fetching live option quote for CRWD 20260220 435.0P
2026-01-26 15:07:09,464 [INFO] utils.quote_manager: [get_quote] START symbol=CRWD, expiry=20260220, strike=435.0, right=P
2026-01-26 15:07:09,477 [INFO] utils.ibkr: Trying IBKR: port=4001, clientId=8
2026-01-26 15:07:10,216 [INFO] utils.ibkr: Connected to IBKR on port 4001 (clientId=8), ib id=2425088531424
2026-01-26 15:07:10,762 [INFO] utils.quote_manager: [get_quote] Request the right market data: session=closed
2026-01-26 15:07:10,764 [INFO] utils.quote_manager: [subscribe] built contract=Option(symbol='CRWD', lastTradeDateOrContractMonth='20260220', strike=435.0, right='P', multiplier='100', exchange='SMART', currency='USD') for ('CRWD', '20260220', 435.0, 'P', 0)
2026-01-26 15:07:12,163 [INFO] utils.quote_manager: [subscribe-get_quote] CRWD | Price Found: True (9.971921468987242) | Greeks Source: modelGreeks | IV: 0.36594781113938996
2026-01-26 15:07:12,165 [INFO] utils.quote_manager: [subscribe-get_quote] Full data ready for CRWD
2026-01-26 15:07:12,170 [DEBUG] utils.trades: get_quote() took 2.71 seconds
2026-01-26 15:07:12,180 [DEBUG] utils.trades: Received option quote for CRWD 20260220 435.0P: 9.971921468987242
2026-01-26 15:07:12,182 [DEBUG] utils.trades: Fetching live stock quote (in options) for CRWD
2026-01-26 15:07:12,182 [INFO] utils.quote_manager: [get_quote] START symbol=CRWD, expiry=None, strike=None, right=None
2026-01-26 15:07:12,400 [INFO] utils.quote_manager: [get_quote] Request the right market data: session=closed
2026-01-26 15:07:12,406 [INFO] utils.quote_manager: [subscribe] built contract=Stock(symbol='CRWD', exchange='SMART', currency='USD') for ('CRWD', None, None, None, 0)
2026-01-26 15:07:12,485 [INFO] utils.quote_manager: [subscribe-get_quote] CRWD | Price Found: True (452.5) | Greeks Source: None | IV: N/A
2026-01-26 15:07:12,486 [INFO] utils.quote_manager: [subscribe-get_quote] Full data ready for CRWD
2026-01-26 15:07:12,486 [DEBUG] utils.trades: get_quote() took 0.30 seconds
2026-01-26 15:07:12,488 [DEBUG] utils.trades: Received stock quote (in options) for CRWD: 452.5
2026-01-26 15:07:12,489 [INFO] utils.trades: Fetching live option quote for CRWD 20260206 470.0P
2026-01-26 15:07:12,490 [INFO] utils.quote_manager: [get_quote] START symbol=CRWD, expiry=20260206, strike=470.0, right=P
2026-01-26 15:07:12,652 [INFO] utils.quote_manager: [get_quote] Request the right market data: session=closed
2026-01-26 15:07:12,654 [INFO] utils.quote_manager: [subscribe] built contract=Option(symbol='CRWD', lastTradeDateOrContractMonth='20260206', strike=470.0, right='P', multiplier='100', exchange='SMART', currency='USD') for ('CRWD', '20260206', 470.0, 'P', 0)
2026-01-26 15:07:17,716 [WARNING] utils.quote_manager: [subscribe_get_quote] TIMEOUT for CRWD after 5.04s: last=nan, bid=-1.0, ask=-1.0, mg=None
2026-01-26 15:07:17,718 [DEBUG] utils.trades: get_quote() took 5.23 seconds
2026-01-26 15:07:17,719 [DEBUG] utils.trades: Received option quote for CRWD 20260206 470.0P: 22.77
2026-01-26 15:07:17,720 [DEBUG] utils.trades: Fetching live stock quote (in options) for CRWD
2026-01-26 15:07:17,720 [INFO] utils.quote_manager: [get_quote] START symbol=CRWD, expiry=None, strike=None, right=None
2026-01-26 15:07:17,910 [INFO] utils.quote_manager: [get_quote] Request the right market data: session=closed
2026-01-26 15:07:17,910 [INFO] utils.quote_manager: [subscribe-get_quote] CRWD | Price Found: True (452.5) | Greeks Source: None | IV: N/A
2026-01-26 15:07:17,911 [INFO] utils.quote_manager: [subscribe-get_quote] Full data ready for CRWD
2026-01-26 15:07:17,912 [DEBUG] utils.trades: get_quote() took 0.19 seconds
2026-01-26 15:07:17,912 [DEBUG] utils.trades: Received stock quote (in options) for CRWD: 452.5
2026-01-26 15:07:17,912 [DEBUG] utils.trades: Fetching live stock quote for INTC
2026-01-26 15:07:17,913 [INFO] utils.quote_manager: [get_quote] START symbol=INTC, expiry=None, strike=None, right=None
2026-01-26 15:07:18,046 [INFO] utils.quote_manager: [get_quote] Request the right market data: session=closed
2026-01-26 15:07:18,046 [INFO] utils.quote_manager: [subscribe] built contract=Stock(symbol='INTC', exchange='SMART', currency='USD') for ('INTC', None, None, None, 0)
2026-01-26 15:07:18,599 [INFO] utils.quote_manager: [subscribe-get_quote] INTC | Price Found: True (44.15) | Greeks Source: None | IV: N/A
2026-01-26 15:07:18,605 [INFO] utils.quote_manager: [subscribe-get_quote] Full data ready for INTC
2026-01-26 15:07:18,605 [DEBUG] utils.trades: get_quote() took 0.69 seconds
2026-01-26 15:07:18,606 [DEBUG] utils.trades: Received stock quote for INTC: 44.15
2026-01-26 15:07:18,607 [INFO] utils.trades: Fetching live option quote for TSLA 20260130 495.0C
2026-01-26 15:07:18,608 [INFO] utils.quote_manager: [get_quote] START symbol=TSLA, expiry=20260130, strike=495.0, right=C
2026-01-26 15:07:18,830 [INFO] utils.quote_manager: [get_quote] Request the right market data: session=closed
2026-01-26 15:07:18,831 [INFO] utils.quote_manager: [subscribe] built contract=Option(symbol='TSLA', lastTradeDateOrContractMonth='20260130', strike=495.0, right='C', multiplier='100', exchange='SMART', currency='USD') for ('TSLA', '20260130', 495.0, 'C', 0)
2026-01-26 15:07:20,250 [INFO] utils.quote_manager: [subscribe-get_quote] TSLA | Price Found: True (1.826318490864032) | Greeks Source: modelGreeks | IV: 0.5577525638506
2026-01-26 15:07:20,251 [INFO] utils.quote_manager: [subscribe-get_quote] Full data ready for TSLA
2026-01-26 15:07:20,252 [DEBUG] utils.trades: get_quote() took 1.64 seconds
2026-01-26 15:07:20,253 [DEBUG] utils.trades: Received option quote for TSLA 20260130 495.0C: 1.826318490864032
2026-01-26 15:07:20,253 [DEBUG] utils.trades: Fetching live stock quote (in options) for TSLA
2026-01-26 15:07:20,254 [INFO] utils.quote_manager: [get_quote] START symbol=TSLA, expiry=None, strike=None, right=None
2026-01-26 15:07:20,491 [INFO] utils.quote_manager: [get_quote] Request the right market data: session=closed
2026-01-26 15:07:20,492 [INFO] utils.quote_manager: [subscribe] built contract=Stock(symbol='TSLA', exchange='SMART', currency='USD') for ('TSLA', None, None, None, 0)
2026-01-26 15:07:20,568 [INFO] utils.quote_manager: [subscribe-get_quote] TSLA | Price Found: True (444.52) | Greeks Source: None | IV: N/A
2026-01-26 15:07:20,569 [INFO] utils.quote_manager: [subscribe-get_quote] Full data ready for TSLA
2026-01-26 15:07:20,570 [DEBUG] utils.trades: get_quote() took 0.32 seconds
2026-01-26 15:07:20,571 [DEBUG] utils.trades: Received stock quote (in options) for TSLA: 444.52
2026-01-26 15:07:20,571 [INFO] utils.trades: Fetching live option quote for SNDK 20260213 320.0P
2026-01-26 15:07:20,571 [INFO] utils.quote_manager: [get_quote] START symbol=SNDK, expiry=20260213, strike=320.0, right=P
2026-01-26 15:07:20,831 [INFO] utils.quote_manager: [get_quote] Request the right market data: session=closed
2026-01-26 15:07:20,833 [INFO] utils.quote_manager: [subscribe] built contract=Option(symbol='SNDK', lastTradeDateOrContractMonth='20260213', strike=320.0, right='P', multiplier='100', exchange='SMART', currency='USD') for ('SNDK', '20260213', 320.0, 'P', 0)
2026-01-26 15:07:22,230 [INFO] utils.quote_manager: [subscribe-get_quote] SNDK | Price Found: True (4.088220536536835) | Greeks Source: modelGreeks | IV: 1.1854821174707495
2026-01-26 15:07:22,231 [INFO] utils.quote_manager: [subscribe-get_quote] Full data ready for SNDK
2026-01-26 15:07:22,231 [DEBUG] utils.trades: get_quote() took 1.66 seconds
2026-01-26 15:07:22,231 [DEBUG] utils.trades: Received option quote for SNDK 20260213 320.0P: 4.088220536536835
2026-01-26 15:07:22,232 [DEBUG] utils.trades: Fetching live stock quote (in options) for SNDK
2026-01-26 15:07:22,232 [INFO] utils.quote_manager: [get_quote] START symbol=SNDK, expiry=None, strike=None, right=None
2026-01-26 15:07:22,418 [INFO] utils.quote_manager: [get_quote] Request the right market data: session=closed
2026-01-26 15:07:22,420 [INFO] utils.quote_manager: [subscribe] built contract=Stock(symbol='SNDK', exchange='SMART', currency='USD') for ('SNDK', None, None, None, 0)
2026-01-26 15:07:22,502 [INFO] utils.quote_manager: [subscribe-get_quote] SNDK | Price Found: True (466.0) | Greeks Source: None | IV: N/A
2026-01-26 15:07:22,503 [INFO] utils.quote_manager: [subscribe-get_quote] Full data ready for SNDK
2026-01-26 15:07:22,503 [DEBUG] utils.trades: get_quote() took 0.27 seconds
2026-01-26 15:07:22,503 [DEBUG] utils.trades: Received stock quote (in options) for SNDK: 466.0
2026-01-26 15:07:22,503 [INFO] utils.trades: Fetching live option quote for TSLA 20260130 465.0C
2026-01-26 15:07:22,504 [INFO] utils.quote_manager: [get_quote] START symbol=TSLA, expiry=20260130, strike=465.0, right=C
2026-01-26 15:07:22,711 [INFO] utils.quote_manager: [get_quote] Request the right market data: session=closed
2026-01-26 15:07:22,712 [INFO] utils.quote_manager: [subscribe] built contract=Option(symbol='TSLA', lastTradeDateOrContractMonth='20260130', strike=465.0, right='C', multiplier='100', exchange='SMART', currency='USD') for ('TSLA', '20260130', 465.0, 'C', 0)
2026-01-26 15:07:27,765 [WARNING] utils.quote_manager: [subscribe_get_quote] TIMEOUT for TSLA after 5.03s: last=nan, bid=-1.0, ask=-1.0, mg=None
2026-01-26 15:07:27,766 [DEBUG] utils.trades: get_quote() took 5.26 seconds
2026-01-26 15:07:27,766 [DEBUG] utils.trades: Received option quote for TSLA 20260130 465.0C: 7.7
2026-01-26 15:07:27,766 [DEBUG] utils.trades: Fetching live stock quote (in options) for TSLA
2026-01-26 15:07:27,766 [INFO] utils.quote_manager: [get_quote] START symbol=TSLA, expiry=None, strike=None, right=None
2026-01-26 15:07:27,951 [INFO] utils.quote_manager: [get_quote] Request the right market data: session=closed
2026-01-26 15:07:27,951 [INFO] utils.quote_manager: [subscribe-get_quote] TSLA | Price Found: True (444.52) | Greeks Source: None | IV: N/A
2026-01-26 15:07:27,951 [INFO] utils.quote_manager: [subscribe-get_quote] Full data ready for TSLA
2026-01-26 15:07:27,951 [DEBUG] utils.trades: get_quote() took 0.19 seconds
2026-01-26 15:07:27,951 [DEBUG] utils.trades: Received stock quote (in options) for TSLA: 444.52
2026-01-26 15:07:27,952 [INFO] utils.trades: Fetching live option quote for ANET 20260206 115.0P
2026-01-26 15:07:27,952 [INFO] utils.quote_manager: [get_quote] START symbol=ANET, expiry=20260206, strike=115.0, right=P
2026-01-26 15:07:28,064 [INFO] utils.quote_manager: [get_quote] Request the right market data: session=closed
2026-01-26 15:07:28,065 [INFO] utils.quote_manager: [subscribe] built contract=Option(symbol='ANET', lastTradeDateOrContractMonth='20260206', strike=115.0, right='P', multiplier='100', exchange='SMART', currency='USD') for ('ANET', '20260206', 115.0, 'P', 0)
2026-01-26 15:07:33,221 [WARNING] utils.quote_manager: [subscribe_get_quote] TIMEOUT for ANET after 5.04s: last=nan, bid=-1.0, ask=-1.0, mg=None
2026-01-26 15:07:33,223 [DEBUG] utils.trades: get_quote() took 5.27 seconds
2026-01-26 15:07:33,223 [DEBUG] utils.trades: Received option quote for ANET 20260206 115.0P: 0.37
2026-01-26 15:07:33,226 [DEBUG] utils.trades: Fetching live stock quote (in options) for ANET
2026-01-26 15:07:33,229 [INFO] utils.quote_manager: [get_quote] START symbol=ANET, expiry=None, strike=None, right=None
2026-01-26 15:07:33,340 [INFO] utils.quote_manager: [get_quote] Request the right market data: session=closed
2026-01-26 15:07:33,340 [INFO] utils.quote_manager: [subscribe] built contract=Stock(symbol='ANET', exchange='SMART', currency='USD') for ('ANET', None, None, None, 0)
2026-01-26 15:07:33,545 [INFO] utils.quote_manager: [subscribe-get_quote] ANET | Price Found: True (134.0) | Greeks Source: None | IV: N/A
2026-01-26 15:07:33,550 [INFO] utils.quote_manager: [subscribe-get_quote] Full data ready for ANET
2026-01-26 15:07:33,550 [DEBUG] utils.trades: get_quote() took 0.32 seconds
2026-01-26 15:07:33,550 [DEBUG] utils.trades: Received stock quote (in options) for ANET: 134.0
2026-01-26 15:07:33,551 [DEBUG] utils.trades: Fetching live stock quote for SNDK
2026-01-26 15:07:33,551 [INFO] utils.quote_manager: [get_quote] START symbol=SNDK, expiry=None, strike=None, right=None
2026-01-26 15:07:33,655 [INFO] utils.quote_manager: [get_quote] Request the right market data: session=closed
2026-01-26 15:07:33,655 [INFO] utils.quote_manager: [subscribe-get_quote] SNDK | Price Found: True (466.0) | Greeks Source: None | IV: N/A
2026-01-26 15:07:33,655 [INFO] utils.quote_manager: [subscribe-get_quote] Full data ready for SNDK
2026-01-26 15:07:33,673 [DEBUG] utils.trades: get_quote() took 0.12 seconds
2026-01-26 15:07:33,678 [DEBUG] utils.trades: Received stock quote for SNDK: 466.0
2026-01-26 15:07:33,684 [INFO] utils.trades: Fetching live option quote for TSM 20260206 300.0P
2026-01-26 15:07:33,690 [INFO] utils.quote_manager: [get_quote] START symbol=TSM, expiry=20260206, strike=300.0, right=P
2026-01-26 15:07:33,814 [INFO] utils.quote_manager: [get_quote] Request the right market data: session=closed
2026-01-26 15:07:33,815 [INFO] utils.quote_manager: [subscribe] built contract=Option(symbol='TSM', lastTradeDateOrContractMonth='20260206', strike=300.0, right='P', multiplier='100', exchange='SMART', currency='USD') for ('TSM', '20260206', 300.0, 'P', 0)
2026-01-26 15:07:35,090 [INFO] utils.quote_manager: [subscribe-get_quote] TSM | Price Found: True (0.8501488914791606) | Greeks Source: modelGreeks | IV: 0.3998051010475681
2026-01-26 15:07:35,095 [INFO] utils.quote_manager: [subscribe-get_quote] Full data ready for TSM
2026-01-26 15:07:35,096 [DEBUG] utils.trades: get_quote() took 1.41 seconds
2026-01-26 15:07:35,099 [DEBUG] utils.trades: Received option quote for TSM 20260206 300.0P: 0.8501488914791606
2026-01-26 15:07:35,124 [DEBUG] utils.trades: Fetching live stock quote (in options) for TSM
2026-01-26 15:07:35,125 [INFO] utils.quote_manager: [get_quote] START symbol=TSM, expiry=None, strike=None, right=None
2026-01-26 15:07:35,258 [INFO] utils.quote_manager: [get_quote] Request the right market data: session=closed
2026-01-26 15:07:35,258 [INFO] utils.quote_manager: [subscribe] built contract=Stock(symbol='TSM', exchange='SMART', currency='USD') for ('TSM', None, None, None, 0)
2026-01-26 15:07:35,558 [INFO] utils.quote_manager: [subscribe-get_quote] TSM | Price Found: True (332.76) | Greeks Source: None | IV: N/A
2026-01-26 15:07:35,559 [INFO] utils.quote_manager: [subscribe-get_quote] Full data ready for TSM
2026-01-26 15:07:35,559 [DEBUG] utils.trades: get_quote() took 0.43 seconds
2026-01-26 15:07:35,565 [DEBUG] utils.trades: Received stock quote (in options) for TSM: 332.76
2026-01-26 15:07:35,566 [INFO] utils.trades: Fetching live option quote for APLD 20260206 25.5P
2026-01-26 15:07:35,572 [INFO] utils.quote_manager: [get_quote] START symbol=APLD, expiry=20260206, strike=25.5, right=P
2026-01-26 15:07:35,699 [INFO] utils.quote_manager: [get_quote] Request the right market data: session=closed
2026-01-26 15:07:35,702 [INFO] utils.quote_manager: [subscribe] built contract=Option(symbol='APLD', lastTradeDateOrContractMonth='20260206', strike=25.5, right='P', multiplier='100', exchange='SMART', currency='USD') for ('APLD', '20260206', 25.5, 'P', 0)
2026-01-26 15:07:37,207 [INFO] utils.quote_manager: [subscribe-get_quote] APLD | Price Found: True (0.12714381787213436) | Greeks Source: modelGreeks | IV: 1.1715316637509519
2026-01-26 15:07:37,210 [INFO] utils.quote_manager: [subscribe-get_quote] Full data ready for APLD
2026-01-26 15:07:37,210 [DEBUG] utils.trades: get_quote() took 1.64 seconds
2026-01-26 15:07:37,210 [DEBUG] utils.trades: Received option quote for APLD 20260206 25.5P: 0.12714381787213436
2026-01-26 15:07:37,210 [DEBUG] utils.trades: Fetching live stock quote (in options) for APLD
2026-01-26 15:07:37,211 [INFO] utils.quote_manager: [get_quote] START symbol=APLD, expiry=None, strike=None, right=None
2026-01-26 15:07:37,338 [INFO] utils.quote_manager: [get_quote] Request the right market data: session=closed
2026-01-26 15:07:37,339 [INFO] utils.quote_manager: [subscribe] built contract=Stock(symbol='APLD', exchange='SMART', currency='USD') for ('APLD', None, None, None, 0)
2026-01-26 15:07:37,561 [INFO] utils.quote_manager: [subscribe-get_quote] APLD | Price Found: True (37.12) | Greeks Source: None | IV: N/A
2026-01-26 15:07:37,561 [INFO] utils.quote_manager: [subscribe-get_quote] Full data ready for APLD
2026-01-26 15:07:37,604 [DEBUG] utils.trades: get_quote() took 0.39 seconds
2026-01-26 15:07:37,605 [DEBUG] utils.trades: Received stock quote (in options) for APLD: 37.12
2026-01-26 15:07:37,606 [INFO] utils.trades: Fetching live option quote for AMD 20260130 255.0C
2026-01-26 15:07:37,606 [INFO] utils.quote_manager: [get_quote] START symbol=AMD, expiry=20260130, strike=255.0, right=C
2026-01-26 15:07:37,714 [INFO] utils.quote_manager: [get_quote] Request the right market data: session=closed
2026-01-26 15:07:37,715 [INFO] utils.quote_manager: [subscribe] built contract=Option(symbol='AMD', lastTradeDateOrContractMonth='20260130', strike=255.0, right='C', multiplier='100', exchange='SMART', currency='USD') for ('AMD', '20260130', 255.0, 'C', 0)
2026-01-26 15:07:39,118 [INFO] utils.quote_manager: [subscribe-get_quote] AMD | Price Found: True (10.498249898704527) | Greeks Source: modelGreeks | IV: 0.5508214533047111
2026-01-26 15:07:39,121 [INFO] utils.quote_manager: [subscribe-get_quote] Full data ready for AMD
2026-01-26 15:07:39,126 [DEBUG] utils.trades: get_quote() took 1.52 seconds
2026-01-26 15:07:39,131 [DEBUG] utils.trades: Received option quote for AMD 20260130 255.0C: 10.498249898704527
2026-01-26 15:07:39,132 [DEBUG] utils.trades: Fetching live stock quote (in options) for AMD
2026-01-26 15:07:39,135 [INFO] utils.quote_manager: [get_quote] START symbol=AMD, expiry=None, strike=None, right=None
2026-01-26 15:07:39,258 [INFO] utils.quote_manager: [get_quote] Request the right market data: session=closed
2026-01-26 15:07:39,259 [INFO] utils.quote_manager: [subscribe] built contract=Stock(symbol='AMD', exchange='SMART', currency='USD') for ('AMD', None, None, None, 0)
2026-01-26 15:07:39,557 [INFO] utils.quote_manager: [subscribe-get_quote] AMD | Price Found: True (258.38) | Greeks Source: None | IV: N/A
2026-01-26 15:07:39,560 [INFO] utils.quote_manager: [subscribe-get_quote] Full data ready for AMD
2026-01-26 15:07:39,560 [DEBUG] utils.trades: get_quote() took 0.43 seconds
2026-01-26 15:07:39,560 [DEBUG] utils.trades: Received stock quote (in options) for AMD: 258.38
2026-01-26 15:07:39,567 [INFO] utils.trades: Fetching live option quote for IREN 20260130 36.0P
2026-01-26 15:07:39,571 [INFO] utils.quote_manager: [get_quote] START symbol=IREN, expiry=20260130, strike=36.0, right=P
2026-01-26 15:07:39,692 [INFO] utils.quote_manager: [get_quote] Request the right market data: session=closed
2026-01-26 15:07:39,692 [INFO] utils.quote_manager: [subscribe] built contract=Option(symbol='IREN', lastTradeDateOrContractMonth='20260130', strike=36.0, right='P', multiplier='100', exchange='SMART', currency='USD') for ('IREN', '20260130', 36.0, 'P', 0)
2026-01-26 15:07:41,208 [INFO] utils.quote_manager: [subscribe-get_quote] IREN | Price Found: True (0.17210942408160937) | Greeks Source: modelGreeks | IV: 1.8480884558990454
2026-01-26 15:07:41,213 [INFO] utils.quote_manager: [subscribe-get_quote] Full data ready for IREN
2026-01-26 15:07:41,223 [DEBUG] utils.trades: get_quote() took 1.66 seconds
2026-01-26 15:07:41,223 [DEBUG] utils.trades: Received option quote for IREN 20260130 36.0P: 0.17210942408160937
2026-01-26 15:07:41,225 [DEBUG] utils.trades: Fetching live stock quote (in options) for IREN
2026-01-26 15:07:41,234 [INFO] utils.quote_manager: [get_quote] START symbol=IREN, expiry=None, strike=None, right=None
2026-01-26 15:07:41,341 [INFO] utils.quote_manager: [get_quote] Request the right market data: session=closed
2026-01-26 15:07:41,342 [INFO] utils.quote_manager: [subscribe] built contract=Stock(symbol='IREN', exchange='SMART', currency='USD') for ('IREN', None, None, None, 0)
2026-01-26 15:07:41,564 [INFO] utils.quote_manager: [subscribe-get_quote] IREN | Price Found: True (55.31) | Greeks Source: None | IV: N/A
2026-01-26 15:07:41,569 [INFO] utils.quote_manager: [subscribe-get_quote] Full data ready for IREN
2026-01-26 15:07:41,570 [DEBUG] utils.trades: get_quote() took 0.35 seconds
2026-01-26 15:07:41,570 [DEBUG] utils.trades: Received stock quote (in options) for IREN: 55.31
2026-01-26 15:07:41,571 [DEBUG] utils.trades: Fetching live stock quote for TSLA
2026-01-26 15:07:41,572 [INFO] utils.quote_manager: [get_quote] START symbol=TSLA, expiry=None, strike=None, right=None
2026-01-26 15:07:41,683 [INFO] utils.quote_manager: [get_quote] Request the right market data: session=closed
2026-01-26 15:07:41,684 [INFO] utils.quote_manager: [subscribe-get_quote] TSLA | Price Found: True (444.52) | Greeks Source: None | IV: N/A
2026-01-26 15:07:41,698 [INFO] utils.quote_manager: [subscribe-get_quote] Full data ready for TSLA
2026-01-26 15:07:41,714 [DEBUG] utils.trades: get_quote() took 0.14 seconds
2026-01-26 15:07:41,723 [DEBUG] utils.trades: Received stock quote for TSLA: 444.52
2026-01-26 15:07:41,760 [INFO] utils.trades: Fetching live option quote for CLS 20260130 275.0P
2026-01-26 15:07:41,761 [INFO] utils.quote_manager: [get_quote] START symbol=CLS, expiry=20260130, strike=275.0, right=P
2026-01-26 15:07:41,886 [INFO] utils.quote_manager: [get_quote] Request the right market data: session=closed
2026-01-26 15:07:41,887 [INFO] utils.quote_manager: [subscribe] built contract=Option(symbol='CLS', lastTradeDateOrContractMonth='20260130', strike=275.0, right='P', multiplier='100', exchange='SMART', currency='USD') for ('CLS', '20260130', 275.0, 'P', 0)
2026-01-26 15:07:43,210 [INFO] utils.quote_manager: [subscribe-get_quote] CLS | Price Found: True (8.136193588593914) | Greeks Source: modelGreeks | IV: 1.206155518967917
2026-01-26 15:07:43,212 [INFO] utils.quote_manager: [subscribe-get_quote] Full data ready for CLS
2026-01-26 15:07:43,213 [DEBUG] utils.trades: get_quote() took 1.45 seconds
2026-01-26 15:07:43,215 [DEBUG] utils.trades: Received option quote for CLS 20260130 275.0P: 8.136193588593914
2026-01-26 15:07:43,216 [DEBUG] utils.trades: Fetching live stock quote (in options) for CLS
2026-01-26 15:07:43,217 [INFO] utils.quote_manager: [get_quote] START symbol=CLS, expiry=None, strike=None, right=None
2026-01-26 15:07:43,325 [INFO] utils.quote_manager: [get_quote] Request the right market data: session=closed
2026-01-26 15:07:43,333 [INFO] utils.quote_manager: [subscribe] built contract=Stock(symbol='CLS', exchange='SMART', currency='USD') for ('CLS', None, None, None, 0)
2026-01-26 15:07:43,632 [INFO] utils.quote_manager: [subscribe-get_quote] CLS | Price Found: True (297.0) | Greeks Source: None | IV: N/A
2026-01-26 15:07:43,635 [INFO] utils.quote_manager: [subscribe-get_quote] Full data ready for CLS
2026-01-26 15:07:43,637 [DEBUG] utils.trades: get_quote() took 0.42 seconds
2026-01-26 15:07:43,639 [DEBUG] utils.trades: Received stock quote (in options) for CLS: 297.0
2026-01-26 15:07:43,641 [INFO] utils.trades: Fetching live option quote for ONDS 20260130 7.5P
2026-01-26 15:07:43,642 [INFO] utils.quote_manager: [get_quote] START symbol=ONDS, expiry=20260130, strike=7.5, right=P
2026-01-26 15:07:43,777 [INFO] utils.quote_manager: [get_quote] Request the right market data: session=closed
2026-01-26 15:07:43,778 [INFO] utils.quote_manager: [subscribe] built contract=Option(symbol='ONDS', lastTradeDateOrContractMonth='20260130', strike=7.5, right='P', multiplier='100', exchange='SMART', currency='USD') for ('ONDS', '20260130', 7.5, 'P', 0)
2026-01-26 15:07:45,047 [INFO] utils.quote_manager: [subscribe-get_quote] ONDS | Price Found: True (0.010309048399622649) | Greeks Source: modelGreeks | IV: 1.5966922910214663
2026-01-26 15:07:45,050 [INFO] utils.quote_manager: [subscribe-get_quote] Full data ready for ONDS
2026-01-26 15:07:45,052 [DEBUG] utils.trades: get_quote() took 1.41 seconds
2026-01-26 15:07:45,052 [DEBUG] utils.trades: Received option quote for ONDS 20260130 7.5P: 0.010309048399622649
2026-01-26 15:07:45,053 [DEBUG] utils.trades: Fetching live stock quote (in options) for ONDS
2026-01-26 15:07:45,054 [INFO] utils.quote_manager: [get_quote] START symbol=ONDS, expiry=None, strike=None, right=None
2026-01-26 15:07:45,165 [INFO] utils.quote_manager: [get_quote] Request the right market data: session=closed
2026-01-26 15:07:45,165 [INFO] utils.quote_manager: [subscribe] built contract=Stock(symbol='ONDS', exchange='SMART', currency='USD') for ('ONDS', None, None, None, 0)
2026-01-26 15:07:45,569 [INFO] utils.quote_manager: [subscribe-get_quote] ONDS | Price Found: True (11.98) | Greeks Source: None | IV: N/A
2026-01-26 15:07:45,570 [INFO] utils.quote_manager: [subscribe-get_quote] Full data ready for ONDS
2026-01-26 15:07:45,572 [DEBUG] utils.trades: get_quote() took 0.52 seconds
2026-01-26 15:07:45,572 [DEBUG] utils.trades: Received stock quote (in options) for ONDS: 11.98
2026-01-26 15:07:45,572 [INFO] utils.trades: Fetching live option quote for HOOD 20260130 115.0P
2026-01-26 15:07:45,573 [INFO] utils.quote_manager: [get_quote] START symbol=HOOD, expiry=20260130, strike=115.0, right=P
2026-01-26 15:07:45,679 [INFO] utils.quote_manager: [get_quote] Request the right market data: session=closed
2026-01-26 15:07:45,680 [INFO] utils.quote_manager: [subscribe] built contract=Option(symbol='HOOD', lastTradeDateOrContractMonth='20260130', strike=115.0, right='P', multiplier='100', exchange='SMART', currency='USD') for ('HOOD', '20260130', 115.0, 'P', 0)
2026-01-26 15:07:47,226 [INFO] utils.quote_manager: [subscribe-get_quote] HOOD | Price Found: True (8.548162504489396) | Greeks Source: modelGreeks | IV: 0.48923327526361143
2026-01-26 15:07:47,227 [INFO] utils.quote_manager: [subscribe-get_quote] Full data ready for HOOD
2026-01-26 15:07:47,227 [DEBUG] utils.trades: get_quote() took 1.66 seconds
2026-01-26 15:07:47,230 [DEBUG] utils.trades: Received option quote for HOOD 20260130 115.0P: 8.548162504489396
2026-01-26 15:07:47,230 [DEBUG] utils.trades: Fetching live stock quote (in options) for HOOD
2026-01-26 15:07:47,231 [INFO] utils.quote_manager: [get_quote] START symbol=HOOD, expiry=None, strike=None, right=None
2026-01-26 15:07:47,347 [INFO] utils.quote_manager: [get_quote] Request the right market data: session=closed
2026-01-26 15:07:47,348 [INFO] utils.quote_manager: [subscribe] built contract=Stock(symbol='HOOD', exchange='SMART', currency='USD') for ('HOOD', None, None, None, 0)
2026-01-26 15:07:47,561 [INFO] utils.quote_manager: [subscribe-get_quote] HOOD | Price Found: True (105.51) | Greeks Source: None | IV: N/A
2026-01-26 15:07:47,562 [INFO] utils.quote_manager: [subscribe-get_quote] Full data ready for HOOD
2026-01-26 15:07:47,569 [DEBUG] utils.trades: get_quote() took 0.34 seconds
2026-01-26 15:07:47,569 [DEBUG] utils.trades: Received stock quote (in options) for HOOD: 105.51
2026-01-26 15:07:47,581 [INFO] utils.trades: Fetching live option quote for VIX 20260818 13.5C
2026-01-26 15:07:47,596 [INFO] utils.quote_manager: [get_quote] START symbol=VIX, expiry=20260818, strike=13.5, right=C
2026-01-26 15:07:47,724 [INFO] utils.quote_manager: [get_quote] Request the right market data: session=closed
2026-01-26 15:07:47,741 [INFO] utils.quote_manager: [subscribe] built contract=Option(symbol='VIX', lastTradeDateOrContractMonth='20260818', strike=13.5, right='C', multiplier='100', exchange='SMART', currency='USD') for ('VIX', '20260818', 13.5, 'C', 0)
2026-01-26 15:07:48,243 [INFO] utils.quote_manager: [subscribe-get_quote] VIX | Price Found: True (7.627137883554347) | Greeks Source: modelGreeks | IV: 0.37229605539331073
2026-01-26 15:07:48,251 [INFO] utils.quote_manager: [subscribe-get_quote] Full data ready for VIX
2026-01-26 15:07:48,251 [DEBUG] utils.trades: get_quote() took 0.67 seconds
2026-01-26 15:07:48,251 [DEBUG] utils.trades: Received option quote for VIX 20260818 13.5C: 7.627137883554347
2026-01-26 15:07:48,252 [DEBUG] utils.trades: Fetching live stock quote (in options) for VIX
2026-01-26 15:07:48,252 [INFO] utils.quote_manager: [get_quote] START symbol=VIX, expiry=None, strike=None, right=None
2026-01-26 15:07:48,358 [INFO] utils.quote_manager: [get_quote] Request the right market data: session=closed
2026-01-26 15:07:48,359 [INFO] utils.quote_manager: [subscribe] built contract=Stock(symbol='VIX', exchange='SMART', currency='USD') for ('VIX', None, None, None, 0)
2026-01-26 15:07:48,536 [ERROR] utils.quote_manager: [subscribe] All exchanges failed for ('VIX', None, None, None, 0)
2026-01-26 15:07:48,538 [ERROR] utils.quote_manager: [get_quote] ticker is None for ('VIX', None, None, None, 0)
2026-01-26 15:07:48,539 [DEBUG] utils.trades: get_quote() took 0.29 seconds
2026-01-26 15:07:48,540 [DEBUG] utils.trades: Received stock quote (in options) for VIX: None
2026-01-26 15:07:48,541 [DEBUG] utils.trades: Fetching live stock quote for TSLA
2026-01-26 15:07:48,542 [INFO] utils.quote_manager: [get_quote] START symbol=TSLA, expiry=None, strike=None, right=None
2026-01-26 15:07:48,653 [INFO] utils.quote_manager: [get_quote] Request the right market data: session=closed
2026-01-26 15:07:48,654 [INFO] utils.quote_manager: [subscribe-get_quote] TSLA | Price Found: True (444.49) | Greeks Source: None | IV: N/A
2026-01-26 15:07:48,654 [INFO] utils.quote_manager: [subscribe-get_quote] Full data ready for TSLA
2026-01-26 15:07:48,659 [DEBUG] utils.trades: get_quote() took 0.12 seconds
2026-01-26 15:07:48,659 [DEBUG] utils.trades: Received stock quote for TSLA: 444.49
2026-01-26 15:07:48,667 [DEBUG] utils.trades: Fetching live stock quote for AAPL
2026-01-26 15:07:48,676 [INFO] utils.quote_manager: [get_quote] START symbol=AAPL, expiry=None, strike=None, right=None
2026-01-26 15:07:48,794 [INFO] utils.quote_manager: [get_quote] Request the right market data: session=closed
2026-01-26 15:07:48,799 [INFO] utils.quote_manager: [subscribe] built contract=Stock(symbol='AAPL', exchange='SMART', currency='USD') for ('AAPL', None, None, None, 0)
2026-01-26 15:07:49,670 [INFO] utils.quote_manager: [subscribe-get_quote] AAPL | Price Found: True (248.29) | Greeks Source: None | IV: N/A
2026-01-26 15:07:49,673 [INFO] utils.quote_manager: [subscribe-get_quote] Full data ready for AAPL
2026-01-26 15:07:49,676 [DEBUG] utils.trades: get_quote() took 1.01 seconds
2026-01-26 15:07:49,698 [DEBUG] utils.trades: Received stock quote for AAPL: 248.29
2026-01-26 15:07:49,700 [DEBUG] utils.trades: Fetching live stock quote for AMD
2026-01-26 15:07:49,702 [INFO] utils.quote_manager: [get_quote] START symbol=AMD, expiry=None, strike=None, right=None
2026-01-26 15:07:49,829 [INFO] utils.quote_manager: [get_quote] Request the right market data: session=closed
2026-01-26 15:07:49,847 [INFO] utils.quote_manager: [subscribe-get_quote] AMD | Price Found: True (258.38) | Greeks Source: None | IV: N/A
2026-01-26 15:07:49,850 [INFO] utils.quote_manager: [subscribe-get_quote] Full data ready for AMD
2026-01-26 15:07:49,850 [DEBUG] utils.trades: get_quote() took 0.15 seconds
2026-01-26 15:07:49,850 [DEBUG] utils.trades: Received stock quote for AMD: 258.38
2026-01-26 15:07:49,851 [DEBUG] utils.trades: Fetching live stock quote for CRCL
2026-01-26 15:07:49,851 [INFO] utils.quote_manager: [get_quote] START symbol=CRCL, expiry=None, strike=None, right=None
2026-01-26 15:07:49,972 [INFO] utils.quote_manager: [get_quote] Request the right market data: session=closed
2026-01-26 15:07:49,972 [INFO] utils.quote_manager: [subscribe] built contract=Stock(symbol='CRCL', exchange='SMART', currency='USD') for ('CRCL', None, None, None, 0)
2026-01-26 15:07:50,752 [INFO] utils.quote_manager: [subscribe-get_quote] CRCL | Price Found: True (70.03) | Greeks Source: None | IV: N/A
2026-01-26 15:07:50,756 [INFO] utils.quote_manager: [subscribe-get_quote] Full data ready for CRCL
2026-01-26 15:07:50,756 [DEBUG] utils.trades: get_quote() took 0.91 seconds
2026-01-26 15:07:50,760 [DEBUG] utils.trades: Received stock quote for CRCL: 70.03
2026-01-26 15:07:50,764 [INFO] utils.trades: Fetching live option quote for HOOD 20260320 120.0C
2026-01-26 15:07:50,764 [INFO] utils.quote_manager: [get_quote] START symbol=HOOD, expiry=20260320, strike=120.0, right=C
2026-01-26 15:07:50,885 [INFO] utils.quote_manager: [get_quote] Request the right market data: session=closed
2026-01-26 15:07:50,885 [INFO] utils.quote_manager: [subscribe] built contract=Option(symbol='HOOD', lastTradeDateOrContractMonth='20260320', strike=120.0, right='C', multiplier='100', exchange='SMART', currency='USD') for ('HOOD', '20260320', 120.0, 'C', 0)
2026-01-26 15:07:56,021 [WARNING] utils.quote_manager: [subscribe_get_quote] TIMEOUT for HOOD after 5.02s: last=nan, bid=-1.0, ask=-1.0, mg=None
2026-01-26 15:07:56,022 [DEBUG] utils.trades: get_quote() took 5.26 seconds
2026-01-26 15:07:56,024 [DEBUG] utils.trades: Received option quote for HOOD 20260320 120.0C: 5.3
2026-01-26 15:07:56,024 [DEBUG] utils.trades: Fetching live stock quote (in options) for HOOD
2026-01-26 15:07:56,024 [INFO] utils.quote_manager: [get_quote] START symbol=HOOD, expiry=None, strike=None, right=None
2026-01-26 15:07:56,177 [INFO] utils.quote_manager: [get_quote] Request the right market data: session=closed
2026-01-26 15:07:56,177 [INFO] utils.quote_manager: [subscribe-get_quote] HOOD | Price Found: True (105.51) | Greeks Source: None | IV: N/A
2026-01-26 15:07:56,182 [INFO] utils.quote_manager: [subscribe-get_quote] Full data ready for HOOD
2026-01-26 15:07:56,189 [DEBUG] utils.trades: get_quote() took 0.17 seconds
2026-01-26 15:07:56,197 [DEBUG] utils.trades: Received stock quote (in options) for HOOD: 105.51
2026-01-26 15:07:56,198 [DEBUG] utils.trades: Fetching live stock quote for MSAI
2026-01-26 15:07:56,198 [INFO] utils.quote_manager: [get_quote] START symbol=MSAI, expiry=None, strike=None, right=None
2026-01-26 15:07:56,309 [INFO] utils.quote_manager: [get_quote] Request the right market data: session=closed
2026-01-26 15:07:56,309 [INFO] utils.quote_manager: [subscribe] built contract=Stock(symbol='MSAI', exchange='SMART', currency='USD') for ('MSAI', None, None, None, 0)
2026-01-26 15:07:56,977 [INFO] utils.quote_manager: [subscribe-get_quote] MSAI | Price Found: True (0.3537) | Greeks Source: None | IV: N/A
2026-01-26 15:07:56,980 [INFO] utils.quote_manager: [subscribe-get_quote] Full data ready for MSAI
2026-01-26 15:07:56,985 [DEBUG] utils.trades: get_quote() took 0.79 seconds
2026-01-26 15:07:56,987 [DEBUG] utils.trades: Received stock quote for MSAI: 0.3537
2026-01-26 15:07:56,991 [DEBUG] utils.trades: Fetching live stock quote for NVDA
2026-01-26 15:07:56,992 [INFO] utils.quote_manager: [get_quote] START symbol=NVDA, expiry=None, strike=None, right=None
2026-01-26 15:07:57,121 [INFO] utils.quote_manager: [get_quote] Request the right market data: session=closed
2026-01-26 15:07:57,121 [INFO] utils.quote_manager: [subscribe] built contract=Stock(symbol='NVDA', exchange='SMART', currency='USD') for ('NVDA', None, None, None, 0)
2026-01-26 15:07:57,964 [INFO] utils.quote_manager: [subscribe-get_quote] NVDA | Price Found: True (186.28) | Greeks Source: None | IV: N/A
2026-01-26 15:07:57,965 [INFO] utils.quote_manager: [subscribe-get_quote] Full data ready for NVDA
2026-01-26 15:07:57,971 [DEBUG] utils.trades: get_quote() took 0.98 seconds
2026-01-26 15:07:57,978 [DEBUG] utils.trades: Received stock quote for NVDA: 186.28
2026-01-26 15:07:57,979 [DEBUG] utils.trades: Fetching live stock quote for SOFI
2026-01-26 15:07:57,980 [INFO] utils.quote_manager: [get_quote] START symbol=SOFI, expiry=None, strike=None, right=None
2026-01-26 15:07:58,099 [INFO] utils.quote_manager: [get_quote] Request the right market data: session=closed
2026-01-26 15:07:58,113 [INFO] utils.quote_manager: [subscribe] built contract=Stock(symbol='SOFI', exchange='SMART', currency='USD') for ('SOFI', None, None, None, 0)
2026-01-26 15:07:58,999 [INFO] utils.quote_manager: [subscribe-get_quote] SOFI | Price Found: True (25.68) | Greeks Source: None | IV: N/A
2026-01-26 15:07:59,000 [INFO] utils.quote_manager: [subscribe-get_quote] Full data ready for SOFI
2026-01-26 15:07:59,006 [DEBUG] utils.trades: get_quote() took 1.03 seconds
2026-01-26 15:07:59,007 [DEBUG] utils.trades: Received stock quote for SOFI: 25.68
2026-01-26 15:07:59,018 [DEBUG] utils.trades: Passing 5 groups to complex_groups_to_df...
2026-01-26 15:07:59,021 [INFO] utils.quote_manager: [get_quote] START symbol=FISV, expiry=20260116, strike=65.0, right=Put
2026-01-26 15:07:59,136 [INFO] utils.quote_manager: [get_quote] Request the right market data: session=closed
2026-01-26 15:07:59,139 [INFO] utils.quote_manager: [subscribe] built contract=Option(symbol='FISV', lastTradeDateOrContractMonth='20260116', strike=65.0, right='Put', multiplier='100', exchange='SMART', currency='USD') for ('FISV', '20260116', 65.0, 'Put', 0)
2026-01-26 15:07:59,832 [ERROR] utils.quote_manager: [subscribe] All exchanges failed for ('FISV', '20260116', 65.0, 'Put', 0)
2026-01-26 15:07:59,840 [ERROR] utils.quote_manager: [get_quote] ticker is None for ('FISV', '20260116', 65.0, 'Put', 0)
2026-01-26 15:07:59,840 [ERROR] utils.trades: Quote failed for leg 10: unsupported operand type(s) for *: 'NoneType' and 'int'
2026-01-26 15:07:59,840 [INFO] utils.quote_manager: [get_quote] START symbol=FISV, expiry=20260116, strike=70.0, right=Put
2026-01-26 15:07:59,971 [INFO] utils.quote_manager: [get_quote] Request the right market data: session=closed
2026-01-26 15:07:59,972 [INFO] utils.quote_manager: [subscribe] built contract=Option(symbol='FISV', lastTradeDateOrContractMonth='20260116', strike=70.0, right='Put', multiplier='100', exchange='SMART', currency='USD') for ('FISV', '20260116', 70.0, 'Put', 0)
2026-01-26 15:08:00,597 [ERROR] utils.quote_manager: [subscribe] All exchanges failed for ('FISV', '20260116', 70.0, 'Put', 0)
2026-01-26 15:08:00,597 [ERROR] utils.quote_manager: [get_quote] ticker is None for ('FISV', '20260116', 70.0, 'Put', 0)
2026-01-26 15:08:00,598 [ERROR] utils.trades: Quote failed for leg 9: unsupported operand type(s) for *: 'NoneType' and 'int'
2026-01-26 15:08:00,598 [INFO] utils.quote_manager: [get_quote] START symbol=MA, expiry=20260320, strike=560.0, right=Call
2026-01-26 15:08:00,732 [INFO] utils.quote_manager: [get_quote] Request the right market data: session=closed
2026-01-26 15:08:00,732 [INFO] utils.quote_manager: [subscribe] built contract=Option(symbol='MA', lastTradeDateOrContractMonth='20260320', strike=560.0, right='Call', multiplier='100', exchange='SMART', currency='USD') for ('MA', '20260320', 560.0, 'Call', 0)
2026-01-26 15:08:02,090 [INFO] utils.quote_manager: [subscribe-get_quote] MA | Price Found: True (7.723687468989272) | Greeks Source: modelGreeks | IV: 0.23327907018555047
2026-01-26 15:08:02,091 [INFO] utils.quote_manager: [subscribe-get_quote] Full data ready for MA
2026-01-26 15:08:02,091 [INFO] utils.quote_manager: [get_quote] START symbol=MA, expiry=20260130, strike=560.0, right=Call
2026-01-26 15:08:02,210 [INFO] utils.quote_manager: [get_quote] Request the right market data: session=closed
2026-01-26 15:08:02,211 [INFO] utils.quote_manager: [subscribe] built contract=Option(symbol='MA', lastTradeDateOrContractMonth='20260130', strike=560.0, right='Call', multiplier='100', exchange='SMART', currency='USD') for ('MA', '20260130', 560.0, 'Call', 0)
2026-01-26 15:08:07,390 [WARNING] utils.quote_manager: [subscribe_get_quote] TIMEOUT for MA after 5.05s: last=nan, bid=-1.0, ask=-1.0, mg=None
2026-01-26 15:08:07,392 [INFO] utils.quote_manager: [get_quote] START symbol=TSLA, expiry=20260220, strike=440.0, right=Call
2026-01-26 15:08:07,499 [INFO] utils.quote_manager: [get_quote] Request the right market data: session=closed
2026-01-26 15:08:07,500 [INFO] utils.quote_manager: [subscribe] built contract=Option(symbol='TSLA', lastTradeDateOrContractMonth='20260220', strike=440.0, right='Call', multiplier='100', exchange='SMART', currency='USD') for ('TSLA', '20260220', 440.0, 'Call', 0)
2026-01-26 15:08:12,771 [WARNING] utils.quote_manager: [subscribe_get_quote] TIMEOUT for TSLA after 5.04s: last=nan, bid=-1.0, ask=-1.0, mg=None
2026-01-26 15:08:12,772 [INFO] utils.quote_manager: [get_quote] START symbol=TSLA, expiry=20260220, strike=440.0, right=Call
2026-01-26 15:08:12,884 [INFO] utils.quote_manager: [get_quote] Request the right market data: session=closed
2026-01-26 15:08:17,927 [WARNING] utils.quote_manager: [subscribe_get_quote] TIMEOUT for TSLA after 5.04s: last=nan, bid=-1.0, ask=-1.0, mg=None
2026-01-26 15:08:17,927 [INFO] utils.quote_manager: [get_quote] START symbol=RKLB, expiry=20260213, strike=75.0, right=Put
2026-01-26 15:08:18,054 [INFO] utils.quote_manager: [get_quote] Request the right market data: session=closed
2026-01-26 15:08:18,054 [INFO] utils.quote_manager: [subscribe] built contract=Option(symbol='RKLB', lastTradeDateOrContractMonth='20260213', strike=75.0, right='Put', multiplier='100', exchange='SMART', currency='USD') for ('RKLB', '20260213', 75.0, 'Put', 0)
2026-01-26 15:08:19,242 [INFO] utils.quote_manager: [subscribe-get_quote] RKLB | Price Found: True (2.0820489119457752) | Greeks Source: modelGreeks | IV: 0.8952559084348135
2026-01-26 15:08:19,242 [INFO] utils.quote_manager: [subscribe-get_quote] Full data ready for RKLB
2026-01-26 15:08:19,243 [INFO] utils.quote_manager: [get_quote] START symbol=RKLB, expiry=20260213, strike=80.0, right=Put
2026-01-26 15:08:19,344 [INFO] utils.quote_manager: [get_quote] Request the right market data: session=closed
2026-01-26 15:08:19,344 [INFO] utils.quote_manager: [subscribe] built contract=Option(symbol='RKLB', lastTradeDateOrContractMonth='20260213', strike=80.0, right='Put', multiplier='100', exchange='SMART', currency='USD') for ('RKLB', '20260213', 80.0, 'Put', 0)
2026-01-26 15:08:24,590 [WARNING] utils.quote_manager: [subscribe_get_quote] TIMEOUT for RKLB after 5.03s: last=nan, bid=-1.0, ask=-1.0, mg=None
2026-01-26 15:08:24,592 [INFO] utils.quote_manager: [get_quote] START symbol=NVDA, expiry=20260320, strike=170.0, right=Call
2026-01-26 15:08:24,790 [INFO] utils.quote_manager: [get_quote] Request the right market data: session=closed
2026-01-26 15:08:24,791 [INFO] utils.quote_manager: [subscribe] built contract=Option(symbol='NVDA', lastTradeDateOrContractMonth='20260320', strike=170.0, right='Call', multiplier='100', exchange='SMART', currency='USD') for ('NVDA', '20260320', 170.0, 'Call', 0)
2026-01-26 15:08:26,127 [INFO] utils.quote_manager: [subscribe-get_quote] NVDA | Price Found: True (24.354095875426868) | Greeks Source: modelGreeks | IV: 0.4601320315188967
2026-01-26 15:08:26,128 [INFO] utils.quote_manager: [subscribe-get_quote] Full data ready for NVDA
2026-01-26 15:08:26,128 [INFO] utils.quote_manager: [get_quote] START symbol=NVDA, expiry=20260130, strike=190.0, right=Call
2026-01-26 15:08:26,251 [INFO] utils.quote_manager: [get_quote] Request the right market data: session=closed
2026-01-26 15:08:26,253 [INFO] utils.quote_manager: [subscribe] built contract=Option(symbol='NVDA', lastTradeDateOrContractMonth='20260130', strike=190.0, right='Call', multiplier='100', exchange='SMART', currency='USD') for ('NVDA', '20260130', 190.0, 'Call', 0)
2026-01-26 15:08:31,537 [WARNING] utils.quote_manager: [subscribe_get_quote] TIMEOUT for NVDA after 5.05s: last=nan, bid=-1.0, ask=-1.0, mg=None
2026-01-26 15:08:31,539 [DEBUG] utils.trades: DataFrame Row 0 Legs Count: 2
2026-01-26 15:08:31,547 [DEBUG] __main__: get_all_open_positions() took 82.23 seconds
2026-01-26 15:08:31,562 [DEBUG] __main__: Open Flat Trades styling INITIATED
2026-01-26 15:08:31,799 [DEBUG] __main__: Open Flat Trades styling took 0.24 seconds
2026-01-26 15:08:31,809 [INFO] utils.trades: --- SUMMARY ---
2026-01-26 15:08:31,809 [INFO] utils.trades: Initial Baseline: 626.38
2026-01-26 15:08:31,809 [INFO] utils.trades: Total Realized Cash: 626.38
2026-01-26 15:08:31,810 [INFO] utils.trades: Total Unrealized P&L: 0.00
2026-01-26 15:08:31,810 [INFO] utils.trades: Final True P&L: 626.38
2026-01-26 15:08:31,810 [INFO] utils.trades: --- DEBUG END ---

2026-01-26 15:08:31,818 [INFO] utils.trades: LEG ID: 28 | MA 20251024 560.0Call | Qty: -1
2026-01-26 15:08:31,818 [INFO] utils.trades:   > Realized: Entry $998.00 | Exit $-1,330.00 | Comms $1.40 | P&L $-332.00 | Status: Rolled
2026-01-26 15:08:31,818 [INFO] utils.trades:   > CURRENT MARKET VALUE TO LIQUIDATE: (Mark 7.723687468989272) * Qty 1 = 772.37
2026-01-26 15:08:31,819 [INFO] utils.trades: LEG ID: 29 | MA 20260320 560.0Call | Qty: 1
2026-01-26 15:08:31,819 [INFO] utils.trades:   > UNREALIZED: (Mark 7.723687468989272 - Entry 41.04) * Qty 1 = 772.37
2026-01-26 15:08:31,819 [INFO] utils.trades: LEG ID: 30 | MA 20251031 570.0Call | Qty: -1
2026-01-26 15:08:31,819 [INFO] utils.trades:   > Realized: Entry $1,333.00 | Exit $-1,551.00 | Comms $1.41 | P&L $-218.00 | Status: Rolled
2026-01-26 15:08:31,819 [INFO] utils.trades: LEG ID: 31 | MA 20251107 575.0Call | Qty: -1
2026-01-26 15:08:31,819 [INFO] utils.trades:   > Realized: Entry $1,446.00 | Exit $-19.00 | Comms $1.76 | P&L $1,427.00 | Status: Rolled
2026-01-26 15:08:31,819 [INFO] utils.trades: LEG ID: 32 | MA 20251114 560.0Call | Qty: -1
2026-01-26 15:08:31,819 [INFO] utils.trades:   > Realized: Entry $247.00 | Exit $-453.00 | Comms $2.10 | P&L $-206.00 | Status: Rolled
2026-01-26 15:08:31,820 [INFO] utils.trades: LEG ID: 33 | MA 20251121 565.0Call | Qty: -1
2026-01-26 15:08:31,820 [INFO] utils.trades:   > Realized: Entry $549.00 | Exit $-12.00 | Comms $2.10 | P&L $537.00 | Status: Rolled
2026-01-26 15:08:31,820 [INFO] utils.trades: LEG ID: 34 | MA 20251205 565.0Call | Qty: -1
2026-01-26 15:08:31,820 [INFO] utils.trades:   > Realized: Entry $217.00 | Exit $-15.00 | Comms $1.71 | P&L $202.00 | Status: Rolled
2026-01-26 15:08:31,820 [INFO] utils.trades: LEG ID: 35 | MA 20251212 562.5Call | Qty: -1
2026-01-26 15:08:31,820 [INFO] utils.trades:   > Realized: Entry $208.00 | Exit $-180.00 | Comms $1.68 | P&L $28.00 | Status: Rolled
2026-01-26 15:08:31,820 [INFO] utils.trades: LEG ID: 36 | MA 20251219 565.0Call | Qty: -1
2026-01-26 15:08:31,820 [INFO] utils.trades:   > Realized: Entry $420.00 | Exit $-1,010.00 | Comms $1.69 | P&L $-590.00 | Status: Rolled
2026-01-26 15:08:31,820 [INFO] utils.trades: LEG ID: 37 | MA 20251226 570.0Call | Qty: -1
2026-01-26 15:08:31,821 [INFO] utils.trades:   > Realized: Entry $859.00 | Exit $-996.00 | Comms $1.70 | P&L $-137.00 | Status: Rolled
2026-01-26 15:08:31,821 [INFO] utils.trades: LEG ID: 38 | MA 20260109 580.0Call | Qty: -1
2026-01-26 15:08:31,821 [INFO] utils.trades:   > Realized: Entry $700.00 | Exit $-411.00 | Comms $2.07 | P&L $289.00 | Status: Rolled
2026-01-26 15:08:31,821 [INFO] utils.trades: LEG ID: 39 | MA 20260116 587.5Call | Qty: -1
2026-01-26 15:08:31,821 [INFO] utils.trades:   > Realized: Entry $390.00 | Exit $-20.00 | Comms $2.10 | P&L $370.00 | Status: Rolled
2026-01-26 15:08:31,821 [INFO] utils.trades: LEG ID: 40 | MA 20260116 560.5Call | Qty: -1
2026-01-26 15:08:31,821 [INFO] utils.trades:   > Realized: Entry $135.00 | Exit $-9.00 | Comms $1.75 | P&L $126.00 | Status: Rolled
2026-01-26 15:08:31,822 [INFO] utils.trades: LEG ID: 41 | MA 20260123 560.0Call | Qty: -1
2026-01-26 15:08:31,822 [INFO] utils.trades:   > Realized: Entry $93.00 | Exit $-27.00 | Comms $1.75 | P&L $66.00 | Status: Rolled
2026-01-26 15:08:31,822 [INFO] utils.trades:   > CURRENT MARKET VALUE TO LIQUIDATE: (Mark 0.97) * Qty -1 = -97.00
2026-01-26 15:08:31,822 [INFO] utils.trades: LEG ID: 75 | MA 20260130 560.0Call | Qty: -1
2026-01-26 15:08:31,822 [INFO] utils.trades:   > UNREALIZED: (Mark 0.97 - Entry 1.44) * Qty -1 = -97.00
2026-01-26 15:08:31,822 [INFO] utils.trades: --- SUMMARY ---
2026-01-26 15:08:31,822 [INFO] utils.trades: Initial Baseline: -3,107.40
2026-01-26 15:08:31,822 [INFO] utils.trades: Total Realized Cash: -2,422.97
2026-01-26 15:08:31,822 [INFO] utils.trades: Total Unrealized P&L: 675.37
2026-01-26 15:08:31,823 [INFO] utils.trades: Final True P&L: -1,747.60
2026-01-26 15:08:31,823 [INFO] utils.trades: --- DEBUG END ---

2026-01-26 15:08:31,830 [INFO] utils.trades: LEG ID: 42 | TSLA 20251031 440.0Call | Qty: -1
2026-01-26 15:08:31,831 [INFO] utils.trades:   > Realized: Entry $1,210.00 | Exit $-2,532.00 | Comms $1.40 | P&L $-1,322.00 | Status: Rolled
2026-01-26 15:08:31,831 [INFO] utils.trades:   > CURRENT MARKET VALUE TO LIQUIDATE: (Mark 28.34) * Qty 1 = 2,834.00
2026-01-26 15:08:31,831 [INFO] utils.trades: LEG ID: 43 | TSLA 20260220 440.0Call | Qty: 1
2026-01-26 15:08:31,833 [INFO] utils.trades:   > UNREALIZED: (Mark 28.34 - Entry 56.74) * Qty 1 = 2,834.00
2026-01-26 15:08:31,833 [INFO] utils.trades: LEG ID: 44 | TSLA 20251107 450.0Call | Qty: -1
2026-01-26 15:08:31,833 [INFO] utils.trades:   > Realized: Entry $2,507.00 | Exit $-2,480.00 | Comms $1.41 | P&L $27.00 | Status: Rolled
2026-01-26 15:08:31,833 [INFO] utils.trades: LEG ID: 45 | TSLA 20251121 467.5Call | Qty: -1
2026-01-26 15:08:31,833 [INFO] utils.trades:   > Realized: Entry $2,525.00 | Exit $-12.00 | Comms $1.41 | P&L $2,513.00 | Status: Rolled
2026-01-26 15:08:31,833 [INFO] utils.trades: LEG ID: 46 | TSLA 20251128 440.0Call | Qty: -1
2026-01-26 15:08:31,833 [INFO] utils.trades:   > Realized: Entry $268.00 | Exit $-43.00 | Comms $1.40 | P&L $225.00 | Status: Rolled
2026-01-26 15:08:31,833 [INFO] utils.trades: LEG ID: 47 | TSLA 20251205 440.0Call | Qty: -1
2026-01-26 15:08:31,834 [INFO] utils.trades:   > Realized: Entry $388.00 | Exit $-618.00 | Comms $1.36 | P&L $-230.00 | Status: Rolled
2026-01-26 15:08:31,834 [INFO] utils.trades: LEG ID: 48 | TSLA 20251212 455.0Call | Qty: -1
2026-01-26 15:08:31,834 [INFO] utils.trades:   > Realized: Entry $663.00 | Exit $-128.00 | Comms $1.69 | P&L $535.00 | Status: Rolled
2026-01-26 15:08:31,834 [INFO] utils.trades: LEG ID: 49 | TSLA 20251219 455.0Call | Qty: -1
2026-01-26 15:08:31,834 [INFO] utils.trades:   > Realized: Entry $713.00 | Exit $-2,520.00 | Comms $1.69 | P&L $-1,807.00 | Status: Rolled
2026-01-26 15:08:31,834 [INFO] utils.trades: LEG ID: 50 | TSLA 20260102 470.0Call | Qty: -1
2026-01-26 15:08:31,834 [INFO] utils.trades:   > Realized: Entry $2,417.00 | Exit $-2.00 | Comms $1.73 | P&L $2,415.00 | Status: Rolled
2026-01-26 15:08:31,834 [INFO] utils.trades: LEG ID: 51 | TSLA 20260109 470.0Call | Qty: -1
2026-01-26 15:08:31,834 [INFO] utils.trades:   > Realized: Entry $238.00 | Exit $-22.00 | Comms $2.10 | P&L $216.00 | Status: Rolled
2026-01-26 15:08:31,835 [INFO] utils.trades: LEG ID: 52 | TSLA 20260116 470.0Call | Qty: -1
2026-01-26 15:08:31,835 [INFO] utils.trades:   > Realized: Entry $208.00 | Exit $-23.00 | Comms $2.60 | P&L $185.00 | Status: Rolled
2026-01-26 15:08:31,835 [INFO] utils.trades: LEG ID: 53 | TSLA 20260116 455.0Call | Qty: -1
2026-01-26 15:08:31,835 [INFO] utils.trades:   > Realized: Entry $109.00 | Exit $-32.00 | Comms $2.14 | P&L $77.00 | Status: Rolled
2026-01-26 15:08:31,835 [INFO] utils.trades: LEG ID: 54 | TSLA 20260123 462.5Call | Qty: -1
2026-01-26 15:08:31,835 [INFO] utils.trades:   > Realized: Entry $272.00 | Exit $-10.00 | Comms $1.40 | P&L $262.00 | Status: Rolled
2026-01-26 15:08:31,835 [INFO] utils.trades: LEG ID: 74 | TSLA 20260123 442.5Call | Qty: -1
2026-01-26 15:08:31,835 [INFO] utils.trades:   > Realized: Entry $220.00 | Exit $-550.00 | Comms $1.40 | P&L $-330.00 | Status: Rolled
2026-01-26 15:08:31,835 [INFO] utils.trades:   > CURRENT MARKET VALUE TO LIQUIDATE: (Mark 28.34) * Qty -1 = -2,834.00
2026-01-26 15:08:31,835 [INFO] utils.trades: LEG ID: 77 | TSLA 20260220 440.0Call | Qty: -1
2026-01-26 15:08:31,835 [INFO] utils.trades:   > UNREALIZED: (Mark 28.34 - Entry 27.25) * Qty -1 = -2,834.00
2026-01-26 15:08:31,836 [INFO] utils.trades: --- SUMMARY ---
2026-01-26 15:08:31,836 [INFO] utils.trades: Initial Baseline: -4,465.40
2026-01-26 15:08:31,836 [INFO] utils.trades: Total Realized Cash: -206.13
2026-01-26 15:08:31,836 [INFO] utils.trades: Total Unrealized P&L: 0.00
2026-01-26 15:08:31,836 [INFO] utils.trades: Final True P&L: -206.13
2026-01-26 15:08:31,836 [INFO] utils.trades: --- DEBUG END ---

2026-01-26 15:08:31,843 [INFO] utils.trades:   > CURRENT MARKET VALUE TO LIQUIDATE: (Mark 3.38) * Qty -4 = -1,352.00
2026-01-26 15:08:31,843 [INFO] utils.trades: LEG ID: 55 | RKLB 20260213 80.0Put | Qty: -4
2026-01-26 15:08:31,843 [INFO] utils.trades:   > UNREALIZED: (Mark 3.38 - Entry 4.93) * Qty -4 = -1,352.00
2026-01-26 15:08:31,843 [INFO] utils.trades:   > CURRENT MARKET VALUE TO LIQUIDATE: (Mark 2.0820489119457752) * Qty 4 = 832.82
2026-01-26 15:08:31,843 [INFO] utils.trades: LEG ID: 56 | RKLB 20260213 75.0Put | Qty: 4
2026-01-26 15:08:31,843 [INFO] utils.trades:   > UNREALIZED: (Mark 2.0820489119457752 - Entry 3.13) * Qty 4 = 832.82
2026-01-26 15:08:31,843 [INFO] utils.trades: --- SUMMARY ---
2026-01-26 15:08:31,844 [INFO] utils.trades: Initial Baseline: 717.50
2026-01-26 15:08:31,844 [INFO] utils.trades: Total Realized Cash: 717.50
2026-01-26 15:08:31,844 [INFO] utils.trades: Total Unrealized P&L: -519.18
2026-01-26 15:08:31,844 [INFO] utils.trades: Final True P&L: 198.32
2026-01-26 15:08:31,844 [INFO] utils.trades: --- DEBUG END ---

2026-01-26 15:08:31,848 [INFO] utils.trades: LEG ID: 57 | NVDA 20250919 170.0Call | Qty: -1
2026-01-26 15:08:31,849 [INFO] utils.trades:   > Realized: Entry $416.00 | Exit $-632.00 | Comms $2.04 | P&L $-216.00 | Status: Rolled
2026-01-26 15:08:31,850 [INFO] utils.trades:   > CURRENT MARKET VALUE TO LIQUIDATE: (Mark 24.354095875426868) * Qty 1 = 2,435.41
2026-01-26 15:08:31,850 [INFO] utils.trades: LEG ID: 58 | NVDA 20260320 170.0Call | Qty: 1
2026-01-26 15:08:31,850 [INFO] utils.trades:   > UNREALIZED: (Mark 24.354095875426868 - Entry 21.19) * Qty 1 = 2,435.41
2026-01-26 15:08:31,850 [INFO] utils.trades: LEG ID: 59 | NVDA 20251003 175.0Call | Qty: -1
2026-01-26 15:08:31,850 [INFO] utils.trades:   > Realized: Entry $542.00 | Exit $-774.00 | Comms $1.70 | P&L $-232.00 | Status: Rolled
2026-01-26 15:08:31,850 [INFO] utils.trades: LEG ID: 60 | NVDA 20251010 177.5Call | Qty: -1
2026-01-26 15:08:31,850 [INFO] utils.trades:   > Realized: Entry $737.00 | Exit $-1,072.00 | Comms $1.41 | P&L $-335.00 | Status: Rolled
2026-01-26 15:08:31,850 [INFO] utils.trades: LEG ID: 61 | NVDA 20251031 185.0Call | Qty: -1
2026-01-26 15:08:31,851 [INFO] utils.trades:   > Realized: Entry $937.00 | Exit $-1,417.00 | Comms $1.40 | P&L $-480.00 | Status: Rolled
2026-01-26 15:08:31,851 [INFO] utils.trades: LEG ID: 62 | NVDA 20251107 190.0Call | Qty: -1
2026-01-26 15:08:31,851 [INFO] utils.trades:   > Realized: Entry $1,182.00 | Exit $-2,078.00 | Comms $1.75 | P&L $-896.00 | Status: Rolled
2026-01-26 15:08:31,851 [INFO] utils.trades: LEG ID: 63 | NVDA 20251121 200.0Call | Qty: -1
2026-01-26 15:08:31,851 [INFO] utils.trades:   > Realized: Entry $1,676.00 | Exit $-2.00 | Comms $2.10 | P&L $1,674.00 | Status: Rolled
2026-01-26 15:08:31,851 [INFO] utils.trades: LEG ID: 64 | NVDA 20251128 190.0Call | Qty: -1
2026-01-26 15:08:31,851 [INFO] utils.trades:   > Realized: Entry $156.00 | Exit $-10.00 | Comms $2.04 | P&L $146.00 | Status: Rolled
2026-01-26 15:08:31,851 [INFO] utils.trades: LEG ID: 65 | NVDA 20251128 175.0Call | Qty: -1
2026-01-26 15:08:31,852 [INFO] utils.trades:   > Realized: Entry $203.00 | Exit $-660.00 | Comms $1.69 | P&L $-457.00 | Status: Rolled
2026-01-26 15:08:31,852 [INFO] utils.trades: LEG ID: 66 | NVDA 20251205 180.0Call | Qty: -1
2026-01-26 15:08:31,852 [INFO] utils.trades:   > Realized: Entry $550.00 | Exit $-614.00 | Comms $1.37 | P&L $-64.00 | Status: Rolled
2026-01-26 15:08:31,852 [INFO] utils.trades: LEG ID: 67 | NVDA 20251219 187.0Call | Qty: -1
2026-01-26 15:08:31,852 [INFO] utils.trades:   > Realized: Entry $559.00 | Exit $-7.00 | Comms $1.88 | P&L $552.00 | Status: Rolled
2026-01-26 15:08:31,853 [INFO] utils.trades: LEG ID: 68 | NVDA 20251226 185.0Call | Qty: -1
2026-01-26 15:08:31,853 [INFO] utils.trades:   > Realized: Entry $58.00 | Exit $-571.00 | Comms $1.89 | P&L $-513.00 | Status: Rolled
2026-01-26 15:08:31,853 [INFO] utils.trades: LEG ID: 69 | NVDA 20260102 190.0Call | Qty: -1
2026-01-26 15:08:31,853 [INFO] utils.trades:   > Realized: Entry $336.00 | Exit $-94.00 | Comms $1.73 | P&L $242.00 | Status: Rolled
2026-01-26 15:08:31,853 [INFO] utils.trades: LEG ID: 70 | NVDA 20260109 192.5Call | Qty: -1
2026-01-26 15:08:31,853 [INFO] utils.trades:   > Realized: Entry $240.00 | Exit $-110.00 | Comms $2.10 | P&L $130.00 | Status: Rolled
2026-01-26 15:08:31,854 [INFO] utils.trades: LEG ID: 71 | NVDA 20260116 195.0Call | Qty: -1
2026-01-26 15:08:31,854 [INFO] utils.trades:   > Realized: Entry $211.00 | Exit $-24.00 | Comms $1.75 | P&L $187.00 | Status: Rolled
2026-01-26 15:08:31,854 [INFO] utils.trades: LEG ID: 72 | NVDA 20260123 195.0Call | Qty: -1
2026-01-26 15:08:31,854 [INFO] utils.trades:   > Realized: Entry $86.00 | Exit $-4.00 | Comms $1.75 | P&L $82.00 | Status: Rolled
2026-01-26 15:08:31,854 [INFO] utils.trades: LEG ID: 73 | NVDA 20260123 185.0Call | Qty: -1
2026-01-26 15:08:31,854 [INFO] utils.trades:   > Realized: Entry $60.00 | Exit $-280.00 | Comms $2.10 | P&L $-220.00 | Status: Rolled
2026-01-26 15:08:31,854 [INFO] utils.trades:   > CURRENT MARKET VALUE TO LIQUIDATE: (Mark 2.79) * Qty -1 = -279.00
2026-01-26 15:08:31,854 [INFO] utils.trades: LEG ID: 76 | NVDA 20260130 190.0Call | Qty: -1
2026-01-26 15:08:31,855 [INFO] utils.trades:   > UNREALIZED: (Mark 2.79 - Entry 2.9) * Qty -1 = -279.00
2026-01-26 15:08:31,855 [INFO] utils.trades: --- SUMMARY ---
2026-01-26 15:08:31,855 [INFO] utils.trades: Initial Baseline: -1,705.10
2026-01-26 15:08:31,855 [INFO] utils.trades: Total Realized Cash: -2,259.80
2026-01-26 15:08:31,855 [INFO] utils.trades: Total Unrealized P&L: 2,156.41
2026-01-26 15:08:31,855 [INFO] utils.trades: Final True P&L: -103.39
2026-01-26 15:08:31,855 [INFO] utils.trades: --- DEBUG END ---

2026-01-26 15:10:27,913 [INFO] utils.trades: --- SUMMARY ---
2026-01-26 15:10:27,915 [INFO] utils.trades: Initial Baseline: 626.38
2026-01-26 15:10:27,917 [INFO] utils.trades: Total Realized Cash: 626.38
2026-01-26 15:10:27,918 [INFO] utils.trades: Total Unrealized P&L: 0.00
2026-01-26 15:10:27,919 [INFO] utils.trades: Final True P&L: 626.38
2026-01-26 15:10:27,921 [INFO] utils.trades: --- DEBUG END ---

2026-01-26 15:10:27,937 [INFO] utils.trades: LEG ID: 28 | MA 20251024 560.0Call | Qty: -1
2026-01-26 15:10:27,938 [INFO] utils.trades:   > Realized: Entry $998.00 | Exit $-1,330.00 | Comms $1.40 | P&L $-332.00 | Status: Rolled
2026-01-26 15:10:27,938 [INFO] utils.trades:   > CURRENT MARKET VALUE TO LIQUIDATE: (Mark 7.723687468989272) * Qty 1 = 772.37
2026-01-26 15:10:27,939 [INFO] utils.trades: LEG ID: 29 | MA 20260320 560.0Call | Qty: 1
2026-01-26 15:10:27,940 [INFO] utils.trades:   > UNREALIZED: (Mark 7.723687468989272 - Entry 41.04) * Qty 1 = 772.37
2026-01-26 15:10:27,940 [INFO] utils.trades: LEG ID: 30 | MA 20251031 570.0Call | Qty: -1
2026-01-26 15:10:27,941 [INFO] utils.trades:   > Realized: Entry $1,333.00 | Exit $-1,551.00 | Comms $1.41 | P&L $-218.00 | Status: Rolled
2026-01-26 15:10:27,941 [INFO] utils.trades: LEG ID: 31 | MA 20251107 575.0Call | Qty: -1
2026-01-26 15:10:27,942 [INFO] utils.trades:   > Realized: Entry $1,446.00 | Exit $-19.00 | Comms $1.76 | P&L $1,427.00 | Status: Rolled
2026-01-26 15:10:27,943 [INFO] utils.trades: LEG ID: 32 | MA 20251114 560.0Call | Qty: -1
2026-01-26 15:10:27,943 [INFO] utils.trades:   > Realized: Entry $247.00 | Exit $-453.00 | Comms $2.10 | P&L $-206.00 | Status: Rolled
2026-01-26 15:10:27,943 [INFO] utils.trades: LEG ID: 33 | MA 20251121 565.0Call | Qty: -1
2026-01-26 15:10:27,944 [INFO] utils.trades:   > Realized: Entry $549.00 | Exit $-12.00 | Comms $2.10 | P&L $537.00 | Status: Rolled
2026-01-26 15:10:27,944 [INFO] utils.trades: LEG ID: 34 | MA 20251205 565.0Call | Qty: -1
2026-01-26 15:10:27,944 [INFO] utils.trades:   > Realized: Entry $217.00 | Exit $-15.00 | Comms $1.71 | P&L $202.00 | Status: Rolled
2026-01-26 15:10:27,944 [INFO] utils.trades: LEG ID: 35 | MA 20251212 562.5Call | Qty: -1
2026-01-26 15:10:27,945 [INFO] utils.trades:   > Realized: Entry $208.00 | Exit $-180.00 | Comms $1.68 | P&L $28.00 | Status: Rolled
2026-01-26 15:10:27,945 [INFO] utils.trades: LEG ID: 36 | MA 20251219 565.0Call | Qty: -1
2026-01-26 15:10:27,945 [INFO] utils.trades:   > Realized: Entry $420.00 | Exit $-1,010.00 | Comms $1.69 | P&L $-590.00 | Status: Rolled
2026-01-26 15:10:27,945 [INFO] utils.trades: LEG ID: 37 | MA 20251226 570.0Call | Qty: -1
2026-01-26 15:10:27,946 [INFO] utils.trades:   > Realized: Entry $859.00 | Exit $-996.00 | Comms $1.70 | P&L $-137.00 | Status: Rolled
2026-01-26 15:10:27,946 [INFO] utils.trades: LEG ID: 38 | MA 20260109 580.0Call | Qty: -1
2026-01-26 15:10:27,946 [INFO] utils.trades:   > Realized: Entry $700.00 | Exit $-411.00 | Comms $2.07 | P&L $289.00 | Status: Rolled
2026-01-26 15:10:27,947 [INFO] utils.trades: LEG ID: 39 | MA 20260116 587.5Call | Qty: -1
2026-01-26 15:10:27,949 [INFO] utils.trades:   > Realized: Entry $390.00 | Exit $-20.00 | Comms $2.10 | P&L $370.00 | Status: Rolled
2026-01-26 15:10:27,950 [INFO] utils.trades: LEG ID: 40 | MA 20260116 560.5Call | Qty: -1
2026-01-26 15:10:27,950 [INFO] utils.trades:   > Realized: Entry $135.00 | Exit $-9.00 | Comms $1.75 | P&L $126.00 | Status: Rolled
2026-01-26 15:10:27,951 [INFO] utils.trades: LEG ID: 41 | MA 20260123 560.0Call | Qty: -1
2026-01-26 15:10:27,951 [INFO] utils.trades:   > Realized: Entry $93.00 | Exit $-27.00 | Comms $1.75 | P&L $66.00 | Status: Rolled
2026-01-26 15:10:27,951 [INFO] utils.trades:   > CURRENT MARKET VALUE TO LIQUIDATE: (Mark 0.97) * Qty -1 = -97.00
2026-01-26 15:10:27,952 [INFO] utils.trades: LEG ID: 75 | MA 20260130 560.0Call | Qty: -1
2026-01-26 15:10:27,952 [INFO] utils.trades:   > UNREALIZED: (Mark 0.97 - Entry 1.44) * Qty -1 = -97.00
2026-01-26 15:10:27,952 [INFO] utils.trades: --- SUMMARY ---
2026-01-26 15:10:27,954 [INFO] utils.trades: Initial Baseline: -3,107.40
2026-01-26 15:10:27,954 [INFO] utils.trades: Total Realized Cash: -2,422.97
2026-01-26 15:10:27,955 [INFO] utils.trades: Total Unrealized P&L: 675.37
2026-01-26 15:10:27,955 [INFO] utils.trades: Final True P&L: -1,747.60
2026-01-26 15:10:27,955 [INFO] utils.trades: --- DEBUG END ---

2026-01-26 15:10:27,974 [INFO] utils.trades: LEG ID: 42 | TSLA 20251031 440.0Call | Qty: -1
2026-01-26 15:10:27,975 [INFO] utils.trades:   > Realized: Entry $1,210.00 | Exit $-2,532.00 | Comms $1.40 | P&L $-1,322.00 | Status: Rolled
2026-01-26 15:10:27,976 [INFO] utils.trades:   > CURRENT MARKET VALUE TO LIQUIDATE: (Mark 28.34) * Qty 1 = 2,834.00
2026-01-26 15:10:27,977 [INFO] utils.trades: LEG ID: 43 | TSLA 20260220 440.0Call | Qty: 1
2026-01-26 15:10:27,977 [INFO] utils.trades:   > UNREALIZED: (Mark 28.34 - Entry 56.74) * Qty 1 = 2,834.00
2026-01-26 15:10:27,978 [INFO] utils.trades: LEG ID: 44 | TSLA 20251107 450.0Call | Qty: -1
2026-01-26 15:10:27,978 [INFO] utils.trades:   > Realized: Entry $2,507.00 | Exit $-2,480.00 | Comms $1.41 | P&L $27.00 | Status: Rolled
2026-01-26 15:10:27,978 [INFO] utils.trades: LEG ID: 45 | TSLA 20251121 467.5Call | Qty: -1
2026-01-26 15:10:27,979 [INFO] utils.trades:   > Realized: Entry $2,525.00 | Exit $-12.00 | Comms $1.41 | P&L $2,513.00 | Status: Rolled
2026-01-26 15:10:27,979 [INFO] utils.trades: LEG ID: 46 | TSLA 20251128 440.0Call | Qty: -1
2026-01-26 15:10:27,979 [INFO] utils.trades:   > Realized: Entry $268.00 | Exit $-43.00 | Comms $1.40 | P&L $225.00 | Status: Rolled
2026-01-26 15:10:27,980 [INFO] utils.trades: LEG ID: 47 | TSLA 20251205 440.0Call | Qty: -1
2026-01-26 15:10:27,980 [INFO] utils.trades:   > Realized: Entry $388.00 | Exit $-618.00 | Comms $1.36 | P&L $-230.00 | Status: Rolled
2026-01-26 15:10:27,980 [INFO] utils.trades: LEG ID: 48 | TSLA 20251212 455.0Call | Qty: -1
2026-01-26 15:10:27,983 [INFO] utils.trades:   > Realized: Entry $663.00 | Exit $-128.00 | Comms $1.69 | P&L $535.00 | Status: Rolled
2026-01-26 15:10:27,984 [INFO] utils.trades: LEG ID: 49 | TSLA 20251219 455.0Call | Qty: -1
2026-01-26 15:10:27,986 [INFO] utils.trades:   > Realized: Entry $713.00 | Exit $-2,520.00 | Comms $1.69 | P&L $-1,807.00 | Status: Rolled
2026-01-26 15:10:27,989 [INFO] utils.trades: LEG ID: 50 | TSLA 20260102 470.0Call | Qty: -1
2026-01-26 15:10:27,990 [INFO] utils.trades:   > Realized: Entry $2,417.00 | Exit $-2.00 | Comms $1.73 | P&L $2,415.00 | Status: Rolled
2026-01-26 15:10:27,990 [INFO] utils.trades: LEG ID: 51 | TSLA 20260109 470.0Call | Qty: -1
2026-01-26 15:10:27,990 [INFO] utils.trades:   > Realized: Entry $238.00 | Exit $-22.00 | Comms $2.10 | P&L $216.00 | Status: Rolled
2026-01-26 15:10:27,991 [INFO] utils.trades: LEG ID: 52 | TSLA 20260116 470.0Call | Qty: -1
2026-01-26 15:10:27,991 [INFO] utils.trades:   > Realized: Entry $208.00 | Exit $-23.00 | Comms $2.60 | P&L $185.00 | Status: Rolled
2026-01-26 15:10:27,991 [INFO] utils.trades: LEG ID: 53 | TSLA 20260116 455.0Call | Qty: -1
2026-01-26 15:10:27,992 [INFO] utils.trades:   > Realized: Entry $109.00 | Exit $-32.00 | Comms $2.14 | P&L $77.00 | Status: Rolled
2026-01-26 15:10:27,992 [INFO] utils.trades: LEG ID: 54 | TSLA 20260123 462.5Call | Qty: -1
2026-01-26 15:10:27,992 [INFO] utils.trades:   > Realized: Entry $272.00 | Exit $-10.00 | Comms $1.40 | P&L $262.00 | Status: Rolled
2026-01-26 15:10:27,992 [INFO] utils.trades: LEG ID: 74 | TSLA 20260123 442.5Call | Qty: -1
2026-01-26 15:10:27,993 [INFO] utils.trades:   > Realized: Entry $220.00 | Exit $-550.00 | Comms $1.40 | P&L $-330.00 | Status: Rolled
2026-01-26 15:10:27,993 [INFO] utils.trades:   > CURRENT MARKET VALUE TO LIQUIDATE: (Mark 28.34) * Qty -1 = -2,834.00
2026-01-26 15:10:27,993 [INFO] utils.trades: LEG ID: 77 | TSLA 20260220 440.0Call | Qty: -1
2026-01-26 15:10:27,993 [INFO] utils.trades:   > UNREALIZED: (Mark 28.34 - Entry 27.25) * Qty -1 = -2,834.00
2026-01-26 15:10:27,993 [INFO] utils.trades: --- SUMMARY ---
2026-01-26 15:10:27,994 [INFO] utils.trades: Initial Baseline: -4,465.40
2026-01-26 15:10:27,994 [INFO] utils.trades: Total Realized Cash: -206.13
2026-01-26 15:10:27,995 [INFO] utils.trades: Total Unrealized P&L: 0.00
2026-01-26 15:10:27,995 [INFO] utils.trades: Final True P&L: -206.13
2026-01-26 15:10:27,995 [INFO] utils.trades: --- DEBUG END ---

2026-01-26 15:10:28,011 [INFO] utils.trades:   > CURRENT MARKET VALUE TO LIQUIDATE: (Mark 3.38) * Qty -4 = -1,352.00
2026-01-26 15:10:28,011 [INFO] utils.trades: LEG ID: 55 | RKLB 20260213 80.0Put | Qty: -4
2026-01-26 15:10:28,012 [INFO] utils.trades:   > UNREALIZED: (Mark 3.38 - Entry 4.93) * Qty -4 = -1,352.00
2026-01-26 15:10:28,012 [INFO] utils.trades:   > CURRENT MARKET VALUE TO LIQUIDATE: (Mark 2.0820489119457752) * Qty 4 = 832.82
2026-01-26 15:10:28,012 [INFO] utils.trades: LEG ID: 56 | RKLB 20260213 75.0Put | Qty: 4
2026-01-26 15:10:28,012 [INFO] utils.trades:   > UNREALIZED: (Mark 2.0820489119457752 - Entry 3.13) * Qty 4 = 832.82
2026-01-26 15:10:28,013 [INFO] utils.trades: --- SUMMARY ---
2026-01-26 15:10:28,013 [INFO] utils.trades: Initial Baseline: 717.50
2026-01-26 15:10:28,013 [INFO] utils.trades: Total Realized Cash: 717.50
2026-01-26 15:10:28,013 [INFO] utils.trades: Total Unrealized P&L: -519.18
2026-01-26 15:10:28,013 [INFO] utils.trades: Final True P&L: 198.32
2026-01-26 15:10:28,013 [INFO] utils.trades: --- DEBUG END ---

2026-01-26 15:10:28,024 [INFO] utils.trades: LEG ID: 57 | NVDA 20250919 170.0Call | Qty: -1
2026-01-26 15:10:28,024 [INFO] utils.trades:   > Realized: Entry $416.00 | Exit $-632.00 | Comms $2.04 | P&L $-216.00 | Status: Rolled
2026-01-26 15:10:28,025 [INFO] utils.trades:   > CURRENT MARKET VALUE TO LIQUIDATE: (Mark 24.354095875426868) * Qty 1 = 2,435.41
2026-01-26 15:10:28,025 [INFO] utils.trades: LEG ID: 58 | NVDA 20260320 170.0Call | Qty: 1
2026-01-26 15:10:28,025 [INFO] utils.trades:   > UNREALIZED: (Mark 24.354095875426868 - Entry 21.19) * Qty 1 = 2,435.41
2026-01-26 15:10:28,026 [INFO] utils.trades: LEG ID: 59 | NVDA 20251003 175.0Call | Qty: -1
2026-01-26 15:10:28,026 [INFO] utils.trades:   > Realized: Entry $542.00 | Exit $-774.00 | Comms $1.70 | P&L $-232.00 | Status: Rolled
2026-01-26 15:10:28,026 [INFO] utils.trades: LEG ID: 60 | NVDA 20251010 177.5Call | Qty: -1
2026-01-26 15:10:28,026 [INFO] utils.trades:   > Realized: Entry $737.00 | Exit $-1,072.00 | Comms $1.41 | P&L $-335.00 | Status: Rolled
2026-01-26 15:10:28,027 [INFO] utils.trades: LEG ID: 61 | NVDA 20251031 185.0Call | Qty: -1
2026-01-26 15:10:28,027 [INFO] utils.trades:   > Realized: Entry $937.00 | Exit $-1,417.00 | Comms $1.40 | P&L $-480.00 | Status: Rolled
2026-01-26 15:10:28,028 [INFO] utils.trades: LEG ID: 62 | NVDA 20251107 190.0Call | Qty: -1
2026-01-26 15:10:28,028 [INFO] utils.trades:   > Realized: Entry $1,182.00 | Exit $-2,078.00 | Comms $1.75 | P&L $-896.00 | Status: Rolled
2026-01-26 15:10:28,028 [INFO] utils.trades: LEG ID: 63 | NVDA 20251121 200.0Call | Qty: -1
2026-01-26 15:10:28,028 [INFO] utils.trades:   > Realized: Entry $1,676.00 | Exit $-2.00 | Comms $2.10 | P&L $1,674.00 | Status: Rolled
2026-01-26 15:10:28,029 [INFO] utils.trades: LEG ID: 64 | NVDA 20251128 190.0Call | Qty: -1
2026-01-26 15:10:28,029 [INFO] utils.trades:   > Realized: Entry $156.00 | Exit $-10.00 | Comms $2.04 | P&L $146.00 | Status: Rolled
2026-01-26 15:10:28,029 [INFO] utils.trades: LEG ID: 65 | NVDA 20251128 175.0Call | Qty: -1
2026-01-26 15:10:28,029 [INFO] utils.trades:   > Realized: Entry $203.00 | Exit $-660.00 | Comms $1.69 | P&L $-457.00 | Status: Rolled
2026-01-26 15:10:28,029 [INFO] utils.trades: LEG ID: 66 | NVDA 20251205 180.0Call | Qty: -1
2026-01-26 15:10:28,029 [INFO] utils.trades:   > Realized: Entry $550.00 | Exit $-614.00 | Comms $1.37 | P&L $-64.00 | Status: Rolled
2026-01-26 15:10:28,030 [INFO] utils.trades: LEG ID: 67 | NVDA 20251219 187.0Call | Qty: -1
2026-01-26 15:10:28,030 [INFO] utils.trades:   > Realized: Entry $559.00 | Exit $-7.00 | Comms $1.88 | P&L $552.00 | Status: Rolled
2026-01-26 15:10:28,030 [INFO] utils.trades: LEG ID: 68 | NVDA 20251226 185.0Call | Qty: -1
2026-01-26 15:10:28,030 [INFO] utils.trades:   > Realized: Entry $58.00 | Exit $-571.00 | Comms $1.89 | P&L $-513.00 | Status: Rolled
2026-01-26 15:10:28,031 [INFO] utils.trades: LEG ID: 69 | NVDA 20260102 190.0Call | Qty: -1
2026-01-26 15:10:28,031 [INFO] utils.trades:   > Realized: Entry $336.00 | Exit $-94.00 | Comms $1.73 | P&L $242.00 | Status: Rolled
2026-01-26 15:10:28,031 [INFO] utils.trades: LEG ID: 70 | NVDA 20260109 192.5Call | Qty: -1
2026-01-26 15:10:28,032 [INFO] utils.trades:   > Realized: Entry $240.00 | Exit $-110.00 | Comms $2.10 | P&L $130.00 | Status: Rolled
2026-01-26 15:10:28,032 [INFO] utils.trades: LEG ID: 71 | NVDA 20260116 195.0Call | Qty: -1
2026-01-26 15:10:28,032 [INFO] utils.trades:   > Realized: Entry $211.00 | Exit $-24.00 | Comms $1.75 | P&L $187.00 | Status: Rolled
2026-01-26 15:10:28,032 [INFO] utils.trades: LEG ID: 72 | NVDA 20260123 195.0Call | Qty: -1
2026-01-26 15:10:28,033 [INFO] utils.trades:   > Realized: Entry $86.00 | Exit $-4.00 | Comms $1.75 | P&L $82.00 | Status: Rolled
2026-01-26 15:10:28,033 [INFO] utils.trades: LEG ID: 73 | NVDA 20260123 185.0Call | Qty: -1
2026-01-26 15:10:28,033 [INFO] utils.trades:   > Realized: Entry $60.00 | Exit $-280.00 | Comms $2.10 | P&L $-220.00 | Status: Rolled
2026-01-26 15:10:28,033 [INFO] utils.trades:   > CURRENT MARKET VALUE TO LIQUIDATE: (Mark 2.79) * Qty -1 = -279.00
2026-01-26 15:10:28,034 [INFO] utils.trades: LEG ID: 76 | NVDA 20260130 190.0Call | Qty: -1
2026-01-26 15:10:28,035 [INFO] utils.trades:   > UNREALIZED: (Mark 2.79 - Entry 2.9) * Qty -1 = -279.00
2026-01-26 15:10:28,035 [INFO] utils.trades: --- SUMMARY ---
2026-01-26 15:10:28,035 [INFO] utils.trades: Initial Baseline: -1,705.10
2026-01-26 15:10:28,035 [INFO] utils.trades: Total Realized Cash: -2,259.80
2026-01-26 15:10:28,036 [INFO] utils.trades: Total Unrealized P&L: 2,156.41
2026-01-26 15:10:28,036 [INFO] utils.trades: Final True P&L: -103.39
2026-01-26 15:10:28,036 [INFO] utils.trades: --- DEBUG END ---

2026-01-26 15:10:40,304 [INFO] utils.trades: --- SUMMARY ---
2026-01-26 15:10:40,305 [INFO] utils.trades: Initial Baseline: 626.38
2026-01-26 15:10:40,305 [INFO] utils.trades: Total Realized Cash: 626.38
2026-01-26 15:10:40,306 [INFO] utils.trades: Total Unrealized P&L: 0.00
2026-01-26 15:10:40,306 [INFO] utils.trades: Final True P&L: 626.38
2026-01-26 15:10:40,306 [INFO] utils.trades: --- DEBUG END ---

2026-01-26 15:10:40,318 [INFO] utils.trades: LEG ID: 28 | MA 20251024 560.0Call | Qty: -1
2026-01-26 15:10:40,321 [INFO] utils.trades:   > Realized: Entry $998.00 | Exit $-1,330.00 | Comms $1.40 | P&L $-332.00 | Status: Rolled
2026-01-26 15:10:40,321 [INFO] utils.trades:   > CURRENT MARKET VALUE TO LIQUIDATE: (Mark 7.723687468989272) * Qty 1 = 772.37
2026-01-26 15:10:40,321 [INFO] utils.trades: LEG ID: 29 | MA 20260320 560.0Call | Qty: 1
2026-01-26 15:10:40,321 [INFO] utils.trades:   > UNREALIZED: (Mark 7.723687468989272 - Entry 41.04) * Qty 1 = 772.37
2026-01-26 15:10:40,321 [INFO] utils.trades: LEG ID: 30 | MA 20251031 570.0Call | Qty: -1
2026-01-26 15:10:40,322 [INFO] utils.trades:   > Realized: Entry $1,333.00 | Exit $-1,551.00 | Comms $1.41 | P&L $-218.00 | Status: Rolled
2026-01-26 15:10:40,322 [INFO] utils.trades: LEG ID: 31 | MA 20251107 575.0Call | Qty: -1
2026-01-26 15:10:40,323 [INFO] utils.trades:   > Realized: Entry $1,446.00 | Exit $-19.00 | Comms $1.76 | P&L $1,427.00 | Status: Rolled
2026-01-26 15:10:40,323 [INFO] utils.trades: LEG ID: 32 | MA 20251114 560.0Call | Qty: -1
2026-01-26 15:10:40,323 [INFO] utils.trades:   > Realized: Entry $247.00 | Exit $-453.00 | Comms $2.10 | P&L $-206.00 | Status: Rolled
2026-01-26 15:10:40,323 [INFO] utils.trades: LEG ID: 33 | MA 20251121 565.0Call | Qty: -1
2026-01-26 15:10:40,324 [INFO] utils.trades:   > Realized: Entry $549.00 | Exit $-12.00 | Comms $2.10 | P&L $537.00 | Status: Rolled
2026-01-26 15:10:40,324 [INFO] utils.trades: LEG ID: 34 | MA 20251205 565.0Call | Qty: -1
2026-01-26 15:10:40,324 [INFO] utils.trades:   > Realized: Entry $217.00 | Exit $-15.00 | Comms $1.71 | P&L $202.00 | Status: Rolled
2026-01-26 15:10:40,324 [INFO] utils.trades: LEG ID: 35 | MA 20251212 562.5Call | Qty: -1
2026-01-26 15:10:40,325 [INFO] utils.trades:   > Realized: Entry $208.00 | Exit $-180.00 | Comms $1.68 | P&L $28.00 | Status: Rolled
2026-01-26 15:10:40,325 [INFO] utils.trades: LEG ID: 36 | MA 20251219 565.0Call | Qty: -1
2026-01-26 15:10:40,325 [INFO] utils.trades:   > Realized: Entry $420.00 | Exit $-1,010.00 | Comms $1.69 | P&L $-590.00 | Status: Rolled
2026-01-26 15:10:40,325 [INFO] utils.trades: LEG ID: 37 | MA 20251226 570.0Call | Qty: -1
2026-01-26 15:10:40,326 [INFO] utils.trades:   > Realized: Entry $859.00 | Exit $-996.00 | Comms $1.70 | P&L $-137.00 | Status: Rolled
2026-01-26 15:10:40,326 [INFO] utils.trades: LEG ID: 38 | MA 20260109 580.0Call | Qty: -1
2026-01-26 15:10:40,327 [INFO] utils.trades:   > Realized: Entry $700.00 | Exit $-411.00 | Comms $2.07 | P&L $289.00 | Status: Rolled
2026-01-26 15:10:40,327 [INFO] utils.trades: LEG ID: 39 | MA 20260116 587.5Call | Qty: -1
2026-01-26 15:10:40,328 [INFO] utils.trades:   > Realized: Entry $390.00 | Exit $-20.00 | Comms $2.10 | P&L $370.00 | Status: Rolled
2026-01-26 15:10:40,328 [INFO] utils.trades: LEG ID: 40 | MA 20260116 560.5Call | Qty: -1
2026-01-26 15:10:40,328 [INFO] utils.trades:   > Realized: Entry $135.00 | Exit $-9.00 | Comms $1.75 | P&L $126.00 | Status: Rolled
2026-01-26 15:10:40,329 [INFO] utils.trades: LEG ID: 41 | MA 20260123 560.0Call | Qty: -1
2026-01-26 15:10:40,329 [INFO] utils.trades:   > Realized: Entry $93.00 | Exit $-27.00 | Comms $1.75 | P&L $66.00 | Status: Rolled
2026-01-26 15:10:40,330 [INFO] utils.trades:   > CURRENT MARKET VALUE TO LIQUIDATE: (Mark 0.97) * Qty -1 = -97.00
2026-01-26 15:10:40,337 [INFO] utils.trades: LEG ID: 75 | MA 20260130 560.0Call | Qty: -1
2026-01-26 15:10:40,339 [INFO] utils.trades:   > UNREALIZED: (Mark 0.97 - Entry 1.44) * Qty -1 = -97.00
2026-01-26 15:10:40,342 [INFO] utils.trades: --- SUMMARY ---
2026-01-26 15:10:40,343 [INFO] utils.trades: Initial Baseline: -3,107.40
2026-01-26 15:10:40,344 [INFO] utils.trades: Total Realized Cash: -2,422.97
2026-01-26 15:10:40,344 [INFO] utils.trades: Total Unrealized P&L: 675.37
2026-01-26 15:10:40,345 [INFO] utils.trades: Final True P&L: -1,747.60
2026-01-26 15:10:40,347 [INFO] utils.trades: --- DEBUG END ---

2026-01-26 15:10:40,373 [INFO] utils.trades: LEG ID: 42 | TSLA 20251031 440.0Call | Qty: -1
2026-01-26 15:10:40,374 [INFO] utils.trades:   > Realized: Entry $1,210.00 | Exit $-2,532.00 | Comms $1.40 | P&L $-1,322.00 | Status: Rolled
2026-01-26 15:10:40,374 [INFO] utils.trades:   > CURRENT MARKET VALUE TO LIQUIDATE: (Mark 28.34) * Qty 1 = 2,834.00
2026-01-26 15:10:40,375 [INFO] utils.trades: LEG ID: 43 | TSLA 20260220 440.0Call | Qty: 1
2026-01-26 15:10:40,376 [INFO] utils.trades:   > UNREALIZED: (Mark 28.34 - Entry 56.74) * Qty 1 = 2,834.00
2026-01-26 15:10:40,376 [INFO] utils.trades: LEG ID: 44 | TSLA 20251107 450.0Call | Qty: -1
2026-01-26 15:10:40,377 [INFO] utils.trades:   > Realized: Entry $2,507.00 | Exit $-2,480.00 | Comms $1.41 | P&L $27.00 | Status: Rolled
2026-01-26 15:10:40,377 [INFO] utils.trades: LEG ID: 45 | TSLA 20251121 467.5Call | Qty: -1
2026-01-26 15:10:40,377 [INFO] utils.trades:   > Realized: Entry $2,525.00 | Exit $-12.00 | Comms $1.41 | P&L $2,513.00 | Status: Rolled
2026-01-26 15:10:40,378 [INFO] utils.trades: LEG ID: 46 | TSLA 20251128 440.0Call | Qty: -1
2026-01-26 15:10:40,378 [INFO] utils.trades:   > Realized: Entry $268.00 | Exit $-43.00 | Comms $1.40 | P&L $225.00 | Status: Rolled
2026-01-26 15:10:40,385 [INFO] utils.trades: LEG ID: 47 | TSLA 20251205 440.0Call | Qty: -1
2026-01-26 15:10:40,385 [INFO] utils.trades:   > Realized: Entry $388.00 | Exit $-618.00 | Comms $1.36 | P&L $-230.00 | Status: Rolled
2026-01-26 15:10:40,385 [INFO] utils.trades: LEG ID: 48 | TSLA 20251212 455.0Call | Qty: -1
2026-01-26 15:10:40,386 [INFO] utils.trades:   > Realized: Entry $663.00 | Exit $-128.00 | Comms $1.69 | P&L $535.00 | Status: Rolled
2026-01-26 15:10:40,386 [INFO] utils.trades: LEG ID: 49 | TSLA 20251219 455.0Call | Qty: -1
2026-01-26 15:10:40,386 [INFO] utils.trades:   > Realized: Entry $713.00 | Exit $-2,520.00 | Comms $1.69 | P&L $-1,807.00 | Status: Rolled
2026-01-26 15:10:40,386 [INFO] utils.trades: LEG ID: 50 | TSLA 20260102 470.0Call | Qty: -1
2026-01-26 15:10:40,387 [INFO] utils.trades:   > Realized: Entry $2,417.00 | Exit $-2.00 | Comms $1.73 | P&L $2,415.00 | Status: Rolled
2026-01-26 15:10:40,387 [INFO] utils.trades: LEG ID: 51 | TSLA 20260109 470.0Call | Qty: -1
2026-01-26 15:10:40,387 [INFO] utils.trades:   > Realized: Entry $238.00 | Exit $-22.00 | Comms $2.10 | P&L $216.00 | Status: Rolled
2026-01-26 15:10:40,387 [INFO] utils.trades: LEG ID: 52 | TSLA 20260116 470.0Call | Qty: -1
2026-01-26 15:10:40,388 [INFO] utils.trades:   > Realized: Entry $208.00 | Exit $-23.00 | Comms $2.60 | P&L $185.00 | Status: Rolled
2026-01-26 15:10:40,388 [INFO] utils.trades: LEG ID: 53 | TSLA 20260116 455.0Call | Qty: -1
2026-01-26 15:10:40,388 [INFO] utils.trades:   > Realized: Entry $109.00 | Exit $-32.00 | Comms $2.14 | P&L $77.00 | Status: Rolled
2026-01-26 15:10:40,389 [INFO] utils.trades: LEG ID: 54 | TSLA 20260123 462.5Call | Qty: -1
2026-01-26 15:10:40,389 [INFO] utils.trades:   > Realized: Entry $272.00 | Exit $-10.00 | Comms $1.40 | P&L $262.00 | Status: Rolled
2026-01-26 15:10:40,391 [INFO] utils.trades: LEG ID: 74 | TSLA 20260123 442.5Call | Qty: -1
2026-01-26 15:10:40,391 [INFO] utils.trades:   > Realized: Entry $220.00 | Exit $-550.00 | Comms $1.40 | P&L $-330.00 | Status: Rolled
2026-01-26 15:10:40,392 [INFO] utils.trades:   > CURRENT MARKET VALUE TO LIQUIDATE: (Mark 28.34) * Qty -1 = -2,834.00
2026-01-26 15:10:40,392 [INFO] utils.trades: LEG ID: 77 | TSLA 20260220 440.0Call | Qty: -1
2026-01-26 15:10:40,396 [INFO] utils.trades:   > UNREALIZED: (Mark 28.34 - Entry 27.25) * Qty -1 = -2,834.00
2026-01-26 15:10:40,396 [INFO] utils.trades: --- SUMMARY ---
2026-01-26 15:10:40,397 [INFO] utils.trades: Initial Baseline: -4,465.40
2026-01-26 15:10:40,406 [INFO] utils.trades: Total Realized Cash: -206.13
2026-01-26 15:10:40,406 [INFO] utils.trades: Total Unrealized P&L: 0.00
2026-01-26 15:10:40,407 [INFO] utils.trades: Final True P&L: -206.13
2026-01-26 15:10:40,407 [INFO] utils.trades: --- DEBUG END ---

2026-01-26 15:10:40,427 [INFO] utils.trades:   > CURRENT MARKET VALUE TO LIQUIDATE: (Mark 3.38) * Qty -4 = -1,352.00
2026-01-26 15:10:40,427 [INFO] utils.trades: LEG ID: 55 | RKLB 20260213 80.0Put | Qty: -4
2026-01-26 15:10:40,427 [INFO] utils.trades:   > UNREALIZED: (Mark 3.38 - Entry 4.93) * Qty -4 = -1,352.00
2026-01-26 15:10:40,428 [INFO] utils.trades:   > CURRENT MARKET VALUE TO LIQUIDATE: (Mark 2.0820489119457752) * Qty 4 = 832.82
2026-01-26 15:10:40,428 [INFO] utils.trades: LEG ID: 56 | RKLB 20260213 75.0Put | Qty: 4
2026-01-26 15:10:40,429 [INFO] utils.trades:   > UNREALIZED: (Mark 2.0820489119457752 - Entry 3.13) * Qty 4 = 832.82
2026-01-26 15:10:40,429 [INFO] utils.trades: --- SUMMARY ---
2026-01-26 15:10:40,429 [INFO] utils.trades: Initial Baseline: 717.50
2026-01-26 15:10:40,429 [INFO] utils.trades: Total Realized Cash: 717.50
2026-01-26 15:10:40,430 [INFO] utils.trades: Total Unrealized P&L: -519.18
2026-01-26 15:10:40,430 [INFO] utils.trades: Final True P&L: 198.32
2026-01-26 15:10:40,430 [INFO] utils.trades: --- DEBUG END ---

2026-01-26 15:10:40,441 [INFO] utils.trades: LEG ID: 57 | NVDA 20250919 170.0Call | Qty: -1
2026-01-26 15:10:40,442 [INFO] utils.trades:   > Realized: Entry $416.00 | Exit $-632.00 | Comms $2.04 | P&L $-216.00 | Status: Rolled
2026-01-26 15:10:40,442 [INFO] utils.trades:   > CURRENT MARKET VALUE TO LIQUIDATE: (Mark 24.354095875426868) * Qty 1 = 2,435.41
2026-01-26 15:10:40,442 [INFO] utils.trades: LEG ID: 58 | NVDA 20260320 170.0Call | Qty: 1
2026-01-26 15:10:40,442 [INFO] utils.trades:   > UNREALIZED: (Mark 24.354095875426868 - Entry 21.19) * Qty 1 = 2,435.41
2026-01-26 15:10:40,443 [INFO] utils.trades: LEG ID: 59 | NVDA 20251003 175.0Call | Qty: -1
2026-01-26 15:10:40,443 [INFO] utils.trades:   > Realized: Entry $542.00 | Exit $-774.00 | Comms $1.70 | P&L $-232.00 | Status: Rolled
2026-01-26 15:10:40,443 [INFO] utils.trades: LEG ID: 60 | NVDA 20251010 177.5Call | Qty: -1
2026-01-26 15:10:40,443 [INFO] utils.trades:   > Realized: Entry $737.00 | Exit $-1,072.00 | Comms $1.41 | P&L $-335.00 | Status: Rolled
2026-01-26 15:10:40,444 [INFO] utils.trades: LEG ID: 61 | NVDA 20251031 185.0Call | Qty: -1
2026-01-26 15:10:40,444 [INFO] utils.trades:   > Realized: Entry $937.00 | Exit $-1,417.00 | Comms $1.40 | P&L $-480.00 | Status: Rolled
2026-01-26 15:10:40,444 [INFO] utils.trades: LEG ID: 62 | NVDA 20251107 190.0Call | Qty: -1
2026-01-26 15:10:40,444 [INFO] utils.trades:   > Realized: Entry $1,182.00 | Exit $-2,078.00 | Comms $1.75 | P&L $-896.00 | Status: Rolled
2026-01-26 15:10:40,445 [INFO] utils.trades: LEG ID: 63 | NVDA 20251121 200.0Call | Qty: -1
2026-01-26 15:10:40,445 [INFO] utils.trades:   > Realized: Entry $1,676.00 | Exit $-2.00 | Comms $2.10 | P&L $1,674.00 | Status: Rolled
2026-01-26 15:10:40,445 [INFO] utils.trades: LEG ID: 64 | NVDA 20251128 190.0Call | Qty: -1
2026-01-26 15:10:40,445 [INFO] utils.trades:   > Realized: Entry $156.00 | Exit $-10.00 | Comms $2.04 | P&L $146.00 | Status: Rolled
2026-01-26 15:10:40,445 [INFO] utils.trades: LEG ID: 65 | NVDA 20251128 175.0Call | Qty: -1
2026-01-26 15:10:40,445 [INFO] utils.trades:   > Realized: Entry $203.00 | Exit $-660.00 | Comms $1.69 | P&L $-457.00 | Status: Rolled
2026-01-26 15:10:40,446 [INFO] utils.trades: LEG ID: 66 | NVDA 20251205 180.0Call | Qty: -1
2026-01-26 15:10:40,446 [INFO] utils.trades:   > Realized: Entry $550.00 | Exit $-614.00 | Comms $1.37 | P&L $-64.00 | Status: Rolled
2026-01-26 15:10:40,446 [INFO] utils.trades: LEG ID: 67 | NVDA 20251219 187.0Call | Qty: -1
2026-01-26 15:10:40,446 [INFO] utils.trades:   > Realized: Entry $559.00 | Exit $-7.00 | Comms $1.88 | P&L $552.00 | Status: Rolled
2026-01-26 15:10:40,446 [INFO] utils.trades: LEG ID: 68 | NVDA 20251226 185.0Call | Qty: -1
2026-01-26 15:10:40,447 [INFO] utils.trades:   > Realized: Entry $58.00 | Exit $-571.00 | Comms $1.89 | P&L $-513.00 | Status: Rolled
2026-01-26 15:10:40,449 [INFO] utils.trades: LEG ID: 69 | NVDA 20260102 190.0Call | Qty: -1
2026-01-26 15:10:40,450 [INFO] utils.trades:   > Realized: Entry $336.00 | Exit $-94.00 | Comms $1.73 | P&L $242.00 | Status: Rolled
2026-01-26 15:10:40,451 [INFO] utils.trades: LEG ID: 70 | NVDA 20260109 192.5Call | Qty: -1
2026-01-26 15:10:40,452 [INFO] utils.trades:   > Realized: Entry $240.00 | Exit $-110.00 | Comms $2.10 | P&L $130.00 | Status: Rolled
2026-01-26 15:10:40,453 [INFO] utils.trades: LEG ID: 71 | NVDA 20260116 195.0Call | Qty: -1
2026-01-26 15:10:40,454 [INFO] utils.trades:   > Realized: Entry $211.00 | Exit $-24.00 | Comms $1.75 | P&L $187.00 | Status: Rolled
2026-01-26 15:10:40,454 [INFO] utils.trades: LEG ID: 72 | NVDA 20260123 195.0Call | Qty: -1
2026-01-26 15:10:40,454 [INFO] utils.trades:   > Realized: Entry $86.00 | Exit $-4.00 | Comms $1.75 | P&L $82.00 | Status: Rolled
2026-01-26 15:10:40,454 [INFO] utils.trades: LEG ID: 73 | NVDA 20260123 185.0Call | Qty: -1
2026-01-26 15:10:40,454 [INFO] utils.trades:   > Realized: Entry $60.00 | Exit $-280.00 | Comms $2.10 | P&L $-220.00 | Status: Rolled
2026-01-26 15:10:40,455 [INFO] utils.trades:   > CURRENT MARKET VALUE TO LIQUIDATE: (Mark 2.79) * Qty -1 = -279.00
2026-01-26 15:10:40,455 [INFO] utils.trades: LEG ID: 76 | NVDA 20260130 190.0Call | Qty: -1
2026-01-26 15:10:40,455 [INFO] utils.trades:   > UNREALIZED: (Mark 2.79 - Entry 2.9) * Qty -1 = -279.00
2026-01-26 15:10:40,455 [INFO] utils.trades: --- SUMMARY ---
2026-01-26 15:10:40,455 [INFO] utils.trades: Initial Baseline: -1,705.10
2026-01-26 15:10:40,456 [INFO] utils.trades: Total Realized Cash: -2,259.80
2026-01-26 15:10:40,456 [INFO] utils.trades: Total Unrealized P&L: 2,156.41
2026-01-26 15:10:40,456 [INFO] utils.trades: Final True P&L: -103.39
2026-01-26 15:10:40,456 [INFO] utils.trades: --- DEBUG END ---

2026-01-26 15:10:40,589 [DEBUG] __main__: Starting Open Trades page
2026-01-26 15:10:40,886 [DEBUG] __main__: get_all_open_positions() INITIATED
2026-01-26 15:10:40,889 [DEBUG] __main__: get_all_open_positions() took 0.00 seconds
2026-01-26 15:10:40,896 [DEBUG] __main__: Open Flat Trades styling INITIATED
2026-01-26 15:10:40,923 [DEBUG] __main__: Open Flat Trades styling took 0.03 seconds
2026-01-26 15:10:40,938 [INFO] utils.trades: --- SUMMARY ---
2026-01-26 15:10:40,939 [INFO] utils.trades: Initial Baseline: 626.38
2026-01-26 15:10:40,939 [INFO] utils.trades: Total Realized Cash: 626.38
2026-01-26 15:10:40,940 [INFO] utils.trades: Total Unrealized P&L: 0.00
2026-01-26 15:10:40,940 [INFO] utils.trades: Final True P&L: 626.38
2026-01-26 15:10:40,940 [INFO] utils.trades: --- DEBUG END ---

2026-01-26 15:10:40,949 [INFO] utils.trades: LEG ID: 28 | MA 20251024 560.0Call | Qty: -1
2026-01-26 15:10:40,951 [INFO] utils.trades:   > Realized: Entry $998.00 | Exit $-1,330.00 | Comms $1.40 | P&L $-332.00 | Status: Rolled
2026-01-26 15:10:40,951 [INFO] utils.trades:   > CURRENT MARKET VALUE TO LIQUIDATE: (Mark 7.723687468989272) * Qty 1 = 772.37
2026-01-26 15:10:40,951 [INFO] utils.trades: LEG ID: 29 | MA 20260320 560.0Call | Qty: 1
2026-01-26 15:10:40,952 [INFO] utils.trades:   > UNREALIZED: (Mark 7.723687468989272 - Entry 41.04) * Qty 1 = 772.37
2026-01-26 15:10:40,952 [INFO] utils.trades: LEG ID: 30 | MA 20251031 570.0Call | Qty: -1
2026-01-26 15:10:40,952 [INFO] utils.trades:   > Realized: Entry $1,333.00 | Exit $-1,551.00 | Comms $1.41 | P&L $-218.00 | Status: Rolled
2026-01-26 15:10:40,953 [INFO] utils.trades: LEG ID: 31 | MA 20251107 575.0Call | Qty: -1
2026-01-26 15:10:40,953 [INFO] utils.trades:   > Realized: Entry $1,446.00 | Exit $-19.00 | Comms $1.76 | P&L $1,427.00 | Status: Rolled
2026-01-26 15:10:40,953 [INFO] utils.trades: LEG ID: 32 | MA 20251114 560.0Call | Qty: -1
2026-01-26 15:10:40,953 [INFO] utils.trades:   > Realized: Entry $247.00 | Exit $-453.00 | Comms $2.10 | P&L $-206.00 | Status: Rolled
2026-01-26 15:10:40,953 [INFO] utils.trades: LEG ID: 33 | MA 20251121 565.0Call | Qty: -1
2026-01-26 15:10:40,954 [INFO] utils.trades:   > Realized: Entry $549.00 | Exit $-12.00 | Comms $2.10 | P&L $537.00 | Status: Rolled
2026-01-26 15:10:40,954 [INFO] utils.trades: LEG ID: 34 | MA 20251205 565.0Call | Qty: -1
2026-01-26 15:10:40,954 [INFO] utils.trades:   > Realized: Entry $217.00 | Exit $-15.00 | Comms $1.71 | P&L $202.00 | Status: Rolled
2026-01-26 15:10:40,954 [INFO] utils.trades: LEG ID: 35 | MA 20251212 562.5Call | Qty: -1
2026-01-26 15:10:40,954 [INFO] utils.trades:   > Realized: Entry $208.00 | Exit $-180.00 | Comms $1.68 | P&L $28.00 | Status: Rolled
2026-01-26 15:10:40,955 [INFO] utils.trades: LEG ID: 36 | MA 20251219 565.0Call | Qty: -1
2026-01-26 15:10:40,955 [INFO] utils.trades:   > Realized: Entry $420.00 | Exit $-1,010.00 | Comms $1.69 | P&L $-590.00 | Status: Rolled
2026-01-26 15:10:40,955 [INFO] utils.trades: LEG ID: 37 | MA 20251226 570.0Call | Qty: -1
2026-01-26 15:10:40,956 [INFO] utils.trades:   > Realized: Entry $859.00 | Exit $-996.00 | Comms $1.70 | P&L $-137.00 | Status: Rolled
2026-01-26 15:10:40,956 [INFO] utils.trades: LEG ID: 38 | MA 20260109 580.0Call | Qty: -1
2026-01-26 15:10:40,956 [INFO] utils.trades:   > Realized: Entry $700.00 | Exit $-411.00 | Comms $2.07 | P&L $289.00 | Status: Rolled
2026-01-26 15:10:40,956 [INFO] utils.trades: LEG ID: 39 | MA 20260116 587.5Call | Qty: -1
2026-01-26 15:10:40,957 [INFO] utils.trades:   > Realized: Entry $390.00 | Exit $-20.00 | Comms $2.10 | P&L $370.00 | Status: Rolled
2026-01-26 15:10:40,957 [INFO] utils.trades: LEG ID: 40 | MA 20260116 560.5Call | Qty: -1
2026-01-26 15:10:40,957 [INFO] utils.trades:   > Realized: Entry $135.00 | Exit $-9.00 | Comms $1.75 | P&L $126.00 | Status: Rolled
2026-01-26 15:10:40,957 [INFO] utils.trades: LEG ID: 41 | MA 20260123 560.0Call | Qty: -1
2026-01-26 15:10:40,958 [INFO] utils.trades:   > Realized: Entry $93.00 | Exit $-27.00 | Comms $1.75 | P&L $66.00 | Status: Rolled
2026-01-26 15:10:40,958 [INFO] utils.trades:   > CURRENT MARKET VALUE TO LIQUIDATE: (Mark 0.97) * Qty -1 = -97.00
2026-01-26 15:10:40,958 [INFO] utils.trades: LEG ID: 75 | MA 20260130 560.0Call | Qty: -1
2026-01-26 15:10:40,958 [INFO] utils.trades:   > UNREALIZED: (Mark 0.97 - Entry 1.44) * Qty -1 = -97.00
2026-01-26 15:10:40,958 [INFO] utils.trades: --- SUMMARY ---
2026-01-26 15:10:40,958 [INFO] utils.trades: Initial Baseline: -3,107.40
2026-01-26 15:10:40,958 [INFO] utils.trades: Total Realized Cash: -2,422.97
2026-01-26 15:10:40,959 [INFO] utils.trades: Total Unrealized P&L: 675.37
2026-01-26 15:10:40,959 [INFO] utils.trades: Final True P&L: -1,747.60
2026-01-26 15:10:40,959 [INFO] utils.trades: --- DEBUG END ---

2026-01-26 15:10:40,977 [INFO] utils.trades: LEG ID: 42 | TSLA 20251031 440.0Call | Qty: -1
2026-01-26 15:10:40,978 [INFO] utils.trades:   > Realized: Entry $1,210.00 | Exit $-2,532.00 | Comms $1.40 | P&L $-1,322.00 | Status: Rolled
2026-01-26 15:10:40,979 [INFO] utils.trades:   > CURRENT MARKET VALUE TO LIQUIDATE: (Mark 28.34) * Qty 1 = 2,834.00
2026-01-26 15:10:40,979 [INFO] utils.trades: LEG ID: 43 | TSLA 20260220 440.0Call | Qty: 1
2026-01-26 15:10:40,980 [INFO] utils.trades:   > UNREALIZED: (Mark 28.34 - Entry 56.74) * Qty 1 = 2,834.00
2026-01-26 15:10:40,980 [INFO] utils.trades: LEG ID: 44 | TSLA 20251107 450.0Call | Qty: -1
2026-01-26 15:10:40,981 [INFO] utils.trades:   > Realized: Entry $2,507.00 | Exit $-2,480.00 | Comms $1.41 | P&L $27.00 | Status: Rolled
2026-01-26 15:10:40,981 [INFO] utils.trades: LEG ID: 45 | TSLA 20251121 467.5Call | Qty: -1
2026-01-26 15:10:40,981 [INFO] utils.trades:   > Realized: Entry $2,525.00 | Exit $-12.00 | Comms $1.41 | P&L $2,513.00 | Status: Rolled
2026-01-26 15:10:40,982 [INFO] utils.trades: LEG ID: 46 | TSLA 20251128 440.0Call | Qty: -1
2026-01-26 15:10:40,982 [INFO] utils.trades:   > Realized: Entry $268.00 | Exit $-43.00 | Comms $1.40 | P&L $225.00 | Status: Rolled
2026-01-26 15:10:40,983 [INFO] utils.trades: LEG ID: 47 | TSLA 20251205 440.0Call | Qty: -1
2026-01-26 15:10:40,983 [INFO] utils.trades:   > Realized: Entry $388.00 | Exit $-618.00 | Comms $1.36 | P&L $-230.00 | Status: Rolled
2026-01-26 15:10:40,983 [INFO] utils.trades: LEG ID: 48 | TSLA 20251212 455.0Call | Qty: -1
2026-01-26 15:10:40,983 [INFO] utils.trades:   > Realized: Entry $663.00 | Exit $-128.00 | Comms $1.69 | P&L $535.00 | Status: Rolled
2026-01-26 15:10:40,983 [INFO] utils.trades: LEG ID: 49 | TSLA 20251219 455.0Call | Qty: -1
2026-01-26 15:10:40,983 [INFO] utils.trades:   > Realized: Entry $713.00 | Exit $-2,520.00 | Comms $1.69 | P&L $-1,807.00 | Status: Rolled
2026-01-26 15:10:40,984 [INFO] utils.trades: LEG ID: 50 | TSLA 20260102 470.0Call | Qty: -1
2026-01-26 15:10:40,984 [INFO] utils.trades:   > Realized: Entry $2,417.00 | Exit $-2.00 | Comms $1.73 | P&L $2,415.00 | Status: Rolled
2026-01-26 15:10:40,985 [INFO] utils.trades: LEG ID: 51 | TSLA 20260109 470.0Call | Qty: -1
2026-01-26 15:10:40,986 [INFO] utils.trades:   > Realized: Entry $238.00 | Exit $-22.00 | Comms $2.10 | P&L $216.00 | Status: Rolled
2026-01-26 15:10:40,987 [INFO] utils.trades: LEG ID: 52 | TSLA 20260116 470.0Call | Qty: -1
2026-01-26 15:10:40,987 [INFO] utils.trades:   > Realized: Entry $208.00 | Exit $-23.00 | Comms $2.60 | P&L $185.00 | Status: Rolled
2026-01-26 15:10:40,987 [INFO] utils.trades: LEG ID: 53 | TSLA 20260116 455.0Call | Qty: -1
2026-01-26 15:10:40,988 [INFO] utils.trades:   > Realized: Entry $109.00 | Exit $-32.00 | Comms $2.14 | P&L $77.00 | Status: Rolled
2026-01-26 15:10:40,988 [INFO] utils.trades: LEG ID: 54 | TSLA 20260123 462.5Call | Qty: -1
2026-01-26 15:10:40,989 [INFO] utils.trades:   > Realized: Entry $272.00 | Exit $-10.00 | Comms $1.40 | P&L $262.00 | Status: Rolled
2026-01-26 15:10:40,989 [INFO] utils.trades: LEG ID: 74 | TSLA 20260123 442.5Call | Qty: -1
2026-01-26 15:10:40,990 [INFO] utils.trades:   > Realized: Entry $220.00 | Exit $-550.00 | Comms $1.40 | P&L $-330.00 | Status: Rolled
2026-01-26 15:10:40,990 [INFO] utils.trades:   > CURRENT MARKET VALUE TO LIQUIDATE: (Mark 28.34) * Qty -1 = -2,834.00
2026-01-26 15:10:40,991 [INFO] utils.trades: LEG ID: 77 | TSLA 20260220 440.0Call | Qty: -1
2026-01-26 15:10:40,991 [INFO] utils.trades:   > UNREALIZED: (Mark 28.34 - Entry 27.25) * Qty -1 = -2,834.00
2026-01-26 15:10:40,991 [INFO] utils.trades: --- SUMMARY ---
2026-01-26 15:10:40,991 [INFO] utils.trades: Initial Baseline: -4,465.40
2026-01-26 15:10:40,992 [INFO] utils.trades: Total Realized Cash: -206.13
2026-01-26 15:10:40,992 [INFO] utils.trades: Total Unrealized P&L: 0.00
2026-01-26 15:10:40,992 [INFO] utils.trades: Final True P&L: -206.13
2026-01-26 15:10:40,992 [INFO] utils.trades: --- DEBUG END ---

2026-01-26 15:10:41,006 [INFO] utils.trades:   > CURRENT MARKET VALUE TO LIQUIDATE: (Mark 3.38) * Qty -4 = -1,352.00
2026-01-26 15:10:41,007 [INFO] utils.trades: LEG ID: 55 | RKLB 20260213 80.0Put | Qty: -4
2026-01-26 15:10:41,008 [INFO] utils.trades:   > UNREALIZED: (Mark 3.38 - Entry 4.93) * Qty -4 = -1,352.00
2026-01-26 15:10:41,008 [INFO] utils.trades:   > CURRENT MARKET VALUE TO LIQUIDATE: (Mark 2.0820489119457752) * Qty 4 = 832.82
2026-01-26 15:10:41,008 [INFO] utils.trades: LEG ID: 56 | RKLB 20260213 75.0Put | Qty: 4
2026-01-26 15:10:41,008 [INFO] utils.trades:   > UNREALIZED: (Mark 2.0820489119457752 - Entry 3.13) * Qty 4 = 832.82
2026-01-26 15:10:41,009 [INFO] utils.trades: --- SUMMARY ---
2026-01-26 15:10:41,009 [INFO] utils.trades: Initial Baseline: 717.50
2026-01-26 15:10:41,009 [INFO] utils.trades: Total Realized Cash: 717.50
2026-01-26 15:10:41,009 [INFO] utils.trades: Total Unrealized P&L: -519.18
2026-01-26 15:10:41,009 [INFO] utils.trades: Final True P&L: 198.32
2026-01-26 15:10:41,009 [INFO] utils.trades: --- DEBUG END ---

2026-01-26 15:10:41,023 [INFO] utils.trades: LEG ID: 57 | NVDA 20250919 170.0Call | Qty: -1
2026-01-26 15:10:41,024 [INFO] utils.trades:   > Realized: Entry $416.00 | Exit $-632.00 | Comms $2.04 | P&L $-216.00 | Status: Rolled
2026-01-26 15:10:41,025 [INFO] utils.trades:   > CURRENT MARKET VALUE TO LIQUIDATE: (Mark 24.354095875426868) * Qty 1 = 2,435.41
2026-01-26 15:10:41,025 [INFO] utils.trades: LEG ID: 58 | NVDA 20260320 170.0Call | Qty: 1
2026-01-26 15:10:41,026 [INFO] utils.trades:   > UNREALIZED: (Mark 24.354095875426868 - Entry 21.19) * Qty 1 = 2,435.41
2026-01-26 15:10:41,026 [INFO] utils.trades: LEG ID: 59 | NVDA 20251003 175.0Call | Qty: -1
2026-01-26 15:10:41,026 [INFO] utils.trades:   > Realized: Entry $542.00 | Exit $-774.00 | Comms $1.70 | P&L $-232.00 | Status: Rolled
2026-01-26 15:10:41,026 [INFO] utils.trades: LEG ID: 60 | NVDA 20251010 177.5Call | Qty: -1
2026-01-26 15:10:41,027 [INFO] utils.trades:   > Realized: Entry $737.00 | Exit $-1,072.00 | Comms $1.41 | P&L $-335.00 | Status: Rolled
2026-01-26 15:10:41,027 [INFO] utils.trades: LEG ID: 61 | NVDA 20251031 185.0Call | Qty: -1
2026-01-26 15:10:41,027 [INFO] utils.trades:   > Realized: Entry $937.00 | Exit $-1,417.00 | Comms $1.40 | P&L $-480.00 | Status: Rolled
2026-01-26 15:10:41,027 [INFO] utils.trades: LEG ID: 62 | NVDA 20251107 190.0Call | Qty: -1
2026-01-26 15:10:41,027 [INFO] utils.trades:   > Realized: Entry $1,182.00 | Exit $-2,078.00 | Comms $1.75 | P&L $-896.00 | Status: Rolled
2026-01-26 15:10:41,029 [INFO] utils.trades: LEG ID: 63 | NVDA 20251121 200.0Call | Qty: -1
2026-01-26 15:10:41,029 [INFO] utils.trades:   > Realized: Entry $1,676.00 | Exit $-2.00 | Comms $2.10 | P&L $1,674.00 | Status: Rolled
2026-01-26 15:10:41,029 [INFO] utils.trades: LEG ID: 64 | NVDA 20251128 190.0Call | Qty: -1
2026-01-26 15:10:41,029 [INFO] utils.trades:   > Realized: Entry $156.00 | Exit $-10.00 | Comms $2.04 | P&L $146.00 | Status: Rolled
2026-01-26 15:10:41,030 [INFO] utils.trades: LEG ID: 65 | NVDA 20251128 175.0Call | Qty: -1
2026-01-26 15:10:41,030 [INFO] utils.trades:   > Realized: Entry $203.00 | Exit $-660.00 | Comms $1.69 | P&L $-457.00 | Status: Rolled
2026-01-26 15:10:41,030 [INFO] utils.trades: LEG ID: 66 | NVDA 20251205 180.0Call | Qty: -1
2026-01-26 15:10:41,030 [INFO] utils.trades:   > Realized: Entry $550.00 | Exit $-614.00 | Comms $1.37 | P&L $-64.00 | Status: Rolled
2026-01-26 15:10:41,032 [INFO] utils.trades: LEG ID: 67 | NVDA 20251219 187.0Call | Qty: -1
2026-01-26 15:10:41,033 [INFO] utils.trades:   > Realized: Entry $559.00 | Exit $-7.00 | Comms $1.88 | P&L $552.00 | Status: Rolled
2026-01-26 15:10:41,033 [INFO] utils.trades: LEG ID: 68 | NVDA 20251226 185.0Call | Qty: -1
2026-01-26 15:10:41,033 [INFO] utils.trades:   > Realized: Entry $58.00 | Exit $-571.00 | Comms $1.89 | P&L $-513.00 | Status: Rolled
2026-01-26 15:10:41,033 [INFO] utils.trades: LEG ID: 69 | NVDA 20260102 190.0Call | Qty: -1
2026-01-26 15:10:41,034 [INFO] utils.trades:   > Realized: Entry $336.00 | Exit $-94.00 | Comms $1.73 | P&L $242.00 | Status: Rolled
2026-01-26 15:10:41,034 [INFO] utils.trades: LEG ID: 70 | NVDA 20260109 192.5Call | Qty: -1
2026-01-26 15:10:41,035 [INFO] utils.trades:   > Realized: Entry $240.00 | Exit $-110.00 | Comms $2.10 | P&L $130.00 | Status: Rolled
2026-01-26 15:10:41,035 [INFO] utils.trades: LEG ID: 71 | NVDA 20260116 195.0Call | Qty: -1
2026-01-26 15:10:41,035 [INFO] utils.trades:   > Realized: Entry $211.00 | Exit $-24.00 | Comms $1.75 | P&L $187.00 | Status: Rolled
2026-01-26 15:10:41,035 [INFO] utils.trades: LEG ID: 72 | NVDA 20260123 195.0Call | Qty: -1
2026-01-26 15:10:41,036 [INFO] utils.trades:   > Realized: Entry $86.00 | Exit $-4.00 | Comms $1.75 | P&L $82.00 | Status: Rolled
2026-01-26 15:10:41,037 [INFO] utils.trades: LEG ID: 73 | NVDA 20260123 185.0Call | Qty: -1
2026-01-26 15:10:41,037 [INFO] utils.trades:   > Realized: Entry $60.00 | Exit $-280.00 | Comms $2.10 | P&L $-220.00 | Status: Rolled
2026-01-26 15:10:41,037 [INFO] utils.trades:   > CURRENT MARKET VALUE TO LIQUIDATE: (Mark 2.79) * Qty -1 = -279.00
2026-01-26 15:10:41,037 [INFO] utils.trades: LEG ID: 76 | NVDA 20260130 190.0Call | Qty: -1
2026-01-26 15:10:41,038 [INFO] utils.trades:   > UNREALIZED: (Mark 2.79 - Entry 2.9) * Qty -1 = -279.00
2026-01-26 15:10:41,038 [INFO] utils.trades: --- SUMMARY ---
2026-01-26 15:10:41,038 [INFO] utils.trades: Initial Baseline: -1,705.10
2026-01-26 15:10:41,038 [INFO] utils.trades: Total Realized Cash: -2,259.80
2026-01-26 15:10:41,038 [INFO] utils.trades: Total Unrealized P&L: 2,156.41
2026-01-26 15:10:41,038 [INFO] utils.trades: Final True P&L: -103.39
2026-01-26 15:10:41,039 [INFO] utils.trades: --- DEBUG END ---

2026-01-26 15:10:41,054 [INFO] utils.ui_components: Current View State: False
2026-01-26 15:10:41,056 [DEBUG] utils.ui_components: [close_strategy_dialog] Entering View B Input Form
2026-01-26 15:11:29,043 [INFO] utils.ui_components: Current View State: False
2026-01-26 15:11:29,046 [DEBUG] utils.ui_components: [close_strategy_dialog] Entering View B Input Form
2026-01-26 15:11:29,281 [DEBUG] __main__: Starting Open Trades page
2026-01-26 15:11:29,539 [DEBUG] __main__: get_all_open_positions() INITIATED
2026-01-26 15:11:29,543 [DEBUG] __main__: get_all_open_positions() took 0.00 seconds
2026-01-26 15:11:29,550 [DEBUG] __main__: Open Flat Trades styling INITIATED
2026-01-26 15:11:29,585 [DEBUG] __main__: Open Flat Trades styling took 0.03 seconds
2026-01-26 15:11:29,596 [INFO] utils.trades: --- SUMMARY ---
2026-01-26 15:11:29,597 [INFO] utils.trades: Initial Baseline: 626.38
2026-01-26 15:11:29,597 [INFO] utils.trades: Total Realized Cash: 626.38
2026-01-26 15:11:29,598 [INFO] utils.trades: Total Unrealized P&L: 0.00
2026-01-26 15:11:29,598 [INFO] utils.trades: Final True P&L: 626.38
2026-01-26 15:11:29,599 [INFO] utils.trades: --- DEBUG END ---

2026-01-26 15:11:29,609 [INFO] utils.trades: LEG ID: 28 | MA 20251024 560.0Call | Qty: -1
2026-01-26 15:11:29,610 [INFO] utils.trades:   > Realized: Entry $998.00 | Exit $-1,330.00 | Comms $1.40 | P&L $-332.00 | Status: Rolled
2026-01-26 15:11:29,610 [INFO] utils.trades:   > CURRENT MARKET VALUE TO LIQUIDATE: (Mark 7.723687468989272) * Qty 1 = 772.37
2026-01-26 15:11:29,611 [INFO] utils.trades: LEG ID: 29 | MA 20260320 560.0Call | Qty: 1
2026-01-26 15:11:29,611 [INFO] utils.trades:   > UNREALIZED: (Mark 7.723687468989272 - Entry 41.04) * Qty 1 = 772.37
2026-01-26 15:11:29,611 [INFO] utils.trades: LEG ID: 30 | MA 20251031 570.0Call | Qty: -1
2026-01-26 15:11:29,612 [INFO] utils.trades:   > Realized: Entry $1,333.00 | Exit $-1,551.00 | Comms $1.41 | P&L $-218.00 | Status: Rolled
2026-01-26 15:11:29,612 [INFO] utils.trades: LEG ID: 31 | MA 20251107 575.0Call | Qty: -1
2026-01-26 15:11:29,612 [INFO] utils.trades:   > Realized: Entry $1,446.00 | Exit $-19.00 | Comms $1.76 | P&L $1,427.00 | Status: Rolled
2026-01-26 15:11:29,612 [INFO] utils.trades: LEG ID: 32 | MA 20251114 560.0Call | Qty: -1
2026-01-26 15:11:29,612 [INFO] utils.trades:   > Realized: Entry $247.00 | Exit $-453.00 | Comms $2.10 | P&L $-206.00 | Status: Rolled
2026-01-26 15:11:29,612 [INFO] utils.trades: LEG ID: 33 | MA 20251121 565.0Call | Qty: -1
2026-01-26 15:11:29,613 [INFO] utils.trades:   > Realized: Entry $549.00 | Exit $-12.00 | Comms $2.10 | P&L $537.00 | Status: Rolled
2026-01-26 15:11:29,613 [INFO] utils.trades: LEG ID: 34 | MA 20251205 565.0Call | Qty: -1
2026-01-26 15:11:29,613 [INFO] utils.trades:   > Realized: Entry $217.00 | Exit $-15.00 | Comms $1.71 | P&L $202.00 | Status: Rolled
2026-01-26 15:11:29,614 [INFO] utils.trades: LEG ID: 35 | MA 20251212 562.5Call | Qty: -1
2026-01-26 15:11:29,614 [INFO] utils.trades:   > Realized: Entry $208.00 | Exit $-180.00 | Comms $1.68 | P&L $28.00 | Status: Rolled
2026-01-26 15:11:29,614 [INFO] utils.trades: LEG ID: 36 | MA 20251219 565.0Call | Qty: -1
2026-01-26 15:11:29,614 [INFO] utils.trades:   > Realized: Entry $420.00 | Exit $-1,010.00 | Comms $1.69 | P&L $-590.00 | Status: Rolled
2026-01-26 15:11:29,615 [INFO] utils.trades: LEG ID: 37 | MA 20251226 570.0Call | Qty: -1
2026-01-26 15:11:29,615 [INFO] utils.trades:   > Realized: Entry $859.00 | Exit $-996.00 | Comms $1.70 | P&L $-137.00 | Status: Rolled
2026-01-26 15:11:29,616 [INFO] utils.trades: LEG ID: 38 | MA 20260109 580.0Call | Qty: -1
2026-01-26 15:11:29,616 [INFO] utils.trades:   > Realized: Entry $700.00 | Exit $-411.00 | Comms $2.07 | P&L $289.00 | Status: Rolled
2026-01-26 15:11:29,616 [INFO] utils.trades: LEG ID: 39 | MA 20260116 587.5Call | Qty: -1
2026-01-26 15:11:29,616 [INFO] utils.trades:   > Realized: Entry $390.00 | Exit $-20.00 | Comms $2.10 | P&L $370.00 | Status: Rolled
2026-01-26 15:11:29,616 [INFO] utils.trades: LEG ID: 40 | MA 20260116 560.5Call | Qty: -1
2026-01-26 15:11:29,617 [INFO] utils.trades:   > Realized: Entry $135.00 | Exit $-9.00 | Comms $1.75 | P&L $126.00 | Status: Rolled
2026-01-26 15:11:29,617 [INFO] utils.trades: LEG ID: 41 | MA 20260123 560.0Call | Qty: -1
2026-01-26 15:11:29,617 [INFO] utils.trades:   > Realized: Entry $93.00 | Exit $-27.00 | Comms $1.75 | P&L $66.00 | Status: Rolled
2026-01-26 15:11:29,617 [INFO] utils.trades:   > CURRENT MARKET VALUE TO LIQUIDATE: (Mark 0.97) * Qty -1 = -97.00
2026-01-26 15:11:29,617 [INFO] utils.trades: LEG ID: 75 | MA 20260130 560.0Call | Qty: -1
2026-01-26 15:11:29,617 [INFO] utils.trades:   > UNREALIZED: (Mark 0.97 - Entry 1.44) * Qty -1 = -97.00
2026-01-26 15:11:29,617 [INFO] utils.trades: --- SUMMARY ---
2026-01-26 15:11:29,618 [INFO] utils.trades: Initial Baseline: -3,107.40
2026-01-26 15:11:29,618 [INFO] utils.trades: Total Realized Cash: -2,422.97
2026-01-26 15:11:29,618 [INFO] utils.trades: Total Unrealized P&L: 675.37
2026-01-26 15:11:29,618 [INFO] utils.trades: Final True P&L: -1,747.60
2026-01-26 15:11:29,618 [INFO] utils.trades: --- DEBUG END ---

2026-01-26 15:11:29,630 [INFO] utils.trades: LEG ID: 42 | TSLA 20251031 440.0Call | Qty: -1
2026-01-26 15:11:29,631 [INFO] utils.trades:   > Realized: Entry $1,210.00 | Exit $-2,532.00 | Comms $1.40 | P&L $-1,322.00 | Status: Rolled
2026-01-26 15:11:29,631 [INFO] utils.trades:   > CURRENT MARKET VALUE TO LIQUIDATE: (Mark 28.34) * Qty 1 = 2,834.00
2026-01-26 15:11:29,632 [INFO] utils.trades: LEG ID: 43 | TSLA 20260220 440.0Call | Qty: 1
2026-01-26 15:11:29,632 [INFO] utils.trades:   > UNREALIZED: (Mark 28.34 - Entry 56.74) * Qty 1 = 2,834.00
2026-01-26 15:11:29,632 [INFO] utils.trades: LEG ID: 44 | TSLA 20251107 450.0Call | Qty: -1
2026-01-26 15:11:29,632 [INFO] utils.trades:   > Realized: Entry $2,507.00 | Exit $-2,480.00 | Comms $1.41 | P&L $27.00 | Status: Rolled
2026-01-26 15:11:29,632 [INFO] utils.trades: LEG ID: 45 | TSLA 20251121 467.5Call | Qty: -1
2026-01-26 15:11:29,633 [INFO] utils.trades:   > Realized: Entry $2,525.00 | Exit $-12.00 | Comms $1.41 | P&L $2,513.00 | Status: Rolled
2026-01-26 15:11:29,633 [INFO] utils.trades: LEG ID: 46 | TSLA 20251128 440.0Call | Qty: -1
2026-01-26 15:11:29,633 [INFO] utils.trades:   > Realized: Entry $268.00 | Exit $-43.00 | Comms $1.40 | P&L $225.00 | Status: Rolled
2026-01-26 15:11:29,633 [INFO] utils.trades: LEG ID: 47 | TSLA 20251205 440.0Call | Qty: -1
2026-01-26 15:11:29,633 [INFO] utils.trades:   > Realized: Entry $388.00 | Exit $-618.00 | Comms $1.36 | P&L $-230.00 | Status: Rolled
2026-01-26 15:11:29,633 [INFO] utils.trades: LEG ID: 48 | TSLA 20251212 455.0Call | Qty: -1
2026-01-26 15:11:29,633 [INFO] utils.trades:   > Realized: Entry $663.00 | Exit $-128.00 | Comms $1.69 | P&L $535.00 | Status: Rolled
2026-01-26 15:11:29,633 [INFO] utils.trades: LEG ID: 49 | TSLA 20251219 455.0Call | Qty: -1
2026-01-26 15:11:29,634 [INFO] utils.trades:   > Realized: Entry $713.00 | Exit $-2,520.00 | Comms $1.69 | P&L $-1,807.00 | Status: Rolled
2026-01-26 15:11:29,634 [INFO] utils.trades: LEG ID: 50 | TSLA 20260102 470.0Call | Qty: -1
2026-01-26 15:11:29,634 [INFO] utils.trades:   > Realized: Entry $2,417.00 | Exit $-2.00 | Comms $1.73 | P&L $2,415.00 | Status: Rolled
2026-01-26 15:11:29,634 [INFO] utils.trades: LEG ID: 51 | TSLA 20260109 470.0Call | Qty: -1
2026-01-26 15:11:29,635 [INFO] utils.trades:   > Realized: Entry $238.00 | Exit $-22.00 | Comms $2.10 | P&L $216.00 | Status: Rolled
2026-01-26 15:11:29,635 [INFO] utils.trades: LEG ID: 52 | TSLA 20260116 470.0Call | Qty: -1
2026-01-26 15:11:29,636 [INFO] utils.trades:   > Realized: Entry $208.00 | Exit $-23.00 | Comms $2.60 | P&L $185.00 | Status: Rolled
2026-01-26 15:11:29,636 [INFO] utils.trades: LEG ID: 53 | TSLA 20260116 455.0Call | Qty: -1
2026-01-26 15:11:29,636 [INFO] utils.trades:   > Realized: Entry $109.00 | Exit $-32.00 | Comms $2.14 | P&L $77.00 | Status: Rolled
2026-01-26 15:11:29,636 [INFO] utils.trades: LEG ID: 54 | TSLA 20260123 462.5Call | Qty: -1
2026-01-26 15:11:29,636 [INFO] utils.trades:   > Realized: Entry $272.00 | Exit $-10.00 | Comms $1.40 | P&L $262.00 | Status: Rolled
2026-01-26 15:11:29,636 [INFO] utils.trades: LEG ID: 74 | TSLA 20260123 442.5Call | Qty: -1
2026-01-26 15:11:29,637 [INFO] utils.trades:   > Realized: Entry $220.00 | Exit $-550.00 | Comms $1.40 | P&L $-330.00 | Status: Rolled
2026-01-26 15:11:29,637 [INFO] utils.trades:   > CURRENT MARKET VALUE TO LIQUIDATE: (Mark 28.34) * Qty -1 = -2,834.00
2026-01-26 15:11:29,637 [INFO] utils.trades: LEG ID: 77 | TSLA 20260220 440.0Call | Qty: -1
2026-01-26 15:11:29,637 [INFO] utils.trades:   > UNREALIZED: (Mark 28.34 - Entry 27.25) * Qty -1 = -2,834.00
2026-01-26 15:11:29,637 [INFO] utils.trades: --- SUMMARY ---
2026-01-26 15:11:29,637 [INFO] utils.trades: Initial Baseline: -4,465.40
2026-01-26 15:11:29,637 [INFO] utils.trades: Total Realized Cash: -206.13
2026-01-26 15:11:29,638 [INFO] utils.trades: Total Unrealized P&L: 0.00
2026-01-26 15:11:29,638 [INFO] utils.trades: Final True P&L: -206.13
2026-01-26 15:11:29,638 [INFO] utils.trades: --- DEBUG END ---

2026-01-26 15:11:29,671 [INFO] utils.trades:   > CURRENT MARKET VALUE TO LIQUIDATE: (Mark 3.38) * Qty -4 = -1,352.00
2026-01-26 15:11:29,672 [INFO] utils.trades: LEG ID: 55 | RKLB 20260213 80.0Put | Qty: -4
2026-01-26 15:11:29,672 [INFO] utils.trades:   > UNREALIZED: (Mark 3.38 - Entry 4.93) * Qty -4 = -1,352.00
2026-01-26 15:11:29,672 [INFO] utils.trades:   > CURRENT MARKET VALUE TO LIQUIDATE: (Mark 2.0820489119457752) * Qty 4 = 832.82
2026-01-26 15:11:29,672 [INFO] utils.trades: LEG ID: 56 | RKLB 20260213 75.0Put | Qty: 4
2026-01-26 15:11:29,673 [INFO] utils.trades:   > UNREALIZED: (Mark 2.0820489119457752 - Entry 3.13) * Qty 4 = 832.82
2026-01-26 15:11:29,673 [INFO] utils.trades: --- SUMMARY ---
2026-01-26 15:11:29,673 [INFO] utils.trades: Initial Baseline: 717.50
2026-01-26 15:11:29,673 [INFO] utils.trades: Total Realized Cash: 717.50
2026-01-26 15:11:29,673 [INFO] utils.trades: Total Unrealized P&L: -519.18
2026-01-26 15:11:29,674 [INFO] utils.trades: Final True P&L: 198.32
2026-01-26 15:11:29,674 [INFO] utils.trades: --- DEBUG END ---

2026-01-26 15:11:29,683 [INFO] utils.trades: LEG ID: 57 | NVDA 20250919 170.0Call | Qty: -1
2026-01-26 15:11:29,684 [INFO] utils.trades:   > Realized: Entry $416.00 | Exit $-632.00 | Comms $2.04 | P&L $-216.00 | Status: Rolled
2026-01-26 15:11:29,684 [INFO] utils.trades:   > CURRENT MARKET VALUE TO LIQUIDATE: (Mark 24.354095875426868) * Qty 1 = 2,435.41
2026-01-26 15:11:29,684 [INFO] utils.trades: LEG ID: 58 | NVDA 20260320 170.0Call | Qty: 1
2026-01-26 15:11:29,684 [INFO] utils.trades:   > UNREALIZED: (Mark 24.354095875426868 - Entry 21.19) * Qty 1 = 2,435.41
2026-01-26 15:11:29,684 [INFO] utils.trades: LEG ID: 59 | NVDA 20251003 175.0Call | Qty: -1
2026-01-26 15:11:29,685 [INFO] utils.trades:   > Realized: Entry $542.00 | Exit $-774.00 | Comms $1.70 | P&L $-232.00 | Status: Rolled
2026-01-26 15:11:29,685 [INFO] utils.trades: LEG ID: 60 | NVDA 20251010 177.5Call | Qty: -1
2026-01-26 15:11:29,685 [INFO] utils.trades:   > Realized: Entry $737.00 | Exit $-1,072.00 | Comms $1.41 | P&L $-335.00 | Status: Rolled
2026-01-26 15:11:29,685 [INFO] utils.trades: LEG ID: 61 | NVDA 20251031 185.0Call | Qty: -1
2026-01-26 15:11:29,686 [INFO] utils.trades:   > Realized: Entry $937.00 | Exit $-1,417.00 | Comms $1.40 | P&L $-480.00 | Status: Rolled
2026-01-26 15:11:29,686 [INFO] utils.trades: LEG ID: 62 | NVDA 20251107 190.0Call | Qty: -1
2026-01-26 15:11:29,686 [INFO] utils.trades:   > Realized: Entry $1,182.00 | Exit $-2,078.00 | Comms $1.75 | P&L $-896.00 | Status: Rolled
2026-01-26 15:11:29,686 [INFO] utils.trades: LEG ID: 63 | NVDA 20251121 200.0Call | Qty: -1
2026-01-26 15:11:29,686 [INFO] utils.trades:   > Realized: Entry $1,676.00 | Exit $-2.00 | Comms $2.10 | P&L $1,674.00 | Status: Rolled
2026-01-26 15:11:29,687 [INFO] utils.trades: LEG ID: 64 | NVDA 20251128 190.0Call | Qty: -1
2026-01-26 15:11:29,687 [INFO] utils.trades:   > Realized: Entry $156.00 | Exit $-10.00 | Comms $2.04 | P&L $146.00 | Status: Rolled
2026-01-26 15:11:29,687 [INFO] utils.trades: LEG ID: 65 | NVDA 20251128 175.0Call | Qty: -1
2026-01-26 15:11:29,688 [INFO] utils.trades:   > Realized: Entry $203.00 | Exit $-660.00 | Comms $1.69 | P&L $-457.00 | Status: Rolled
2026-01-26 15:11:29,688 [INFO] utils.trades: LEG ID: 66 | NVDA 20251205 180.0Call | Qty: -1
2026-01-26 15:11:29,688 [INFO] utils.trades:   > Realized: Entry $550.00 | Exit $-614.00 | Comms $1.37 | P&L $-64.00 | Status: Rolled
2026-01-26 15:11:29,688 [INFO] utils.trades: LEG ID: 67 | NVDA 20251219 187.0Call | Qty: -1
2026-01-26 15:11:29,688 [INFO] utils.trades:   > Realized: Entry $559.00 | Exit $-7.00 | Comms $1.88 | P&L $552.00 | Status: Rolled
2026-01-26 15:11:29,688 [INFO] utils.trades: LEG ID: 68 | NVDA 20251226 185.0Call | Qty: -1
2026-01-26 15:11:29,688 [INFO] utils.trades:   > Realized: Entry $58.00 | Exit $-571.00 | Comms $1.89 | P&L $-513.00 | Status: Rolled
2026-01-26 15:11:29,689 [INFO] utils.trades: LEG ID: 69 | NVDA 20260102 190.0Call | Qty: -1
2026-01-26 15:11:29,689 [INFO] utils.trades:   > Realized: Entry $336.00 | Exit $-94.00 | Comms $1.73 | P&L $242.00 | Status: Rolled
2026-01-26 15:11:29,689 [INFO] utils.trades: LEG ID: 70 | NVDA 20260109 192.5Call | Qty: -1
2026-01-26 15:11:29,689 [INFO] utils.trades:   > Realized: Entry $240.00 | Exit $-110.00 | Comms $2.10 | P&L $130.00 | Status: Rolled
2026-01-26 15:11:29,689 [INFO] utils.trades: LEG ID: 71 | NVDA 20260116 195.0Call | Qty: -1
2026-01-26 15:11:29,689 [INFO] utils.trades:   > Realized: Entry $211.00 | Exit $-24.00 | Comms $1.75 | P&L $187.00 | Status: Rolled
2026-01-26 15:11:29,690 [INFO] utils.trades: LEG ID: 72 | NVDA 20260123 195.0Call | Qty: -1
2026-01-26 15:11:29,690 [INFO] utils.trades:   > Realized: Entry $86.00 | Exit $-4.00 | Comms $1.75 | P&L $82.00 | Status: Rolled
2026-01-26 15:11:29,690 [INFO] utils.trades: LEG ID: 73 | NVDA 20260123 185.0Call | Qty: -1
2026-01-26 15:11:29,690 [INFO] utils.trades:   > Realized: Entry $60.00 | Exit $-280.00 | Comms $2.10 | P&L $-220.00 | Status: Rolled
2026-01-26 15:11:29,690 [INFO] utils.trades:   > CURRENT MARKET VALUE TO LIQUIDATE: (Mark 2.79) * Qty -1 = -279.00
2026-01-26 15:11:29,690 [INFO] utils.trades: LEG ID: 76 | NVDA 20260130 190.0Call | Qty: -1
2026-01-26 15:11:29,691 [INFO] utils.trades:   > UNREALIZED: (Mark 2.79 - Entry 2.9) * Qty -1 = -279.00
2026-01-26 15:11:29,691 [INFO] utils.trades: --- SUMMARY ---
2026-01-26 15:11:29,691 [INFO] utils.trades: Initial Baseline: -1,705.10
2026-01-26 15:11:29,691 [INFO] utils.trades: Total Realized Cash: -2,259.80
2026-01-26 15:11:29,691 [INFO] utils.trades: Total Unrealized P&L: 2,156.41
2026-01-26 15:11:29,691 [INFO] utils.trades: Final True P&L: -103.39
2026-01-26 15:11:29,691 [INFO] utils.trades: --- DEBUG END ---

2026-01-26 15:11:42,670 [DEBUG] __main__: Starting Open Trades page
2026-01-26 15:11:42,916 [DEBUG] __main__: get_all_open_positions() INITIATED
2026-01-26 15:11:42,919 [DEBUG] __main__: get_all_open_positions() took 0.00 seconds
2026-01-26 15:11:42,929 [DEBUG] __main__: Open Flat Trades styling INITIATED
2026-01-26 15:11:42,955 [DEBUG] __main__: Open Flat Trades styling took 0.03 seconds
2026-01-26 15:11:42,971 [INFO] utils.trades: --- SUMMARY ---
2026-01-26 15:11:42,971 [INFO] utils.trades: Initial Baseline: 626.38
2026-01-26 15:11:42,971 [INFO] utils.trades: Total Realized Cash: 626.38
2026-01-26 15:11:42,972 [INFO] utils.trades: Total Unrealized P&L: 0.00
2026-01-26 15:11:42,972 [INFO] utils.trades: Final True P&L: 626.38
2026-01-26 15:11:42,972 [INFO] utils.trades: --- DEBUG END ---

2026-01-26 15:11:42,982 [INFO] utils.trades: LEG ID: 28 | MA 20251024 560.0Call | Qty: -1
2026-01-26 15:11:42,983 [INFO] utils.trades:   > Realized: Entry $998.00 | Exit $-1,330.00 | Comms $1.40 | P&L $-332.00 | Status: Rolled
2026-01-26 15:11:42,983 [INFO] utils.trades:   > CURRENT MARKET VALUE TO LIQUIDATE: (Mark 7.723687468989272) * Qty 1 = 772.37
2026-01-26 15:11:42,983 [INFO] utils.trades: LEG ID: 29 | MA 20260320 560.0Call | Qty: 1
2026-01-26 15:11:42,984 [INFO] utils.trades:   > UNREALIZED: (Mark 7.723687468989272 - Entry 41.04) * Qty 1 = 772.37
2026-01-26 15:11:42,984 [INFO] utils.trades: LEG ID: 30 | MA 20251031 570.0Call | Qty: -1
2026-01-26 15:11:42,984 [INFO] utils.trades:   > Realized: Entry $1,333.00 | Exit $-1,551.00 | Comms $1.41 | P&L $-218.00 | Status: Rolled
2026-01-26 15:11:42,984 [INFO] utils.trades: LEG ID: 31 | MA 20251107 575.0Call | Qty: -1
2026-01-26 15:11:42,985 [INFO] utils.trades:   > Realized: Entry $1,446.00 | Exit $-19.00 | Comms $1.76 | P&L $1,427.00 | Status: Rolled
2026-01-26 15:11:42,985 [INFO] utils.trades: LEG ID: 32 | MA 20251114 560.0Call | Qty: -1
2026-01-26 15:11:42,986 [INFO] utils.trades:   > Realized: Entry $247.00 | Exit $-453.00 | Comms $2.10 | P&L $-206.00 | Status: Rolled
2026-01-26 15:11:42,986 [INFO] utils.trades: LEG ID: 33 | MA 20251121 565.0Call | Qty: -1
2026-01-26 15:11:42,986 [INFO] utils.trades:   > Realized: Entry $549.00 | Exit $-12.00 | Comms $2.10 | P&L $537.00 | Status: Rolled
2026-01-26 15:11:42,987 [INFO] utils.trades: LEG ID: 34 | MA 20251205 565.0Call | Qty: -1
2026-01-26 15:11:42,988 [INFO] utils.trades:   > Realized: Entry $217.00 | Exit $-15.00 | Comms $1.71 | P&L $202.00 | Status: Rolled
2026-01-26 15:11:42,988 [INFO] utils.trades: LEG ID: 35 | MA 20251212 562.5Call | Qty: -1
2026-01-26 15:11:42,989 [INFO] utils.trades:   > Realized: Entry $208.00 | Exit $-180.00 | Comms $1.68 | P&L $28.00 | Status: Rolled
2026-01-26 15:11:42,989 [INFO] utils.trades: LEG ID: 36 | MA 20251219 565.0Call | Qty: -1
2026-01-26 15:11:42,990 [INFO] utils.trades:   > Realized: Entry $420.00 | Exit $-1,010.00 | Comms $1.69 | P&L $-590.00 | Status: Rolled
2026-01-26 15:11:42,990 [INFO] utils.trades: LEG ID: 37 | MA 20251226 570.0Call | Qty: -1
2026-01-26 15:11:42,990 [INFO] utils.trades:   > Realized: Entry $859.00 | Exit $-996.00 | Comms $1.70 | P&L $-137.00 | Status: Rolled
2026-01-26 15:11:42,991 [INFO] utils.trades: LEG ID: 38 | MA 20260109 580.0Call | Qty: -1
2026-01-26 15:11:42,991 [INFO] utils.trades:   > Realized: Entry $700.00 | Exit $-411.00 | Comms $2.07 | P&L $289.00 | Status: Rolled
2026-01-26 15:11:42,991 [INFO] utils.trades: LEG ID: 39 | MA 20260116 587.5Call | Qty: -1
2026-01-26 15:11:42,991 [INFO] utils.trades:   > Realized: Entry $390.00 | Exit $-20.00 | Comms $2.10 | P&L $370.00 | Status: Rolled
2026-01-26 15:11:42,992 [INFO] utils.trades: LEG ID: 40 | MA 20260116 560.5Call | Qty: -1
2026-01-26 15:11:42,992 [INFO] utils.trades:   > Realized: Entry $135.00 | Exit $-9.00 | Comms $1.75 | P&L $126.00 | Status: Rolled
2026-01-26 15:11:42,992 [INFO] utils.trades: LEG ID: 41 | MA 20260123 560.0Call | Qty: -1
2026-01-26 15:11:42,993 [INFO] utils.trades:   > Realized: Entry $93.00 | Exit $-27.00 | Comms $1.75 | P&L $66.00 | Status: Rolled
2026-01-26 15:11:42,993 [INFO] utils.trades:   > CURRENT MARKET VALUE TO LIQUIDATE: (Mark 0.97) * Qty -1 = -97.00
2026-01-26 15:11:42,993 [INFO] utils.trades: LEG ID: 75 | MA 20260130 560.0Call | Qty: -1
2026-01-26 15:11:42,993 [INFO] utils.trades:   > UNREALIZED: (Mark 0.97 - Entry 1.44) * Qty -1 = -97.00
2026-01-26 15:11:42,993 [INFO] utils.trades: --- SUMMARY ---
2026-01-26 15:11:42,994 [INFO] utils.trades: Initial Baseline: -3,107.40
2026-01-26 15:11:42,994 [INFO] utils.trades: Total Realized Cash: -2,422.97
2026-01-26 15:11:42,994 [INFO] utils.trades: Total Unrealized P&L: 675.37
2026-01-26 15:11:42,994 [INFO] utils.trades: Final True P&L: -1,747.60
2026-01-26 15:11:42,995 [INFO] utils.trades: --- DEBUG END ---

2026-01-26 15:11:43,020 [INFO] utils.trades: LEG ID: 42 | TSLA 20251031 440.0Call | Qty: -1
2026-01-26 15:11:43,021 [INFO] utils.trades:   > Realized: Entry $1,210.00 | Exit $-2,532.00 | Comms $1.40 | P&L $-1,322.00 | Status: Rolled
2026-01-26 15:11:43,022 [INFO] utils.trades:   > CURRENT MARKET VALUE TO LIQUIDATE: (Mark 28.34) * Qty 1 = 2,834.00
2026-01-26 15:11:43,022 [INFO] utils.trades: LEG ID: 43 | TSLA 20260220 440.0Call | Qty: 1
2026-01-26 15:11:43,023 [INFO] utils.trades:   > UNREALIZED: (Mark 28.34 - Entry 56.74) * Qty 1 = 2,834.00
2026-01-26 15:11:43,023 [INFO] utils.trades: LEG ID: 44 | TSLA 20251107 450.0Call | Qty: -1
2026-01-26 15:11:43,023 [INFO] utils.trades:   > Realized: Entry $2,507.00 | Exit $-2,480.00 | Comms $1.41 | P&L $27.00 | Status: Rolled
2026-01-26 15:11:43,024 [INFO] utils.trades: LEG ID: 45 | TSLA 20251121 467.5Call | Qty: -1
2026-01-26 15:11:43,024 [INFO] utils.trades:   > Realized: Entry $2,525.00 | Exit $-12.00 | Comms $1.41 | P&L $2,513.00 | Status: Rolled
2026-01-26 15:11:43,025 [INFO] utils.trades: LEG ID: 46 | TSLA 20251128 440.0Call | Qty: -1
2026-01-26 15:11:43,025 [INFO] utils.trades:   > Realized: Entry $268.00 | Exit $-43.00 | Comms $1.40 | P&L $225.00 | Status: Rolled
2026-01-26 15:11:43,025 [INFO] utils.trades: LEG ID: 47 | TSLA 20251205 440.0Call | Qty: -1
2026-01-26 15:11:43,026 [INFO] utils.trades:   > Realized: Entry $388.00 | Exit $-618.00 | Comms $1.36 | P&L $-230.00 | Status: Rolled
2026-01-26 15:11:43,026 [INFO] utils.trades: LEG ID: 48 | TSLA 20251212 455.0Call | Qty: -1
2026-01-26 15:11:43,027 [INFO] utils.trades:   > Realized: Entry $663.00 | Exit $-128.00 | Comms $1.69 | P&L $535.00 | Status: Rolled
2026-01-26 15:11:43,028 [INFO] utils.trades: LEG ID: 49 | TSLA 20251219 455.0Call | Qty: -1
2026-01-26 15:11:43,029 [INFO] utils.trades:   > Realized: Entry $713.00 | Exit $-2,520.00 | Comms $1.69 | P&L $-1,807.00 | Status: Rolled
2026-01-26 15:11:43,029 [INFO] utils.trades: LEG ID: 50 | TSLA 20260102 470.0Call | Qty: -1
2026-01-26 15:11:43,029 [INFO] utils.trades:   > Realized: Entry $2,417.00 | Exit $-2.00 | Comms $1.73 | P&L $2,415.00 | Status: Rolled
2026-01-26 15:11:43,033 [INFO] utils.trades: LEG ID: 51 | TSLA 20260109 470.0Call | Qty: -1
2026-01-26 15:11:43,035 [INFO] utils.trades:   > Realized: Entry $238.00 | Exit $-22.00 | Comms $2.10 | P&L $216.00 | Status: Rolled
2026-01-26 15:11:43,035 [INFO] utils.trades: LEG ID: 52 | TSLA 20260116 470.0Call | Qty: -1
2026-01-26 15:11:43,035 [INFO] utils.trades:   > Realized: Entry $208.00 | Exit $-23.00 | Comms $2.60 | P&L $185.00 | Status: Rolled
2026-01-26 15:11:43,036 [INFO] utils.trades: LEG ID: 53 | TSLA 20260116 455.0Call | Qty: -1
2026-01-26 15:11:43,036 [INFO] utils.trades:   > Realized: Entry $109.00 | Exit $-32.00 | Comms $2.14 | P&L $77.00 | Status: Rolled
2026-01-26 15:11:43,036 [INFO] utils.trades: LEG ID: 54 | TSLA 20260123 462.5Call | Qty: -1
2026-01-26 15:11:43,037 [INFO] utils.trades:   > Realized: Entry $272.00 | Exit $-10.00 | Comms $1.40 | P&L $262.00 | Status: Rolled
2026-01-26 15:11:43,037 [INFO] utils.trades: LEG ID: 74 | TSLA 20260123 442.5Call | Qty: -1
2026-01-26 15:11:43,037 [INFO] utils.trades:   > Realized: Entry $220.00 | Exit $-550.00 | Comms $1.40 | P&L $-330.00 | Status: Rolled
2026-01-26 15:11:43,037 [INFO] utils.trades:   > CURRENT MARKET VALUE TO LIQUIDATE: (Mark 28.34) * Qty -1 = -2,834.00
2026-01-26 15:11:43,037 [INFO] utils.trades: LEG ID: 77 | TSLA 20260220 440.0Call | Qty: -1
2026-01-26 15:11:43,038 [INFO] utils.trades:   > UNREALIZED: (Mark 28.34 - Entry 27.25) * Qty -1 = -2,834.00
2026-01-26 15:11:43,038 [INFO] utils.trades: --- SUMMARY ---
2026-01-26 15:11:43,038 [INFO] utils.trades: Initial Baseline: -4,465.40
2026-01-26 15:11:43,038 [INFO] utils.trades: Total Realized Cash: -206.13
2026-01-26 15:11:43,039 [INFO] utils.trades: Total Unrealized P&L: 0.00
2026-01-26 15:11:43,039 [INFO] utils.trades: Final True P&L: -206.13
2026-01-26 15:11:43,039 [INFO] utils.trades: --- DEBUG END ---

2026-01-26 15:11:43,056 [INFO] utils.trades:   > CURRENT MARKET VALUE TO LIQUIDATE: (Mark 3.38) * Qty -4 = -1,352.00
2026-01-26 15:11:43,056 [INFO] utils.trades: LEG ID: 55 | RKLB 20260213 80.0Put | Qty: -4
2026-01-26 15:11:43,057 [INFO] utils.trades:   > UNREALIZED: (Mark 3.38 - Entry 4.93) * Qty -4 = -1,352.00
2026-01-26 15:11:43,057 [INFO] utils.trades:   > CURRENT MARKET VALUE TO LIQUIDATE: (Mark 2.0820489119457752) * Qty 4 = 832.82
2026-01-26 15:11:43,057 [INFO] utils.trades: LEG ID: 56 | RKLB 20260213 75.0Put | Qty: 4
2026-01-26 15:11:43,058 [INFO] utils.trades:   > UNREALIZED: (Mark 2.0820489119457752 - Entry 3.13) * Qty 4 = 832.82
2026-01-26 15:11:43,058 [INFO] utils.trades: --- SUMMARY ---
2026-01-26 15:11:43,058 [INFO] utils.trades: Initial Baseline: 717.50
2026-01-26 15:11:43,058 [INFO] utils.trades: Total Realized Cash: 717.50
2026-01-26 15:11:43,058 [INFO] utils.trades: Total Unrealized P&L: -519.18
2026-01-26 15:11:43,058 [INFO] utils.trades: Final True P&L: 198.32
2026-01-26 15:11:43,059 [INFO] utils.trades: --- DEBUG END ---

2026-01-26 15:11:43,071 [INFO] utils.trades: LEG ID: 57 | NVDA 20250919 170.0Call | Qty: -1
2026-01-26 15:11:43,072 [INFO] utils.trades:   > Realized: Entry $416.00 | Exit $-632.00 | Comms $2.04 | P&L $-216.00 | Status: Rolled
2026-01-26 15:11:43,072 [INFO] utils.trades:   > CURRENT MARKET VALUE TO LIQUIDATE: (Mark 24.354095875426868) * Qty 1 = 2,435.41
2026-01-26 15:11:43,073 [INFO] utils.trades: LEG ID: 58 | NVDA 20260320 170.0Call | Qty: 1
2026-01-26 15:11:43,073 [INFO] utils.trades:   > UNREALIZED: (Mark 24.354095875426868 - Entry 21.19) * Qty 1 = 2,435.41
2026-01-26 15:11:43,074 [INFO] utils.trades: LEG ID: 59 | NVDA 20251003 175.0Call | Qty: -1
2026-01-26 15:11:43,075 [INFO] utils.trades:   > Realized: Entry $542.00 | Exit $-774.00 | Comms $1.70 | P&L $-232.00 | Status: Rolled
2026-01-26 15:11:43,075 [INFO] utils.trades: LEG ID: 60 | NVDA 20251010 177.5Call | Qty: -1
2026-01-26 15:11:43,075 [INFO] utils.trades:   > Realized: Entry $737.00 | Exit $-1,072.00 | Comms $1.41 | P&L $-335.00 | Status: Rolled
2026-01-26 15:11:43,076 [INFO] utils.trades: LEG ID: 61 | NVDA 20251031 185.0Call | Qty: -1
2026-01-26 15:11:43,076 [INFO] utils.trades:   > Realized: Entry $937.00 | Exit $-1,417.00 | Comms $1.40 | P&L $-480.00 | Status: Rolled
2026-01-26 15:11:43,077 [INFO] utils.trades: LEG ID: 62 | NVDA 20251107 190.0Call | Qty: -1
2026-01-26 15:11:43,078 [INFO] utils.trades:   > Realized: Entry $1,182.00 | Exit $-2,078.00 | Comms $1.75 | P&L $-896.00 | Status: Rolled
2026-01-26 15:11:43,078 [INFO] utils.trades: LEG ID: 63 | NVDA 20251121 200.0Call | Qty: -1
2026-01-26 15:11:43,079 [INFO] utils.trades:   > Realized: Entry $1,676.00 | Exit $-2.00 | Comms $2.10 | P&L $1,674.00 | Status: Rolled
2026-01-26 15:11:43,079 [INFO] utils.trades: LEG ID: 64 | NVDA 20251128 190.0Call | Qty: -1
2026-01-26 15:11:43,080 [INFO] utils.trades:   > Realized: Entry $156.00 | Exit $-10.00 | Comms $2.04 | P&L $146.00 | Status: Rolled
2026-01-26 15:11:43,084 [INFO] utils.trades: LEG ID: 65 | NVDA 20251128 175.0Call | Qty: -1
2026-01-26 15:11:43,084 [INFO] utils.trades:   > Realized: Entry $203.00 | Exit $-660.00 | Comms $1.69 | P&L $-457.00 | Status: Rolled
2026-01-26 15:11:43,085 [INFO] utils.trades: LEG ID: 66 | NVDA 20251205 180.0Call | Qty: -1
2026-01-26 15:11:43,085 [INFO] utils.trades:   > Realized: Entry $550.00 | Exit $-614.00 | Comms $1.37 | P&L $-64.00 | Status: Rolled
2026-01-26 15:11:43,086 [INFO] utils.trades: LEG ID: 67 | NVDA 20251219 187.0Call | Qty: -1
2026-01-26 15:11:43,086 [INFO] utils.trades:   > Realized: Entry $559.00 | Exit $-7.00 | Comms $1.88 | P&L $552.00 | Status: Rolled
2026-01-26 15:11:43,086 [INFO] utils.trades: LEG ID: 68 | NVDA 20251226 185.0Call | Qty: -1
2026-01-26 15:11:43,087 [INFO] utils.trades:   > Realized: Entry $58.00 | Exit $-571.00 | Comms $1.89 | P&L $-513.00 | Status: Rolled
2026-01-26 15:11:43,087 [INFO] utils.trades: LEG ID: 69 | NVDA 20260102 190.0Call | Qty: -1
2026-01-26 15:11:43,087 [INFO] utils.trades:   > Realized: Entry $336.00 | Exit $-94.00 | Comms $1.73 | P&L $242.00 | Status: Rolled
2026-01-26 15:11:43,087 [INFO] utils.trades: LEG ID: 70 | NVDA 20260109 192.5Call | Qty: -1
2026-01-26 15:11:43,088 [INFO] utils.trades:   > Realized: Entry $240.00 | Exit $-110.00 | Comms $2.10 | P&L $130.00 | Status: Rolled
2026-01-26 15:11:43,088 [INFO] utils.trades: LEG ID: 71 | NVDA 20260116 195.0Call | Qty: -1
2026-01-26 15:11:43,088 [INFO] utils.trades:   > Realized: Entry $211.00 | Exit $-24.00 | Comms $1.75 | P&L $187.00 | Status: Rolled
2026-01-26 15:11:43,088 [INFO] utils.trades: LEG ID: 72 | NVDA 20260123 195.0Call | Qty: -1
2026-01-26 15:11:43,089 [INFO] utils.trades:   > Realized: Entry $86.00 | Exit $-4.00 | Comms $1.75 | P&L $82.00 | Status: Rolled
2026-01-26 15:11:43,089 [INFO] utils.trades: LEG ID: 73 | NVDA 20260123 185.0Call | Qty: -1
2026-01-26 15:11:43,089 [INFO] utils.trades:   > Realized: Entry $60.00 | Exit $-280.00 | Comms $2.10 | P&L $-220.00 | Status: Rolled
2026-01-26 15:11:43,089 [INFO] utils.trades:   > CURRENT MARKET VALUE TO LIQUIDATE: (Mark 2.79) * Qty -1 = -279.00
2026-01-26 15:11:43,090 [INFO] utils.trades: LEG ID: 76 | NVDA 20260130 190.0Call | Qty: -1
2026-01-26 15:11:43,090 [INFO] utils.trades:   > UNREALIZED: (Mark 2.79 - Entry 2.9) * Qty -1 = -279.00
2026-01-26 15:11:43,090 [INFO] utils.trades: --- SUMMARY ---
2026-01-26 15:11:43,091 [INFO] utils.trades: Initial Baseline: -1,705.10
2026-01-26 15:11:43,091 [INFO] utils.trades: Total Realized Cash: -2,259.80
2026-01-26 15:11:43,091 [INFO] utils.trades: Total Unrealized P&L: 2,156.41
2026-01-26 15:11:43,092 [INFO] utils.trades: Final True P&L: -103.39
2026-01-26 15:11:43,092 [INFO] utils.trades: --- DEBUG END ---

2026-01-26 15:13:04,910 [DEBUG] __main__: Starting Closed Trades page
2026-01-26 15:13:05,185 [DEBUG] __main__: fetch_trades() INITIATED
2026-01-26 15:13:05,195 [DEBUG] __main__: fetch_trades() took 0.01 seconds
2026-01-26 15:13:05,196 [DEBUG] __main__: trades_to_df() INITIATED
2026-01-26 15:13:05,243 [DEBUG] __main__: trades_to_df() took 0.05 seconds
2026-01-26 15:13:05,244 [DEBUG] __main__: load_closed_trades() INITIATED
2026-01-26 15:13:05,266 [DEBUG] __main__: load_closed_trades() took 0.02 seconds
2026-01-26 15:13:05,268 [DEBUG] __main__: closed_df styling INITIATED
2026-01-26 15:13:05,304 [DEBUG] __main__: closed_df styling took 0.04 seconds
2026-01-26 15:13:05,315 [INFO] utils.trades: LEG ID: 20 | COST 20251031 935.0Call | Qty: -1
2026-01-26 15:13:05,317 [INFO] utils.trades:   > Realized: Entry $1,289.00 | Exit $-2,142.00 | Comms $1.40 | P&L $-853.00 | Status: Rolled
2026-01-26 15:13:05,318 [INFO] utils.trades: LEG ID: 21 | COST 20260116 935.0Call | Qty: 1
2026-01-26 15:13:05,319 [INFO] utils.trades:   > Realized: Entry $-4,672.00 | Exit $2,237.00 | Comms $1.50 | P&L $-2,435.00 | Status: Closed
2026-01-26 15:13:05,319 [INFO] utils.trades: LEG ID: 22 | COST 20251114 950.0Call | Qty: -1
2026-01-26 15:13:05,319 [INFO] utils.trades:   > Realized: Entry $2,037.00 | Exit $-14.00 | Comms $1.75 | P&L $2,023.00 | Status: Rolled
2026-01-26 15:13:05,320 [INFO] utils.trades: LEG ID: 23 | COST 20251121 940.0Call | Qty: -1
2026-01-26 15:13:05,320 [INFO] utils.trades:   > Realized: Entry $427.00 | Exit $-3.00 | Comms $2.10 | P&L $424.00 | Status: Rolled
2026-01-26 15:13:05,321 [INFO] utils.trades: LEG ID: 24 | COST 20251128 940.0Call | Qty: -1
2026-01-26 15:13:05,322 [INFO] utils.trades:   > Realized: Entry $139.00 | Exit $-6.00 | Comms $2.10 | P&L $133.00 | Status: Rolled
2026-01-26 15:13:05,322 [INFO] utils.trades: LEG ID: 25 | COST 20251205 940.0Call | Qty: -1
2026-01-26 15:13:05,322 [INFO] utils.trades:   > Realized: Entry $111.00 | Exit $-8.00 | Comms $2.07 | P&L $103.00 | Status: Rolled
2026-01-26 15:13:05,323 [INFO] utils.trades: LEG ID: 26 | COST 20251212 940.0Call | Qty: -1
2026-01-26 15:13:05,323 [INFO] utils.trades:   > Realized: Entry $553.00 | Exit $-4.00 | Comms $1.70 | P&L $549.00 | Status: Rolled
2026-01-26 15:13:05,323 [INFO] utils.trades: LEG ID: 27 | COST 20260102 945.0Call | Qty: -1
2026-01-26 15:13:05,324 [INFO] utils.trades:   > Realized: Entry $137.00 | Exit $-0.00 | Comms $0.67 | P&L $137.00 | Status: Rolled
2026-01-26 15:13:05,324 [INFO] utils.trades: --- SUMMARY ---
2026-01-26 15:13:05,324 [INFO] utils.trades: Initial Baseline: -3,384.40
2026-01-26 15:13:05,325 [INFO] utils.trades: Total Realized Cash: 67.71
2026-01-26 15:13:05,330 [INFO] utils.trades: Total Unrealized P&L: 0.00
2026-01-26 15:13:05,340 [INFO] utils.trades: Final True P&L: 67.71
2026-01-26 15:13:05,353 [INFO] utils.trades: --- DEBUG END ---

2026-01-26 15:13:05,387 [INFO] utils.trades: LEG ID: 13 | SNDK 20260123 350.0Put | Qty: -3
2026-01-26 15:13:05,415 [INFO] utils.trades:   > Realized: Entry $3,621.00 | Exit $-0.00 | Comms $0.28 | P&L $3,621.00 | Status: Closed
2026-01-26 15:13:05,423 [INFO] utils.trades: LEG ID: 14 | SNDK 20260123 340.0Put | Qty: 3
2026-01-26 15:13:05,430 [INFO] utils.trades:   > Realized: Entry $-2,781.00 | Exit $0.00 | Comms $0.28 | P&L $-2,781.00 | Status: Closed
2026-01-26 15:13:05,434 [INFO] utils.trades: --- SUMMARY ---
2026-01-26 15:13:05,438 [INFO] utils.trades: Initial Baseline: 839.44
2026-01-26 15:13:05,441 [INFO] utils.trades: Total Realized Cash: 839.44
2026-01-26 15:13:05,442 [INFO] utils.trades: Total Unrealized P&L: 0.00
2026-01-26 15:13:05,442 [INFO] utils.trades: Final True P&L: 839.44
2026-01-26 15:13:05,443 [INFO] utils.trades: --- DEBUG END ---

2026-01-26 15:13:05,457 [INFO] utils.trades: LEG ID: 11 | AMZN 20251128 220.0Call | Qty: -2
2026-01-26 15:13:05,459 [INFO] utils.trades:   > Realized: Entry $1,038.00 | Exit $-1,740.00 | Comms $1.60 | P&L $-702.00 | Status: Rolled
2026-01-26 15:13:05,466 [INFO] utils.trades: LEG ID: 12 | AMZN 20260320 220.0Call | Qty: 2
2026-01-26 15:13:05,469 [INFO] utils.trades:   > Realized: Entry $-4,188.00 | Exit $5,024.00 | Comms $1.52 | P&L $836.00 | Status: Closed
2026-01-26 15:13:05,474 [INFO] utils.trades: LEG ID: 15 | AMZN 20251205 227.5Call | Qty: -2
2026-01-26 15:13:05,477 [INFO] utils.trades:   > Realized: Entry $1,114.00 | Exit $-648.00 | Comms $1.45 | P&L $466.00 | Status: Rolled
2026-01-26 15:13:05,483 [INFO] utils.trades: LEG ID: 16 | AMZN 20251219 232.5Call | Qty: -2
2026-01-26 15:13:05,489 [INFO] utils.trades:   > Realized: Entry $892.00 | Exit $-4.00 | Comms $1.32 | P&L $888.00 | Status: Rolled
2026-01-26 15:13:05,491 [INFO] utils.trades: LEG ID: 17 | AMZN 20260102 235.0Call | Qty: -2
2026-01-26 15:13:05,497 [INFO] utils.trades:   > Realized: Entry $246.00 | Exit $-72.00 | Comms $1.67 | P&L $174.00 | Status: Rolled
2026-01-26 15:13:05,501 [INFO] utils.trades: LEG ID: 18 | AMZN 20260109 235.0Call | Qty: -2
2026-01-26 15:13:05,505 [INFO] utils.trades:   > Realized: Entry $422.00 | Exit $-1,960.00 | Comms $2.38 | P&L $-1,538.00 | Status: Rolled
2026-01-26 15:13:05,508 [INFO] utils.trades: LEG ID: 19 | AMZN 20260116 240.0Call | Qty: -2
2026-01-26 15:13:05,515 [INFO] utils.trades:   > Realized: Entry $1,420.00 | Exit $-56.00 | Comms $2.12 | P&L $1,364.00 | Status: Closed
2026-01-26 15:13:05,519 [INFO] utils.trades: --- SUMMARY ---
2026-01-26 15:13:05,525 [INFO] utils.trades: Initial Baseline: -3,151.61
2026-01-26 15:13:05,528 [INFO] utils.trades: Total Realized Cash: 1,475.94
2026-01-26 15:13:05,531 [INFO] utils.trades: Total Unrealized P&L: 0.00
2026-01-26 15:13:05,547 [INFO] utils.trades: Final True P&L: 1,475.94
2026-01-26 15:13:05,553 [INFO] utils.trades: --- DEBUG END ---

2026-01-26 15:13:05,565 [INFO] utils.trades: LEG ID: 7 | CRWD 20260123 455.0Put | Qty: -4
2026-01-26 15:13:05,599 [INFO] utils.trades:   > Realized: Entry $3,664.00 | Exit $-836.00 | Comms $4.14 | P&L $2,828.00 | Status: Closed
2026-01-26 15:13:05,603 [INFO] utils.trades: LEG ID: 8 | CRWD 20260123 445.0Put | Qty: 4
2026-01-26 15:13:05,606 [INFO] utils.trades:   > Realized: Entry $-2,740.00 | Exit $104.00 | Comms $4.13 | P&L $-2,636.00 | Status: Closed
2026-01-26 15:13:05,610 [INFO] utils.trades: --- SUMMARY ---
2026-01-26 15:13:05,611 [INFO] utils.trades: Initial Baseline: 921.35
2026-01-26 15:13:05,613 [INFO] utils.trades: Total Realized Cash: 183.73
2026-01-26 15:13:05,614 [INFO] utils.trades: Total Unrealized P&L: 0.00
2026-01-26 15:13:05,615 [INFO] utils.trades: Final True P&L: 183.73
2026-01-26 15:13:05,615 [INFO] utils.trades: --- DEBUG END ---

2026-01-26 15:13:07,872 [DEBUG] __main__: Starting Open Trades page
2026-01-26 15:13:08,138 [DEBUG] __main__: get_all_open_positions() INITIATED
2026-01-26 15:13:08,140 [DEBUG] __main__: get_all_open_positions() took 0.00 seconds
2026-01-26 15:13:08,147 [DEBUG] __main__: Open Flat Trades styling INITIATED
2026-01-26 15:13:08,169 [DEBUG] __main__: Open Flat Trades styling took 0.02 seconds
2026-01-26 15:13:08,183 [INFO] utils.trades: --- SUMMARY ---
2026-01-26 15:13:08,184 [INFO] utils.trades: Initial Baseline: 626.38
2026-01-26 15:13:08,184 [INFO] utils.trades: Total Realized Cash: 626.38
2026-01-26 15:13:08,185 [INFO] utils.trades: Total Unrealized P&L: 0.00
2026-01-26 15:13:08,185 [INFO] utils.trades: Final True P&L: 626.38
2026-01-26 15:13:08,185 [INFO] utils.trades: --- DEBUG END ---

2026-01-26 15:13:08,199 [INFO] utils.trades: LEG ID: 28 | MA 20251024 560.0Call | Qty: -1
2026-01-26 15:13:08,200 [INFO] utils.trades:   > Realized: Entry $998.00 | Exit $-1,330.00 | Comms $1.40 | P&L $-332.00 | Status: Rolled
2026-01-26 15:13:08,200 [INFO] utils.trades:   > CURRENT MARKET VALUE TO LIQUIDATE: (Mark 7.723687468989272) * Qty 1 = 772.37
2026-01-26 15:13:08,201 [INFO] utils.trades: LEG ID: 29 | MA 20260320 560.0Call | Qty: 1
2026-01-26 15:13:08,201 [INFO] utils.trades:   > UNREALIZED: (Mark 7.723687468989272 - Entry 41.04) * Qty 1 = 772.37
2026-01-26 15:13:08,201 [INFO] utils.trades: LEG ID: 30 | MA 20251031 570.0Call | Qty: -1
2026-01-26 15:13:08,202 [INFO] utils.trades:   > Realized: Entry $1,333.00 | Exit $-1,551.00 | Comms $1.41 | P&L $-218.00 | Status: Rolled
2026-01-26 15:13:08,202 [INFO] utils.trades: LEG ID: 31 | MA 20251107 575.0Call | Qty: -1
2026-01-26 15:13:08,202 [INFO] utils.trades:   > Realized: Entry $1,446.00 | Exit $-19.00 | Comms $1.76 | P&L $1,427.00 | Status: Rolled
2026-01-26 15:13:08,202 [INFO] utils.trades: LEG ID: 32 | MA 20251114 560.0Call | Qty: -1
2026-01-26 15:13:08,203 [INFO] utils.trades:   > Realized: Entry $247.00 | Exit $-453.00 | Comms $2.10 | P&L $-206.00 | Status: Rolled
2026-01-26 15:13:08,203 [INFO] utils.trades: LEG ID: 33 | MA 20251121 565.0Call | Qty: -1
2026-01-26 15:13:08,203 [INFO] utils.trades:   > Realized: Entry $549.00 | Exit $-12.00 | Comms $2.10 | P&L $537.00 | Status: Rolled
2026-01-26 15:13:08,204 [INFO] utils.trades: LEG ID: 34 | MA 20251205 565.0Call | Qty: -1
2026-01-26 15:13:08,204 [INFO] utils.trades:   > Realized: Entry $217.00 | Exit $-15.00 | Comms $1.71 | P&L $202.00 | Status: Rolled
2026-01-26 15:13:08,204 [INFO] utils.trades: LEG ID: 35 | MA 20251212 562.5Call | Qty: -1
2026-01-26 15:13:08,204 [INFO] utils.trades:   > Realized: Entry $208.00 | Exit $-180.00 | Comms $1.68 | P&L $28.00 | Status: Rolled
2026-01-26 15:13:08,204 [INFO] utils.trades: LEG ID: 36 | MA 20251219 565.0Call | Qty: -1
2026-01-26 15:13:08,204 [INFO] utils.trades:   > Realized: Entry $420.00 | Exit $-1,010.00 | Comms $1.69 | P&L $-590.00 | Status: Rolled
2026-01-26 15:13:08,205 [INFO] utils.trades: LEG ID: 37 | MA 20251226 570.0Call | Qty: -1
2026-01-26 15:13:08,205 [INFO] utils.trades:   > Realized: Entry $859.00 | Exit $-996.00 | Comms $1.70 | P&L $-137.00 | Status: Rolled
2026-01-26 15:13:08,205 [INFO] utils.trades: LEG ID: 38 | MA 20260109 580.0Call | Qty: -1
2026-01-26 15:13:08,206 [INFO] utils.trades:   > Realized: Entry $700.00 | Exit $-411.00 | Comms $2.07 | P&L $289.00 | Status: Rolled
2026-01-26 15:13:08,206 [INFO] utils.trades: LEG ID: 39 | MA 20260116 587.5Call | Qty: -1
2026-01-26 15:13:08,206 [INFO] utils.trades:   > Realized: Entry $390.00 | Exit $-20.00 | Comms $2.10 | P&L $370.00 | Status: Rolled
2026-01-26 15:13:08,207 [INFO] utils.trades: LEG ID: 40 | MA 20260116 560.5Call | Qty: -1
2026-01-26 15:13:08,207 [INFO] utils.trades:   > Realized: Entry $135.00 | Exit $-9.00 | Comms $1.75 | P&L $126.00 | Status: Rolled
2026-01-26 15:13:08,207 [INFO] utils.trades: LEG ID: 41 | MA 20260123 560.0Call | Qty: -1
2026-01-26 15:13:08,207 [INFO] utils.trades:   > Realized: Entry $93.00 | Exit $-27.00 | Comms $1.75 | P&L $66.00 | Status: Rolled
2026-01-26 15:13:08,208 [INFO] utils.trades:   > CURRENT MARKET VALUE TO LIQUIDATE: (Mark 0.97) * Qty -1 = -97.00
2026-01-26 15:13:08,208 [INFO] utils.trades: LEG ID: 75 | MA 20260130 560.0Call | Qty: -1
2026-01-26 15:13:08,208 [INFO] utils.trades:   > UNREALIZED: (Mark 0.97 - Entry 1.44) * Qty -1 = -97.00
2026-01-26 15:13:08,208 [INFO] utils.trades: --- SUMMARY ---
2026-01-26 15:13:08,209 [INFO] utils.trades: Initial Baseline: -3,107.40
2026-01-26 15:13:08,209 [INFO] utils.trades: Total Realized Cash: -2,422.97
2026-01-26 15:13:08,209 [INFO] utils.trades: Total Unrealized P&L: 675.37
2026-01-26 15:13:08,209 [INFO] utils.trades: Final True P&L: -1,747.60
2026-01-26 15:13:08,210 [INFO] utils.trades: --- DEBUG END ---

2026-01-26 15:13:08,227 [INFO] utils.trades: LEG ID: 42 | TSLA 20251031 440.0Call | Qty: -1
2026-01-26 15:13:08,227 [INFO] utils.trades:   > Realized: Entry $1,210.00 | Exit $-2,532.00 | Comms $1.40 | P&L $-1,322.00 | Status: Rolled
2026-01-26 15:13:08,228 [INFO] utils.trades:   > CURRENT MARKET VALUE TO LIQUIDATE: (Mark 28.34) * Qty 1 = 2,834.00
2026-01-26 15:13:08,228 [INFO] utils.trades: LEG ID: 43 | TSLA 20260220 440.0Call | Qty: 1
2026-01-26 15:13:08,229 [INFO] utils.trades:   > UNREALIZED: (Mark 28.34 - Entry 56.74) * Qty 1 = 2,834.00
2026-01-26 15:13:08,229 [INFO] utils.trades: LEG ID: 44 | TSLA 20251107 450.0Call | Qty: -1
2026-01-26 15:13:08,230 [INFO] utils.trades:   > Realized: Entry $2,507.00 | Exit $-2,480.00 | Comms $1.41 | P&L $27.00 | Status: Rolled
2026-01-26 15:13:08,230 [INFO] utils.trades: LEG ID: 45 | TSLA 20251121 467.5Call | Qty: -1
2026-01-26 15:13:08,230 [INFO] utils.trades:   > Realized: Entry $2,525.00 | Exit $-12.00 | Comms $1.41 | P&L $2,513.00 | Status: Rolled
2026-01-26 15:13:08,231 [INFO] utils.trades: LEG ID: 46 | TSLA 20251128 440.0Call | Qty: -1
2026-01-26 15:13:08,231 [INFO] utils.trades:   > Realized: Entry $268.00 | Exit $-43.00 | Comms $1.40 | P&L $225.00 | Status: Rolled
2026-01-26 15:13:08,232 [INFO] utils.trades: LEG ID: 47 | TSLA 20251205 440.0Call | Qty: -1
2026-01-26 15:13:08,232 [INFO] utils.trades:   > Realized: Entry $388.00 | Exit $-618.00 | Comms $1.36 | P&L $-230.00 | Status: Rolled
2026-01-26 15:13:08,233 [INFO] utils.trades: LEG ID: 48 | TSLA 20251212 455.0Call | Qty: -1
2026-01-26 15:13:08,233 [INFO] utils.trades:   > Realized: Entry $663.00 | Exit $-128.00 | Comms $1.69 | P&L $535.00 | Status: Rolled
2026-01-26 15:13:08,233 [INFO] utils.trades: LEG ID: 49 | TSLA 20251219 455.0Call | Qty: -1
2026-01-26 15:13:08,234 [INFO] utils.trades:   > Realized: Entry $713.00 | Exit $-2,520.00 | Comms $1.69 | P&L $-1,807.00 | Status: Rolled
2026-01-26 15:13:08,235 [INFO] utils.trades: LEG ID: 50 | TSLA 20260102 470.0Call | Qty: -1
2026-01-26 15:13:08,235 [INFO] utils.trades:   > Realized: Entry $2,417.00 | Exit $-2.00 | Comms $1.73 | P&L $2,415.00 | Status: Rolled
2026-01-26 15:13:08,235 [INFO] utils.trades: LEG ID: 51 | TSLA 20260109 470.0Call | Qty: -1
2026-01-26 15:13:08,236 [INFO] utils.trades:   > Realized: Entry $238.00 | Exit $-22.00 | Comms $2.10 | P&L $216.00 | Status: Rolled
2026-01-26 15:13:08,237 [INFO] utils.trades: LEG ID: 52 | TSLA 20260116 470.0Call | Qty: -1
2026-01-26 15:13:08,237 [INFO] utils.trades:   > Realized: Entry $208.00 | Exit $-23.00 | Comms $2.60 | P&L $185.00 | Status: Rolled
2026-01-26 15:13:08,237 [INFO] utils.trades: LEG ID: 53 | TSLA 20260116 455.0Call | Qty: -1
2026-01-26 15:13:08,237 [INFO] utils.trades:   > Realized: Entry $109.00 | Exit $-32.00 | Comms $2.14 | P&L $77.00 | Status: Rolled
2026-01-26 15:13:08,238 [INFO] utils.trades: LEG ID: 54 | TSLA 20260123 462.5Call | Qty: -1
2026-01-26 15:13:08,238 [INFO] utils.trades:   > Realized: Entry $272.00 | Exit $-10.00 | Comms $1.40 | P&L $262.00 | Status: Rolled
2026-01-26 15:13:08,239 [INFO] utils.trades: LEG ID: 74 | TSLA 20260123 442.5Call | Qty: -1
2026-01-26 15:13:08,239 [INFO] utils.trades:   > Realized: Entry $220.00 | Exit $-550.00 | Comms $1.40 | P&L $-330.00 | Status: Rolled
2026-01-26 15:13:08,239 [INFO] utils.trades:   > CURRENT MARKET VALUE TO LIQUIDATE: (Mark 28.34) * Qty -1 = -2,834.00
2026-01-26 15:13:08,240 [INFO] utils.trades: LEG ID: 77 | TSLA 20260220 440.0Call | Qty: -1
2026-01-26 15:13:08,240 [INFO] utils.trades:   > UNREALIZED: (Mark 28.34 - Entry 27.25) * Qty -1 = -2,834.00
2026-01-26 15:13:08,240 [INFO] utils.trades: --- SUMMARY ---
2026-01-26 15:13:08,240 [INFO] utils.trades: Initial Baseline: -4,465.40
2026-01-26 15:13:08,240 [INFO] utils.trades: Total Realized Cash: -206.13
2026-01-26 15:13:08,241 [INFO] utils.trades: Total Unrealized P&L: 0.00
2026-01-26 15:13:08,241 [INFO] utils.trades: Final True P&L: -206.13
2026-01-26 15:13:08,241 [INFO] utils.trades: --- DEBUG END ---

2026-01-26 15:13:08,257 [INFO] utils.trades:   > CURRENT MARKET VALUE TO LIQUIDATE: (Mark 3.38) * Qty -4 = -1,352.00
2026-01-26 15:13:08,258 [INFO] utils.trades: LEG ID: 55 | RKLB 20260213 80.0Put | Qty: -4
2026-01-26 15:13:08,258 [INFO] utils.trades:   > UNREALIZED: (Mark 3.38 - Entry 4.93) * Qty -4 = -1,352.00
2026-01-26 15:13:08,259 [INFO] utils.trades:   > CURRENT MARKET VALUE TO LIQUIDATE: (Mark 2.0820489119457752) * Qty 4 = 832.82
2026-01-26 15:13:08,259 [INFO] utils.trades: LEG ID: 56 | RKLB 20260213 75.0Put | Qty: 4
2026-01-26 15:13:08,260 [INFO] utils.trades:   > UNREALIZED: (Mark 2.0820489119457752 - Entry 3.13) * Qty 4 = 832.82
2026-01-26 15:13:08,260 [INFO] utils.trades: --- SUMMARY ---
2026-01-26 15:13:08,260 [INFO] utils.trades: Initial Baseline: 717.50
2026-01-26 15:13:08,260 [INFO] utils.trades: Total Realized Cash: 717.50
2026-01-26 15:13:08,261 [INFO] utils.trades: Total Unrealized P&L: -519.18
2026-01-26 15:13:08,261 [INFO] utils.trades: Final True P&L: 198.32
2026-01-26 15:13:08,261 [INFO] utils.trades: --- DEBUG END ---

2026-01-26 15:13:08,272 [INFO] utils.trades: LEG ID: 57 | NVDA 20250919 170.0Call | Qty: -1
2026-01-26 15:13:08,273 [INFO] utils.trades:   > Realized: Entry $416.00 | Exit $-632.00 | Comms $2.04 | P&L $-216.00 | Status: Rolled
2026-01-26 15:13:08,274 [INFO] utils.trades:   > CURRENT MARKET VALUE TO LIQUIDATE: (Mark 24.354095875426868) * Qty 1 = 2,435.41
2026-01-26 15:13:08,274 [INFO] utils.trades: LEG ID: 58 | NVDA 20260320 170.0Call | Qty: 1
2026-01-26 15:13:08,274 [INFO] utils.trades:   > UNREALIZED: (Mark 24.354095875426868 - Entry 21.19) * Qty 1 = 2,435.41
2026-01-26 15:13:08,275 [INFO] utils.trades: LEG ID: 59 | NVDA 20251003 175.0Call | Qty: -1
2026-01-26 15:13:08,275 [INFO] utils.trades:   > Realized: Entry $542.00 | Exit $-774.00 | Comms $1.70 | P&L $-232.00 | Status: Rolled
2026-01-26 15:13:08,275 [INFO] utils.trades: LEG ID: 60 | NVDA 20251010 177.5Call | Qty: -1
2026-01-26 15:13:08,276 [INFO] utils.trades:   > Realized: Entry $737.00 | Exit $-1,072.00 | Comms $1.41 | P&L $-335.00 | Status: Rolled
2026-01-26 15:13:08,276 [INFO] utils.trades: LEG ID: 61 | NVDA 20251031 185.0Call | Qty: -1
2026-01-26 15:13:08,276 [INFO] utils.trades:   > Realized: Entry $937.00 | Exit $-1,417.00 | Comms $1.40 | P&L $-480.00 | Status: Rolled
2026-01-26 15:13:08,276 [INFO] utils.trades: LEG ID: 62 | NVDA 20251107 190.0Call | Qty: -1
2026-01-26 15:13:08,276 [INFO] utils.trades:   > Realized: Entry $1,182.00 | Exit $-2,078.00 | Comms $1.75 | P&L $-896.00 | Status: Rolled
2026-01-26 15:13:08,277 [INFO] utils.trades: LEG ID: 63 | NVDA 20251121 200.0Call | Qty: -1
2026-01-26 15:13:08,277 [INFO] utils.trades:   > Realized: Entry $1,676.00 | Exit $-2.00 | Comms $2.10 | P&L $1,674.00 | Status: Rolled
2026-01-26 15:13:08,277 [INFO] utils.trades: LEG ID: 64 | NVDA 20251128 190.0Call | Qty: -1
2026-01-26 15:13:08,277 [INFO] utils.trades:   > Realized: Entry $156.00 | Exit $-10.00 | Comms $2.04 | P&L $146.00 | Status: Rolled
2026-01-26 15:13:08,277 [INFO] utils.trades: LEG ID: 65 | NVDA 20251128 175.0Call | Qty: -1
2026-01-26 15:13:08,278 [INFO] utils.trades:   > Realized: Entry $203.00 | Exit $-660.00 | Comms $1.69 | P&L $-457.00 | Status: Rolled
2026-01-26 15:13:08,278 [INFO] utils.trades: LEG ID: 66 | NVDA 20251205 180.0Call | Qty: -1
2026-01-26 15:13:08,278 [INFO] utils.trades:   > Realized: Entry $550.00 | Exit $-614.00 | Comms $1.37 | P&L $-64.00 | Status: Rolled
2026-01-26 15:13:08,278 [INFO] utils.trades: LEG ID: 67 | NVDA 20251219 187.0Call | Qty: -1
2026-01-26 15:13:08,279 [INFO] utils.trades:   > Realized: Entry $559.00 | Exit $-7.00 | Comms $1.88 | P&L $552.00 | Status: Rolled
2026-01-26 15:13:08,280 [INFO] utils.trades: LEG ID: 68 | NVDA 20251226 185.0Call | Qty: -1
2026-01-26 15:13:08,281 [INFO] utils.trades:   > Realized: Entry $58.00 | Exit $-571.00 | Comms $1.89 | P&L $-513.00 | Status: Rolled
2026-01-26 15:13:08,281 [INFO] utils.trades: LEG ID: 69 | NVDA 20260102 190.0Call | Qty: -1
2026-01-26 15:13:08,281 [INFO] utils.trades:   > Realized: Entry $336.00 | Exit $-94.00 | Comms $1.73 | P&L $242.00 | Status: Rolled
2026-01-26 15:13:08,281 [INFO] utils.trades: LEG ID: 70 | NVDA 20260109 192.5Call | Qty: -1
2026-01-26 15:13:08,282 [INFO] utils.trades:   > Realized: Entry $240.00 | Exit $-110.00 | Comms $2.10 | P&L $130.00 | Status: Rolled
2026-01-26 15:13:08,282 [INFO] utils.trades: LEG ID: 71 | NVDA 20260116 195.0Call | Qty: -1
2026-01-26 15:13:08,282 [INFO] utils.trades:   > Realized: Entry $211.00 | Exit $-24.00 | Comms $1.75 | P&L $187.00 | Status: Rolled
2026-01-26 15:13:08,282 [INFO] utils.trades: LEG ID: 72 | NVDA 20260123 195.0Call | Qty: -1
2026-01-26 15:13:08,283 [INFO] utils.trades:   > Realized: Entry $86.00 | Exit $-4.00 | Comms $1.75 | P&L $82.00 | Status: Rolled
2026-01-26 15:13:08,283 [INFO] utils.trades: LEG ID: 73 | NVDA 20260123 185.0Call | Qty: -1
2026-01-26 15:13:08,283 [INFO] utils.trades:   > Realized: Entry $60.00 | Exit $-280.00 | Comms $2.10 | P&L $-220.00 | Status: Rolled
2026-01-26 15:13:08,283 [INFO] utils.trades:   > CURRENT MARKET VALUE TO LIQUIDATE: (Mark 2.79) * Qty -1 = -279.00
2026-01-26 15:13:08,284 [INFO] utils.trades: LEG ID: 76 | NVDA 20260130 190.0Call | Qty: -1
2026-01-26 15:13:08,284 [INFO] utils.trades:   > UNREALIZED: (Mark 2.79 - Entry 2.9) * Qty -1 = -279.00
2026-01-26 15:13:08,284 [INFO] utils.trades: --- SUMMARY ---
2026-01-26 15:13:08,284 [INFO] utils.trades: Initial Baseline: -1,705.10
2026-01-26 15:13:08,285 [INFO] utils.trades: Total Realized Cash: -2,259.80
2026-01-26 15:13:08,285 [INFO] utils.trades: Total Unrealized P&L: 2,156.41
2026-01-26 15:13:08,285 [INFO] utils.trades: Final True P&L: -103.39
2026-01-26 15:13:08,285 [INFO] utils.trades: --- DEBUG END ---

2026-01-26 15:13:23,109 [DEBUG] __main__: Starting Open Trades page
2026-01-26 15:13:23,370 [DEBUG] __main__: get_all_open_positions() INITIATED
2026-01-26 15:13:23,372 [DEBUG] __main__: Fetching positions (Refresh Count: {refresh_count})
2026-01-26 15:13:23,376 [DEBUG] utils.trades: 
--- DATABASE FETCH DEBUG ---
2026-01-26 15:13:23,377 [DEBUG] utils.trades: Group ID 5: Total Legs Found: 2 | Statuses: ['Active', 'Active']
2026-01-26 15:13:23,377 [DEBUG] utils.trades: Group ID 9: Total Legs Found: 15 | Statuses: ['Active', 'Active', 'Rolled', 'Rolled', 'Rolled', 'Rolled', 'Rolled', 'Rolled', 'Rolled', 'Rolled', 'Rolled', 'Rolled', 'Rolled', 'Rolled', 'Rolled']
2026-01-26 15:13:23,378 [DEBUG] utils.trades: Group ID 10: Total Legs Found: 15 | Statuses: ['Active', 'Active', 'Rolled', 'Rolled', 'Rolled', 'Rolled', 'Rolled', 'Rolled', 'Rolled', 'Rolled', 'Rolled', 'Rolled', 'Rolled', 'Rolled', 'Rolled']
2026-01-26 15:13:23,378 [DEBUG] utils.trades: Group ID 11: Total Legs Found: 2 | Statuses: ['Active', 'Active']
2026-01-26 15:13:23,378 [DEBUG] utils.trades: Group ID 12: Total Legs Found: 18 | Statuses: ['Active', 'Active', 'Rolled', 'Rolled', 'Rolled', 'Rolled', 'Rolled', 'Rolled', 'Rolled', 'Rolled', 'Rolled', 'Rolled', 'Rolled', 'Rolled', 'Rolled', 'Rolled', 'Rolled', 'Rolled']
2026-01-26 15:13:23,379 [INFO] utils.trades: Fetching live option quote for CRWD 20260220 435.0P
2026-01-26 15:13:23,379 [INFO] utils.quote_manager: [get_quote] START symbol=CRWD, expiry=20260220, strike=435.0, right=P
2026-01-26 15:13:23,620 [INFO] utils.quote_manager: [get_quote] Request the right market data: session=closed
2026-01-26 15:13:23,621 [INFO] utils.quote_manager: [subscribe-get_quote] CRWD | Price Found: True (9.971921468987242) | Greeks Source: modelGreeks | IV: 0.36594781113938996
2026-01-26 15:13:23,621 [INFO] utils.quote_manager: [subscribe-get_quote] Full data ready for CRWD
2026-01-26 15:13:23,621 [DEBUG] utils.trades: get_quote() took 0.24 seconds
2026-01-26 15:13:23,621 [DEBUG] utils.trades: Received option quote for CRWD 20260220 435.0P: 9.971921468987242
2026-01-26 15:13:23,622 [DEBUG] utils.trades: Fetching live stock quote (in options) for CRWD
2026-01-26 15:13:23,622 [INFO] utils.quote_manager: [get_quote] START symbol=CRWD, expiry=None, strike=None, right=None
2026-01-26 15:13:23,887 [INFO] utils.quote_manager: [get_quote] Request the right market data: session=closed
2026-01-26 15:13:23,888 [INFO] utils.quote_manager: [subscribe-get_quote] CRWD | Price Found: True (452.5) | Greeks Source: None | IV: N/A
2026-01-26 15:13:23,888 [INFO] utils.quote_manager: [subscribe-get_quote] Full data ready for CRWD
2026-01-26 15:13:23,888 [DEBUG] utils.trades: get_quote() took 0.27 seconds
2026-01-26 15:13:23,888 [DEBUG] utils.trades: Received stock quote (in options) for CRWD: 452.5
2026-01-26 15:13:23,889 [INFO] utils.trades: Fetching live option quote for CRWD 20260206 470.0P
2026-01-26 15:13:23,889 [INFO] utils.quote_manager: [get_quote] START symbol=CRWD, expiry=20260206, strike=470.0, right=P
2026-01-26 15:13:24,116 [INFO] utils.quote_manager: [get_quote] Request the right market data: session=closed
2026-01-26 15:13:29,161 [WARNING] utils.quote_manager: [subscribe_get_quote] TIMEOUT for CRWD after 5.04s: last=nan, bid=-1.0, ask=-1.0, mg=None
2026-01-26 15:13:29,183 [DEBUG] utils.trades: get_quote() took 5.29 seconds
2026-01-26 15:13:29,184 [DEBUG] utils.trades: Received option quote for CRWD 20260206 470.0P: 22.77
2026-01-26 15:13:29,188 [DEBUG] utils.trades: Fetching live stock quote (in options) for CRWD
2026-01-26 15:13:29,191 [INFO] utils.quote_manager: [get_quote] START symbol=CRWD, expiry=None, strike=None, right=None
2026-01-26 15:13:29,330 [INFO] utils.quote_manager: [get_quote] Request the right market data: session=closed
2026-01-26 15:13:29,331 [INFO] utils.quote_manager: [subscribe-get_quote] CRWD | Price Found: True (452.5) | Greeks Source: None | IV: N/A
2026-01-26 15:13:29,335 [INFO] utils.quote_manager: [subscribe-get_quote] Full data ready for CRWD
2026-01-26 15:13:29,338 [DEBUG] utils.trades: get_quote() took 0.15 seconds
2026-01-26 15:13:29,342 [DEBUG] utils.trades: Received stock quote (in options) for CRWD: 452.5
2026-01-26 15:13:29,346 [DEBUG] utils.trades: Fetching live stock quote for INTC
2026-01-26 15:13:29,348 [INFO] utils.quote_manager: [get_quote] START symbol=INTC, expiry=None, strike=None, right=None
2026-01-26 15:13:29,467 [INFO] utils.quote_manager: [get_quote] Request the right market data: session=closed
2026-01-26 15:13:29,468 [INFO] utils.quote_manager: [subscribe-get_quote] INTC | Price Found: True (44.2) | Greeks Source: None | IV: N/A
2026-01-26 15:13:29,469 [INFO] utils.quote_manager: [subscribe-get_quote] Full data ready for INTC
2026-01-26 15:13:29,470 [DEBUG] utils.trades: get_quote() took 0.12 seconds
2026-01-26 15:13:29,473 [DEBUG] utils.trades: Received stock quote for INTC: 44.2
2026-01-26 15:13:29,476 [INFO] utils.trades: Fetching live option quote for TSLA 20260130 495.0C
2026-01-26 15:13:29,476 [INFO] utils.quote_manager: [get_quote] START symbol=TSLA, expiry=20260130, strike=495.0, right=C
2026-01-26 15:13:29,592 [INFO] utils.quote_manager: [get_quote] Request the right market data: session=closed
2026-01-26 15:13:29,595 [INFO] utils.quote_manager: [subscribe-get_quote] TSLA | Price Found: True (1.826318490864032) | Greeks Source: modelGreeks | IV: 0.5577525638506
2026-01-26 15:13:29,598 [INFO] utils.quote_manager: [subscribe-get_quote] Full data ready for TSLA
2026-01-26 15:13:29,598 [DEBUG] utils.trades: get_quote() took 0.12 seconds
2026-01-26 15:13:29,598 [DEBUG] utils.trades: Received option quote for TSLA 20260130 495.0C: 1.826318490864032
2026-01-26 15:13:29,599 [DEBUG] utils.trades: Fetching live stock quote (in options) for TSLA
2026-01-26 15:13:29,599 [INFO] utils.quote_manager: [get_quote] START symbol=TSLA, expiry=None, strike=None, right=None
2026-01-26 15:13:29,718 [INFO] utils.quote_manager: [get_quote] Request the right market data: session=closed
2026-01-26 15:13:29,718 [INFO] utils.quote_manager: [subscribe-get_quote] TSLA | Price Found: True (444.59) | Greeks Source: None | IV: N/A
2026-01-26 15:13:29,718 [INFO] utils.quote_manager: [subscribe-get_quote] Full data ready for TSLA
2026-01-26 15:13:29,718 [DEBUG] utils.trades: get_quote() took 0.12 seconds
2026-01-26 15:13:29,718 [DEBUG] utils.trades: Received stock quote (in options) for TSLA: 444.59
2026-01-26 15:13:29,719 [INFO] utils.trades: Fetching live option quote for SNDK 20260213 320.0P
2026-01-26 15:13:29,719 [INFO] utils.quote_manager: [get_quote] START symbol=SNDK, expiry=20260213, strike=320.0, right=P
2026-01-26 15:13:29,836 [INFO] utils.quote_manager: [get_quote] Request the right market data: session=closed
2026-01-26 15:13:29,836 [INFO] utils.quote_manager: [subscribe-get_quote] SNDK | Price Found: True (4.088220536536835) | Greeks Source: modelGreeks | IV: 1.1854821174707495
2026-01-26 15:13:29,837 [INFO] utils.quote_manager: [subscribe-get_quote] Full data ready for SNDK
2026-01-26 15:13:29,837 [DEBUG] utils.trades: get_quote() took 0.12 seconds
2026-01-26 15:13:29,837 [DEBUG] utils.trades: Received option quote for SNDK 20260213 320.0P: 4.088220536536835
2026-01-26 15:13:29,837 [DEBUG] utils.trades: Fetching live stock quote (in options) for SNDK
2026-01-26 15:13:29,837 [INFO] utils.quote_manager: [get_quote] START symbol=SNDK, expiry=None, strike=None, right=None
2026-01-26 15:13:29,965 [INFO] utils.quote_manager: [get_quote] Request the right market data: session=closed
2026-01-26 15:13:29,966 [INFO] utils.quote_manager: [subscribe-get_quote] SNDK | Price Found: True (466.0) | Greeks Source: None | IV: N/A
2026-01-26 15:13:29,966 [INFO] utils.quote_manager: [subscribe-get_quote] Full data ready for SNDK
2026-01-26 15:13:29,966 [DEBUG] utils.trades: get_quote() took 0.13 seconds
2026-01-26 15:13:29,967 [DEBUG] utils.trades: Received stock quote (in options) for SNDK: 466.0
2026-01-26 15:13:29,968 [INFO] utils.trades: Fetching live option quote for TSLA 20260130 465.0C
2026-01-26 15:13:29,968 [INFO] utils.quote_manager: [get_quote] START symbol=TSLA, expiry=20260130, strike=465.0, right=C
2026-01-26 15:13:30,083 [INFO] utils.quote_manager: [get_quote] Request the right market data: session=closed
2026-01-26 15:13:35,089 [WARNING] utils.quote_manager: [subscribe_get_quote] TIMEOUT for TSLA after 5.01s: last=nan, bid=-1.0, ask=-1.0, mg=None
2026-01-26 15:13:35,091 [DEBUG] utils.trades: get_quote() took 5.12 seconds
2026-01-26 15:13:35,091 [DEBUG] utils.trades: Received option quote for TSLA 20260130 465.0C: 7.7
2026-01-26 15:13:35,094 [DEBUG] utils.trades: Fetching live stock quote (in options) for TSLA
2026-01-26 15:13:35,095 [INFO] utils.quote_manager: [get_quote] START symbol=TSLA, expiry=None, strike=None, right=None
2026-01-26 15:13:35,213 [INFO] utils.quote_manager: [get_quote] Request the right market data: session=closed
2026-01-26 15:13:35,219 [INFO] utils.quote_manager: [subscribe-get_quote] TSLA | Price Found: True (444.59) | Greeks Source: None | IV: N/A
2026-01-26 15:13:35,225 [INFO] utils.quote_manager: [subscribe-get_quote] Full data ready for TSLA
2026-01-26 15:13:35,231 [DEBUG] utils.trades: get_quote() took 0.14 seconds
2026-01-26 15:13:35,243 [DEBUG] utils.trades: Received stock quote (in options) for TSLA: 444.59
2026-01-26 15:13:35,245 [INFO] utils.trades: Fetching live option quote for ANET 20260206 115.0P
2026-01-26 15:13:35,245 [INFO] utils.quote_manager: [get_quote] START symbol=ANET, expiry=20260206, strike=115.0, right=P
2026-01-26 15:13:35,376 [INFO] utils.quote_manager: [get_quote] Request the right market data: session=closed
2026-01-26 15:13:40,438 [WARNING] utils.quote_manager: [subscribe_get_quote] TIMEOUT for ANET after 5.06s: last=nan, bid=-1.0, ask=-1.0, mg=None
2026-01-26 15:13:40,460 [DEBUG] utils.trades: get_quote() took 5.22 seconds
2026-01-26 15:13:40,460 [DEBUG] utils.trades: Received option quote for ANET 20260206 115.0P: 0.37
2026-01-26 15:13:40,460 [DEBUG] utils.trades: Fetching live stock quote (in options) for ANET
2026-01-26 15:13:40,460 [INFO] utils.quote_manager: [get_quote] START symbol=ANET, expiry=None, strike=None, right=None
2026-01-26 15:13:40,626 [INFO] utils.quote_manager: [get_quote] Request the right market data: session=closed
2026-01-26 15:13:40,630 [INFO] utils.quote_manager: [subscribe-get_quote] ANET | Price Found: True (134.0) | Greeks Source: None | IV: N/A
2026-01-26 15:13:40,641 [INFO] utils.quote_manager: [subscribe-get_quote] Full data ready for ANET
2026-01-26 15:13:40,641 [DEBUG] utils.trades: get_quote() took 0.18 seconds
2026-01-26 15:13:40,654 [DEBUG] utils.trades: Received stock quote (in options) for ANET: 134.0
2026-01-26 15:13:40,664 [DEBUG] utils.trades: Fetching live stock quote for SNDK
2026-01-26 15:13:40,670 [INFO] utils.quote_manager: [get_quote] START symbol=SNDK, expiry=None, strike=None, right=None
2026-01-26 15:13:40,808 [INFO] utils.quote_manager: [get_quote] Request the right market data: session=closed
2026-01-26 15:13:40,812 [INFO] utils.quote_manager: [subscribe-get_quote] SNDK | Price Found: True (466.0) | Greeks Source: None | IV: N/A
2026-01-26 15:13:40,816 [INFO] utils.quote_manager: [subscribe-get_quote] Full data ready for SNDK
2026-01-26 15:13:40,816 [DEBUG] utils.trades: get_quote() took 0.15 seconds
2026-01-26 15:13:40,818 [DEBUG] utils.trades: Received stock quote for SNDK: 466.0
2026-01-26 15:13:40,819 [INFO] utils.trades: Fetching live option quote for TSM 20260206 300.0P
2026-01-26 15:13:40,823 [INFO] utils.quote_manager: [get_quote] START symbol=TSM, expiry=20260206, strike=300.0, right=P
2026-01-26 15:13:40,938 [INFO] utils.quote_manager: [get_quote] Request the right market data: session=closed
2026-01-26 15:13:40,939 [INFO] utils.quote_manager: [subscribe-get_quote] TSM | Price Found: True (0.8501488914791606) | Greeks Source: modelGreeks | IV: 0.3998051010475681
2026-01-26 15:13:40,939 [INFO] utils.quote_manager: [subscribe-get_quote] Full data ready for TSM
2026-01-26 15:13:40,939 [DEBUG] utils.trades: get_quote() took 0.12 seconds
2026-01-26 15:13:40,940 [DEBUG] utils.trades: Received option quote for TSM 20260206 300.0P: 0.8501488914791606
2026-01-26 15:13:40,940 [DEBUG] utils.trades: Fetching live stock quote (in options) for TSM
2026-01-26 15:13:40,942 [INFO] utils.quote_manager: [get_quote] START symbol=TSM, expiry=None, strike=None, right=None
2026-01-26 15:13:41,062 [INFO] utils.quote_manager: [get_quote] Request the right market data: session=closed
2026-01-26 15:13:41,066 [INFO] utils.quote_manager: [subscribe-get_quote] TSM | Price Found: True (332.76) | Greeks Source: None | IV: N/A
2026-01-26 15:13:41,071 [INFO] utils.quote_manager: [subscribe-get_quote] Full data ready for TSM
2026-01-26 15:13:41,072 [DEBUG] utils.trades: get_quote() took 0.13 seconds
2026-01-26 15:13:41,078 [DEBUG] utils.trades: Received stock quote (in options) for TSM: 332.76
2026-01-26 15:13:41,082 [INFO] utils.trades: Fetching live option quote for APLD 20260206 25.5P
2026-01-26 15:13:41,083 [INFO] utils.quote_manager: [get_quote] START symbol=APLD, expiry=20260206, strike=25.5, right=P
2026-01-26 15:13:41,193 [INFO] utils.quote_manager: [get_quote] Request the right market data: session=closed
2026-01-26 15:13:41,193 [INFO] utils.quote_manager: [subscribe-get_quote] APLD | Price Found: True (0.12714381787213436) | Greeks Source: modelGreeks | IV: 1.1715316637509519
2026-01-26 15:13:41,196 [INFO] utils.quote_manager: [subscribe-get_quote] Full data ready for APLD
2026-01-26 15:13:41,212 [DEBUG] utils.trades: get_quote() took 0.13 seconds
2026-01-26 15:13:41,216 [DEBUG] utils.trades: Received option quote for APLD 20260206 25.5P: 0.12714381787213436
2026-01-26 15:13:41,220 [DEBUG] utils.trades: Fetching live stock quote (in options) for APLD
2026-01-26 15:13:41,224 [INFO] utils.quote_manager: [get_quote] START symbol=APLD, expiry=None, strike=None, right=None
2026-01-26 15:13:41,344 [INFO] utils.quote_manager: [get_quote] Request the right market data: session=closed
2026-01-26 15:13:41,346 [INFO] utils.quote_manager: [subscribe-get_quote] APLD | Price Found: True (37.12) | Greeks Source: None | IV: N/A
2026-01-26 15:13:41,350 [INFO] utils.quote_manager: [subscribe-get_quote] Full data ready for APLD
2026-01-26 15:13:41,353 [DEBUG] utils.trades: get_quote() took 0.13 seconds
2026-01-26 15:13:41,356 [DEBUG] utils.trades: Received stock quote (in options) for APLD: 37.12
2026-01-26 15:13:41,360 [INFO] utils.trades: Fetching live option quote for AMD 20260130 255.0C
2026-01-26 15:13:41,360 [INFO] utils.quote_manager: [get_quote] START symbol=AMD, expiry=20260130, strike=255.0, right=C
2026-01-26 15:13:41,479 [INFO] utils.quote_manager: [get_quote] Request the right market data: session=closed
2026-01-26 15:13:41,479 [INFO] utils.quote_manager: [subscribe-get_quote] AMD | Price Found: True (10.498249898704527) | Greeks Source: modelGreeks | IV: 0.5508214533047111
2026-01-26 15:13:41,480 [INFO] utils.quote_manager: [subscribe-get_quote] Full data ready for AMD
2026-01-26 15:13:41,480 [DEBUG] utils.trades: get_quote() took 0.12 seconds
2026-01-26 15:13:41,480 [DEBUG] utils.trades: Received option quote for AMD 20260130 255.0C: 10.498249898704527
2026-01-26 15:13:41,480 [DEBUG] utils.trades: Fetching live stock quote (in options) for AMD
2026-01-26 15:13:41,480 [INFO] utils.quote_manager: [get_quote] START symbol=AMD, expiry=None, strike=None, right=None
2026-01-26 15:13:41,592 [INFO] utils.quote_manager: [get_quote] Request the right market data: session=closed
2026-01-26 15:13:41,593 [INFO] utils.quote_manager: [subscribe-get_quote] AMD | Price Found: True (258.38) | Greeks Source: None | IV: N/A
2026-01-26 15:13:41,593 [INFO] utils.quote_manager: [subscribe-get_quote] Full data ready for AMD
2026-01-26 15:13:41,593 [DEBUG] utils.trades: get_quote() took 0.11 seconds
2026-01-26 15:13:41,593 [DEBUG] utils.trades: Received stock quote (in options) for AMD: 258.38
2026-01-26 15:13:41,594 [INFO] utils.trades: Fetching live option quote for IREN 20260130 36.0P
2026-01-26 15:13:41,594 [INFO] utils.quote_manager: [get_quote] START symbol=IREN, expiry=20260130, strike=36.0, right=P
2026-01-26 15:13:41,715 [INFO] utils.quote_manager: [get_quote] Request the right market data: session=closed
2026-01-26 15:13:41,715 [INFO] utils.quote_manager: [subscribe-get_quote] IREN | Price Found: True (0.17210942408160937) | Greeks Source: modelGreeks | IV: 1.8480884558990454
2026-01-26 15:13:41,715 [INFO] utils.quote_manager: [subscribe-get_quote] Full data ready for IREN
2026-01-26 15:13:41,715 [DEBUG] utils.trades: get_quote() took 0.12 seconds
2026-01-26 15:13:41,716 [DEBUG] utils.trades: Received option quote for IREN 20260130 36.0P: 0.17210942408160937
2026-01-26 15:13:41,716 [DEBUG] utils.trades: Fetching live stock quote (in options) for IREN
2026-01-26 15:13:41,716 [INFO] utils.quote_manager: [get_quote] START symbol=IREN, expiry=None, strike=None, right=None
2026-01-26 15:13:41,835 [INFO] utils.quote_manager: [get_quote] Request the right market data: session=closed
2026-01-26 15:13:41,835 [INFO] utils.quote_manager: [subscribe-get_quote] IREN | Price Found: True (55.3) | Greeks Source: None | IV: N/A
2026-01-26 15:13:41,835 [INFO] utils.quote_manager: [subscribe-get_quote] Full data ready for IREN
2026-01-26 15:13:41,835 [DEBUG] utils.trades: get_quote() took 0.12 seconds
2026-01-26 15:13:41,836 [DEBUG] utils.trades: Received stock quote (in options) for IREN: 55.3
2026-01-26 15:13:41,836 [DEBUG] utils.trades: Fetching live stock quote for TSLA
2026-01-26 15:13:41,836 [INFO] utils.quote_manager: [get_quote] START symbol=TSLA, expiry=None, strike=None, right=None
2026-01-26 15:13:41,958 [INFO] utils.quote_manager: [get_quote] Request the right market data: session=closed
2026-01-26 15:13:41,958 [INFO] utils.quote_manager: [subscribe-get_quote] TSLA | Price Found: True (444.59) | Greeks Source: None | IV: N/A
2026-01-26 15:13:41,958 [INFO] utils.quote_manager: [subscribe-get_quote] Full data ready for TSLA
2026-01-26 15:13:41,962 [DEBUG] utils.trades: get_quote() took 0.13 seconds
2026-01-26 15:13:41,965 [DEBUG] utils.trades: Received stock quote for TSLA: 444.59
2026-01-26 15:13:41,967 [INFO] utils.trades: Fetching live option quote for CLS 20260130 275.0P
2026-01-26 15:13:41,967 [INFO] utils.quote_manager: [get_quote] START symbol=CLS, expiry=20260130, strike=275.0, right=P
2026-01-26 15:13:42,082 [INFO] utils.quote_manager: [get_quote] Request the right market data: session=closed
2026-01-26 15:13:42,082 [INFO] utils.quote_manager: [subscribe-get_quote] CLS | Price Found: True (8.136193588593914) | Greeks Source: modelGreeks | IV: 1.206155518967917
2026-01-26 15:13:42,082 [INFO] utils.quote_manager: [subscribe-get_quote] Full data ready for CLS
2026-01-26 15:13:42,082 [DEBUG] utils.trades: get_quote() took 0.11 seconds
2026-01-26 15:13:42,082 [DEBUG] utils.trades: Received option quote for CLS 20260130 275.0P: 8.136193588593914
2026-01-26 15:13:42,082 [DEBUG] utils.trades: Fetching live stock quote (in options) for CLS
2026-01-26 15:13:42,082 [INFO] utils.quote_manager: [get_quote] START symbol=CLS, expiry=None, strike=None, right=None
2026-01-26 15:13:42,187 [INFO] utils.quote_manager: [get_quote] Request the right market data: session=closed
2026-01-26 15:13:42,187 [INFO] utils.quote_manager: [subscribe-get_quote] CLS | Price Found: True (297.0) | Greeks Source: None | IV: N/A
2026-01-26 15:13:42,187 [INFO] utils.quote_manager: [subscribe-get_quote] Full data ready for CLS
2026-01-26 15:13:42,188 [DEBUG] utils.trades: get_quote() took 0.11 seconds
2026-01-26 15:13:42,188 [DEBUG] utils.trades: Received stock quote (in options) for CLS: 297.0
2026-01-26 15:13:42,189 [INFO] utils.trades: Fetching live option quote for ONDS 20260130 7.5P
2026-01-26 15:13:42,190 [INFO] utils.quote_manager: [get_quote] START symbol=ONDS, expiry=20260130, strike=7.5, right=P
2026-01-26 15:13:42,304 [INFO] utils.quote_manager: [get_quote] Request the right market data: session=closed
2026-01-26 15:13:42,305 [INFO] utils.quote_manager: [subscribe-get_quote] ONDS | Price Found: True (0.010309048399622649) | Greeks Source: modelGreeks | IV: 1.5966922910214663
2026-01-26 15:13:42,305 [INFO] utils.quote_manager: [subscribe-get_quote] Full data ready for ONDS
2026-01-26 15:13:42,305 [DEBUG] utils.trades: get_quote() took 0.12 seconds
2026-01-26 15:13:42,305 [DEBUG] utils.trades: Received option quote for ONDS 20260130 7.5P: 0.010309048399622649
2026-01-26 15:13:42,305 [DEBUG] utils.trades: Fetching live stock quote (in options) for ONDS
2026-01-26 15:13:42,306 [INFO] utils.quote_manager: [get_quote] START symbol=ONDS, expiry=None, strike=None, right=None
2026-01-26 15:13:42,419 [INFO] utils.quote_manager: [get_quote] Request the right market data: session=closed
2026-01-26 15:13:42,420 [INFO] utils.quote_manager: [subscribe-get_quote] ONDS | Price Found: True (11.98) | Greeks Source: None | IV: N/A
2026-01-26 15:13:42,420 [INFO] utils.quote_manager: [subscribe-get_quote] Full data ready for ONDS
2026-01-26 15:13:42,420 [DEBUG] utils.trades: get_quote() took 0.11 seconds
2026-01-26 15:13:42,420 [DEBUG] utils.trades: Received stock quote (in options) for ONDS: 11.98
2026-01-26 15:13:42,420 [INFO] utils.trades: Fetching live option quote for HOOD 20260130 115.0P
2026-01-26 15:13:42,420 [INFO] utils.quote_manager: [get_quote] START symbol=HOOD, expiry=20260130, strike=115.0, right=P
2026-01-26 15:13:42,539 [INFO] utils.quote_manager: [get_quote] Request the right market data: session=closed
2026-01-26 15:13:42,539 [INFO] utils.quote_manager: [subscribe-get_quote] HOOD | Price Found: True (8.548162504489396) | Greeks Source: modelGreeks | IV: 0.48923327526361143
2026-01-26 15:13:42,539 [INFO] utils.quote_manager: [subscribe-get_quote] Full data ready for HOOD
2026-01-26 15:13:42,539 [DEBUG] utils.trades: get_quote() took 0.12 seconds
2026-01-26 15:13:42,539 [DEBUG] utils.trades: Received option quote for HOOD 20260130 115.0P: 8.548162504489396
2026-01-26 15:13:42,539 [DEBUG] utils.trades: Fetching live stock quote (in options) for HOOD
2026-01-26 15:13:42,540 [INFO] utils.quote_manager: [get_quote] START symbol=HOOD, expiry=None, strike=None, right=None
2026-01-26 15:13:42,643 [INFO] utils.quote_manager: [get_quote] Request the right market data: session=closed
2026-01-26 15:13:42,644 [INFO] utils.quote_manager: [subscribe-get_quote] HOOD | Price Found: True (105.6) | Greeks Source: None | IV: N/A
2026-01-26 15:13:42,644 [INFO] utils.quote_manager: [subscribe-get_quote] Full data ready for HOOD
2026-01-26 15:13:42,644 [DEBUG] utils.trades: get_quote() took 0.10 seconds
2026-01-26 15:13:42,644 [DEBUG] utils.trades: Received stock quote (in options) for HOOD: 105.6
2026-01-26 15:13:42,645 [INFO] utils.trades: Fetching live option quote for VIX 20260818 13.5C
2026-01-26 15:13:42,645 [INFO] utils.quote_manager: [get_quote] START symbol=VIX, expiry=20260818, strike=13.5, right=C
2026-01-26 15:13:42,748 [INFO] utils.quote_manager: [get_quote] Request the right market data: session=closed
2026-01-26 15:13:42,749 [INFO] utils.quote_manager: [subscribe-get_quote] VIX | Price Found: True (7.6) | Greeks Source: modelGreeks | IV: 0.3913177976132116
2026-01-26 15:13:42,749 [INFO] utils.quote_manager: [subscribe-get_quote] Full data ready for VIX
2026-01-26 15:13:42,750 [DEBUG] utils.trades: get_quote() took 0.10 seconds
2026-01-26 15:13:42,750 [DEBUG] utils.trades: Received option quote for VIX 20260818 13.5C: 7.6
2026-01-26 15:13:42,750 [DEBUG] utils.trades: Fetching live stock quote (in options) for VIX
2026-01-26 15:13:42,750 [INFO] utils.quote_manager: [get_quote] START symbol=VIX, expiry=None, strike=None, right=None
2026-01-26 15:13:42,886 [INFO] utils.quote_manager: [get_quote] Request the right market data: session=closed
2026-01-26 15:13:42,887 [INFO] utils.quote_manager: [subscribe] built contract=Stock(symbol='VIX', exchange='SMART', currency='USD') for ('VIX', None, None, None, 0)
2026-01-26 15:13:44,893 [WARNING] utils.quote_manager: [safe_qualify] Qualification failed for VIX: 
2026-01-26 15:13:44,904 [ERROR] utils.quote_manager: [subscribe] All exchanges failed for ('VIX', None, None, None, 0)
2026-01-26 15:13:44,912 [ERROR] utils.quote_manager: [get_quote] ticker is None for ('VIX', None, None, None, 0)
2026-01-26 15:13:44,919 [DEBUG] utils.trades: get_quote() took 2.17 seconds
2026-01-26 15:13:44,921 [DEBUG] utils.trades: Received stock quote (in options) for VIX: None
2026-01-26 15:13:44,929 [DEBUG] utils.trades: Fetching live stock quote for TSLA
2026-01-26 15:13:44,939 [INFO] utils.quote_manager: [get_quote] START symbol=TSLA, expiry=None, strike=None, right=None
2026-01-26 15:13:45,088 [INFO] utils.quote_manager: [get_quote] Request the right market data: session=closed
2026-01-26 15:13:45,088 [INFO] utils.quote_manager: [subscribe-get_quote] TSLA | Price Found: True (444.59) | Greeks Source: None | IV: N/A
2026-01-26 15:13:45,088 [INFO] utils.quote_manager: [subscribe-get_quote] Full data ready for TSLA
2026-01-26 15:13:45,094 [DEBUG] utils.trades: get_quote() took 0.16 seconds
2026-01-26 15:13:45,099 [DEBUG] utils.trades: Received stock quote for TSLA: 444.59
2026-01-26 15:13:45,100 [DEBUG] utils.trades: Fetching live stock quote for AAPL
2026-01-26 15:13:45,100 [INFO] utils.quote_manager: [get_quote] START symbol=AAPL, expiry=None, strike=None, right=None
2026-01-26 15:13:45,221 [INFO] utils.quote_manager: [get_quote] Request the right market data: session=closed
2026-01-26 15:13:45,222 [INFO] utils.quote_manager: [subscribe-get_quote] AAPL | Price Found: True (248.29) | Greeks Source: None | IV: N/A
2026-01-26 15:13:45,223 [INFO] utils.quote_manager: [subscribe-get_quote] Full data ready for AAPL
2026-01-26 15:13:45,229 [DEBUG] utils.trades: get_quote() took 0.13 seconds
2026-01-26 15:13:45,229 [DEBUG] utils.trades: Received stock quote for AAPL: 248.29
2026-01-26 15:13:45,238 [DEBUG] utils.trades: Fetching live stock quote for AMD
2026-01-26 15:13:45,238 [INFO] utils.quote_manager: [get_quote] START symbol=AMD, expiry=None, strike=None, right=None
2026-01-26 15:13:45,384 [INFO] utils.quote_manager: [get_quote] Request the right market data: session=closed
2026-01-26 15:13:45,384 [INFO] utils.quote_manager: [subscribe-get_quote] AMD | Price Found: True (258.38) | Greeks Source: None | IV: N/A
2026-01-26 15:13:45,387 [INFO] utils.quote_manager: [subscribe-get_quote] Full data ready for AMD
2026-01-26 15:13:45,394 [DEBUG] utils.trades: get_quote() took 0.16 seconds
2026-01-26 15:13:45,394 [DEBUG] utils.trades: Received stock quote for AMD: 258.38
2026-01-26 15:13:45,398 [DEBUG] utils.trades: Fetching live stock quote for CRCL
2026-01-26 15:13:45,398 [INFO] utils.quote_manager: [get_quote] START symbol=CRCL, expiry=None, strike=None, right=None
2026-01-26 15:13:45,525 [INFO] utils.quote_manager: [get_quote] Request the right market data: session=closed
2026-01-26 15:13:45,530 [INFO] utils.quote_manager: [subscribe-get_quote] CRCL | Price Found: True (70.03) | Greeks Source: None | IV: N/A
2026-01-26 15:13:45,537 [INFO] utils.quote_manager: [subscribe-get_quote] Full data ready for CRCL
2026-01-26 15:13:45,538 [DEBUG] utils.trades: get_quote() took 0.14 seconds
2026-01-26 15:13:45,548 [DEBUG] utils.trades: Received stock quote for CRCL: 70.03
2026-01-26 15:13:45,549 [INFO] utils.trades: Fetching live option quote for HOOD 20260320 120.0C
2026-01-26 15:13:45,549 [INFO] utils.quote_manager: [get_quote] START symbol=HOOD, expiry=20260320, strike=120.0, right=C
2026-01-26 15:13:45,678 [INFO] utils.quote_manager: [get_quote] Request the right market data: session=closed
2026-01-26 15:13:50,686 [WARNING] utils.quote_manager: [subscribe_get_quote] TIMEOUT for HOOD after 5.00s: last=nan, bid=-1.0, ask=-1.0, mg=None
2026-01-26 15:13:50,686 [DEBUG] utils.trades: get_quote() took 5.14 seconds
2026-01-26 15:13:50,692 [DEBUG] utils.trades: Received option quote for HOOD 20260320 120.0C: 5.3
2026-01-26 15:13:50,704 [DEBUG] utils.trades: Fetching live stock quote (in options) for HOOD
2026-01-26 15:13:50,710 [INFO] utils.quote_manager: [get_quote] START symbol=HOOD, expiry=None, strike=None, right=None
2026-01-26 15:13:50,861 [INFO] utils.quote_manager: [get_quote] Request the right market data: session=closed
2026-01-26 15:13:50,861 [INFO] utils.quote_manager: [subscribe-get_quote] HOOD | Price Found: True (105.6) | Greeks Source: None | IV: N/A
2026-01-26 15:13:50,866 [INFO] utils.quote_manager: [subscribe-get_quote] Full data ready for HOOD
2026-01-26 15:13:50,874 [DEBUG] utils.trades: get_quote() took 0.17 seconds
2026-01-26 15:13:50,883 [DEBUG] utils.trades: Received stock quote (in options) for HOOD: 105.6
2026-01-26 15:13:50,887 [DEBUG] utils.trades: Fetching live stock quote for MSAI
2026-01-26 15:13:50,890 [INFO] utils.quote_manager: [get_quote] START symbol=MSAI, expiry=None, strike=None, right=None
2026-01-26 15:13:51,015 [INFO] utils.quote_manager: [get_quote] Request the right market data: session=closed
2026-01-26 15:13:51,015 [INFO] utils.quote_manager: [subscribe-get_quote] MSAI | Price Found: True (0.3537) | Greeks Source: None | IV: N/A
2026-01-26 15:13:51,049 [INFO] utils.quote_manager: [subscribe-get_quote] Full data ready for MSAI
2026-01-26 15:13:51,049 [DEBUG] utils.trades: get_quote() took 0.16 seconds
2026-01-26 15:13:51,049 [DEBUG] utils.trades: Received stock quote for MSAI: 0.3537
2026-01-26 15:13:51,064 [DEBUG] utils.trades: Fetching live stock quote for NVDA
2026-01-26 15:13:51,072 [INFO] utils.quote_manager: [get_quote] START symbol=NVDA, expiry=None, strike=None, right=None
2026-01-26 15:13:51,221 [INFO] utils.quote_manager: [get_quote] Request the right market data: session=closed
2026-01-26 15:13:51,221 [INFO] utils.quote_manager: [subscribe-get_quote] NVDA | Price Found: True (186.3) | Greeks Source: None | IV: N/A
2026-01-26 15:13:51,222 [INFO] utils.quote_manager: [subscribe-get_quote] Full data ready for NVDA
2026-01-26 15:13:51,229 [DEBUG] utils.trades: get_quote() took 0.17 seconds
2026-01-26 15:13:51,233 [DEBUG] utils.trades: Received stock quote for NVDA: 186.3
2026-01-26 15:13:51,233 [DEBUG] utils.trades: Fetching live stock quote for SOFI
2026-01-26 15:13:51,238 [INFO] utils.quote_manager: [get_quote] START symbol=SOFI, expiry=None, strike=None, right=None
2026-01-26 15:13:51,370 [INFO] utils.quote_manager: [get_quote] Request the right market data: session=closed
2026-01-26 15:13:51,374 [INFO] utils.quote_manager: [subscribe-get_quote] SOFI | Price Found: True (25.68) | Greeks Source: None | IV: N/A
2026-01-26 15:13:51,379 [INFO] utils.quote_manager: [subscribe-get_quote] Full data ready for SOFI
2026-01-26 15:13:51,383 [DEBUG] utils.trades: get_quote() took 0.15 seconds
2026-01-26 15:13:51,384 [DEBUG] utils.trades: Received stock quote for SOFI: 25.68
2026-01-26 15:13:51,396 [DEBUG] utils.trades: Passing 5 groups to complex_groups_to_df...
2026-01-26 15:13:51,399 [INFO] utils.quote_manager: [get_quote] START symbol=FISV, expiry=20260116, strike=65.0, right=Put
2026-01-26 15:13:51,509 [INFO] utils.quote_manager: [get_quote] Request the right market data: session=closed
2026-01-26 15:13:51,509 [INFO] utils.quote_manager: [subscribe] built contract=Option(symbol='FISV', lastTradeDateOrContractMonth='20260116', strike=65.0, right='Put', multiplier='100', exchange='SMART', currency='USD') for ('FISV', '20260116', 65.0, 'Put', 0)
2026-01-26 15:13:53,525 [WARNING] utils.quote_manager: [safe_qualify] Qualification failed for FISV: 
2026-01-26 15:13:55,527 [WARNING] utils.quote_manager: [safe_qualify] Qualification failed for FISV: 
2026-01-26 15:13:57,638 [WARNING] utils.quote_manager: [safe_qualify] Qualification failed for FISV: 
2026-01-26 15:13:59,747 [WARNING] utils.quote_manager: [safe_qualify] Qualification failed for FISV: 
2026-01-26 15:13:59,858 [ERROR] utils.quote_manager: [subscribe] All exchanges failed for ('FISV', '20260116', 65.0, 'Put', 0)
2026-01-26 15:13:59,859 [ERROR] utils.quote_manager: [get_quote] ticker is None for ('FISV', '20260116', 65.0, 'Put', 0)
2026-01-26 15:13:59,860 [ERROR] utils.trades: Quote failed for leg 10: unsupported operand type(s) for *: 'NoneType' and 'int'
2026-01-26 15:13:59,861 [INFO] utils.quote_manager: [get_quote] START symbol=FISV, expiry=20260116, strike=70.0, right=Put
2026-01-26 15:13:59,987 [INFO] utils.quote_manager: [get_quote] Request the right market data: session=closed
2026-01-26 15:13:59,988 [INFO] utils.quote_manager: [subscribe] built contract=Option(symbol='FISV', lastTradeDateOrContractMonth='20260116', strike=70.0, right='Put', multiplier='100', exchange='SMART', currency='USD') for ('FISV', '20260116', 70.0, 'Put', 0)
2026-01-26 15:14:01,996 [WARNING] utils.quote_manager: [safe_qualify] Qualification failed for FISV: 
2026-01-26 15:14:04,012 [WARNING] utils.quote_manager: [safe_qualify] Qualification failed for FISV: 
2026-01-26 15:14:06,138 [WARNING] utils.quote_manager: [safe_qualify] Qualification failed for FISV: 
2026-01-26 15:14:08,246 [WARNING] utils.quote_manager: [safe_qualify] Qualification failed for FISV: 
2026-01-26 15:14:08,360 [ERROR] utils.quote_manager: [subscribe] All exchanges failed for ('FISV', '20260116', 70.0, 'Put', 0)
2026-01-26 15:14:08,361 [ERROR] utils.quote_manager: [get_quote] ticker is None for ('FISV', '20260116', 70.0, 'Put', 0)
2026-01-26 15:14:08,362 [ERROR] utils.trades: Quote failed for leg 9: unsupported operand type(s) for *: 'NoneType' and 'int'
2026-01-26 15:14:08,362 [INFO] utils.quote_manager: [get_quote] START symbol=MA, expiry=20260320, strike=560.0, right=Call
2026-01-26 15:14:08,505 [INFO] utils.quote_manager: [get_quote] Request the right market data: session=closed
2026-01-26 15:14:08,539 [INFO] utils.quote_manager: [subscribe-get_quote] MA | Price Found: True (7.723687468989272) | Greeks Source: modelGreeks | IV: 0.23327907018555047
2026-01-26 15:14:08,553 [INFO] utils.quote_manager: [subscribe-get_quote] Full data ready for MA
2026-01-26 15:14:08,571 [INFO] utils.quote_manager: [get_quote] START symbol=MA, expiry=20260130, strike=560.0, right=Call
2026-01-26 15:14:08,705 [INFO] utils.quote_manager: [get_quote] Request the right market data: session=closed
2026-01-26 15:14:13,756 [WARNING] utils.quote_manager: [subscribe_get_quote] TIMEOUT for MA after 5.05s: last=nan, bid=-1.0, ask=-1.0, mg=None
2026-01-26 15:14:13,758 [INFO] utils.quote_manager: [get_quote] START symbol=TSLA, expiry=20260220, strike=440.0, right=Call
2026-01-26 15:14:13,881 [INFO] utils.quote_manager: [get_quote] Request the right market data: session=closed
2026-01-26 15:14:18,890 [WARNING] utils.quote_manager: [subscribe_get_quote] TIMEOUT for TSLA after 5.01s: last=nan, bid=-1.0, ask=-1.0, mg=None
2026-01-26 15:14:18,890 [INFO] utils.quote_manager: [get_quote] START symbol=TSLA, expiry=20260220, strike=440.0, right=Call
2026-01-26 15:14:19,015 [INFO] utils.quote_manager: [get_quote] Request the right market data: session=closed
2026-01-26 15:14:24,075 [WARNING] utils.quote_manager: [subscribe_get_quote] TIMEOUT for TSLA after 5.06s: last=nan, bid=-1.0, ask=-1.0, mg=None
2026-01-26 15:14:24,080 [INFO] utils.quote_manager: [get_quote] START symbol=RKLB, expiry=20260213, strike=75.0, right=Put
2026-01-26 15:14:24,197 [INFO] utils.quote_manager: [get_quote] Request the right market data: session=closed
2026-01-26 15:14:24,198 [INFO] utils.quote_manager: [subscribe-get_quote] RKLB | Price Found: True (2.0820489119457752) | Greeks Source: modelGreeks | IV: 0.8952559084348135
2026-01-26 15:14:24,201 [INFO] utils.quote_manager: [subscribe-get_quote] Full data ready for RKLB
2026-01-26 15:14:24,246 [INFO] utils.quote_manager: [get_quote] START symbol=RKLB, expiry=20260213, strike=80.0, right=Put
2026-01-26 15:14:24,362 [INFO] utils.quote_manager: [get_quote] Request the right market data: session=closed
2026-01-26 15:14:29,377 [WARNING] utils.quote_manager: [subscribe_get_quote] TIMEOUT for RKLB after 5.01s: last=nan, bid=-1.0, ask=-1.0, mg=None
2026-01-26 15:14:29,377 [INFO] utils.quote_manager: [get_quote] START symbol=NVDA, expiry=20260320, strike=170.0, right=Call
2026-01-26 15:14:29,547 [INFO] utils.quote_manager: [get_quote] Request the right market data: session=closed
2026-01-26 15:14:29,548 [INFO] utils.quote_manager: [subscribe-get_quote] NVDA | Price Found: True (24.354095875426868) | Greeks Source: modelGreeks | IV: 0.4601320315188967
2026-01-26 15:14:29,548 [INFO] utils.quote_manager: [subscribe-get_quote] Full data ready for NVDA
2026-01-26 15:14:29,560 [INFO] utils.quote_manager: [get_quote] START symbol=NVDA, expiry=20260130, strike=190.0, right=Call
2026-01-26 15:14:29,698 [INFO] utils.quote_manager: [get_quote] Request the right market data: session=closed
2026-01-26 15:14:34,716 [WARNING] utils.quote_manager: [subscribe_get_quote] TIMEOUT for NVDA after 5.02s: last=nan, bid=-1.0, ask=-1.0, mg=None
2026-01-26 15:14:34,737 [DEBUG] utils.trades: DataFrame Row 0 Legs Count: 2
2026-01-26 15:14:34,745 [DEBUG] __main__: get_all_open_positions() took 71.38 seconds
2026-01-26 15:14:34,756 [DEBUG] __main__: Open Flat Trades styling INITIATED
2026-01-26 15:14:34,777 [DEBUG] __main__: Open Flat Trades styling took 0.02 seconds
2026-01-26 15:14:34,787 [INFO] utils.trades: --- SUMMARY ---
2026-01-26 15:14:34,792 [INFO] utils.trades: Initial Baseline: 626.38
2026-01-26 15:14:34,803 [INFO] utils.trades: Total Realized Cash: 626.38
2026-01-26 15:14:34,803 [INFO] utils.trades: Total Unrealized P&L: 0.00
2026-01-26 15:14:34,810 [INFO] utils.trades: Final True P&L: 626.38
2026-01-26 15:14:34,813 [INFO] utils.trades: --- DEBUG END ---

2026-01-26 15:14:34,820 [INFO] utils.trades: LEG ID: 28 | MA 20251024 560.0Call | Qty: -1
2026-01-26 15:14:34,820 [INFO] utils.trades:   > Realized: Entry $998.00 | Exit $-1,330.00 | Comms $1.40 | P&L $-332.00 | Status: Rolled
2026-01-26 15:14:34,826 [INFO] utils.trades:   > CURRENT MARKET VALUE TO LIQUIDATE: (Mark 7.723687468989272) * Qty 1 = 772.37
2026-01-26 15:14:34,826 [INFO] utils.trades: LEG ID: 29 | MA 20260320 560.0Call | Qty: 1
2026-01-26 15:14:34,826 [INFO] utils.trades:   > UNREALIZED: (Mark 7.723687468989272 - Entry 41.04) * Qty 1 = 772.37
2026-01-26 15:14:34,832 [INFO] utils.trades: LEG ID: 30 | MA 20251031 570.0Call | Qty: -1
2026-01-26 15:14:34,837 [INFO] utils.trades:   > Realized: Entry $1,333.00 | Exit $-1,551.00 | Comms $1.41 | P&L $-218.00 | Status: Rolled
2026-01-26 15:14:34,840 [INFO] utils.trades: LEG ID: 31 | MA 20251107 575.0Call | Qty: -1
2026-01-26 15:14:34,841 [INFO] utils.trades:   > Realized: Entry $1,446.00 | Exit $-19.00 | Comms $1.76 | P&L $1,427.00 | Status: Rolled
2026-01-26 15:14:34,849 [INFO] utils.trades: LEG ID: 32 | MA 20251114 560.0Call | Qty: -1
2026-01-26 15:14:34,855 [INFO] utils.trades:   > Realized: Entry $247.00 | Exit $-453.00 | Comms $2.10 | P&L $-206.00 | Status: Rolled
2026-01-26 15:14:34,860 [INFO] utils.trades: LEG ID: 33 | MA 20251121 565.0Call | Qty: -1
2026-01-26 15:14:34,861 [INFO] utils.trades:   > Realized: Entry $549.00 | Exit $-12.00 | Comms $2.10 | P&L $537.00 | Status: Rolled
2026-01-26 15:14:34,861 [INFO] utils.trades: LEG ID: 34 | MA 20251205 565.0Call | Qty: -1
2026-01-26 15:14:34,865 [INFO] utils.trades:   > Realized: Entry $217.00 | Exit $-15.00 | Comms $1.71 | P&L $202.00 | Status: Rolled
2026-01-26 15:14:34,866 [INFO] utils.trades: LEG ID: 35 | MA 20251212 562.5Call | Qty: -1
2026-01-26 15:14:34,869 [INFO] utils.trades:   > Realized: Entry $208.00 | Exit $-180.00 | Comms $1.68 | P&L $28.00 | Status: Rolled
2026-01-26 15:14:34,878 [INFO] utils.trades: LEG ID: 36 | MA 20251219 565.0Call | Qty: -1
2026-01-26 15:14:34,889 [INFO] utils.trades:   > Realized: Entry $420.00 | Exit $-1,010.00 | Comms $1.69 | P&L $-590.00 | Status: Rolled
2026-01-26 15:14:34,889 [INFO] utils.trades: LEG ID: 37 | MA 20251226 570.0Call | Qty: -1
2026-01-26 15:14:34,895 [INFO] utils.trades:   > Realized: Entry $859.00 | Exit $-996.00 | Comms $1.70 | P&L $-137.00 | Status: Rolled
2026-01-26 15:14:34,901 [INFO] utils.trades: LEG ID: 38 | MA 20260109 580.0Call | Qty: -1
2026-01-26 15:14:34,901 [INFO] utils.trades:   > Realized: Entry $700.00 | Exit $-411.00 | Comms $2.07 | P&L $289.00 | Status: Rolled
2026-01-26 15:14:34,901 [INFO] utils.trades: LEG ID: 39 | MA 20260116 587.5Call | Qty: -1
2026-01-26 15:14:34,902 [INFO] utils.trades:   > Realized: Entry $390.00 | Exit $-20.00 | Comms $2.10 | P&L $370.00 | Status: Rolled
2026-01-26 15:14:34,902 [INFO] utils.trades: LEG ID: 40 | MA 20260116 560.5Call | Qty: -1
2026-01-26 15:14:34,906 [INFO] utils.trades:   > Realized: Entry $135.00 | Exit $-9.00 | Comms $1.75 | P&L $126.00 | Status: Rolled
2026-01-26 15:14:34,914 [INFO] utils.trades: LEG ID: 41 | MA 20260123 560.0Call | Qty: -1
2026-01-26 15:14:34,920 [INFO] utils.trades:   > Realized: Entry $93.00 | Exit $-27.00 | Comms $1.75 | P&L $66.00 | Status: Rolled
2026-01-26 15:14:34,921 [INFO] utils.trades:   > CURRENT MARKET VALUE TO LIQUIDATE: (Mark 0.97) * Qty -1 = -97.00
2026-01-26 15:14:34,927 [INFO] utils.trades: LEG ID: 75 | MA 20260130 560.0Call | Qty: -1
2026-01-26 15:14:34,933 [INFO] utils.trades:   > UNREALIZED: (Mark 0.97 - Entry 1.44) * Qty -1 = -97.00
2026-01-26 15:14:34,934 [INFO] utils.trades: --- SUMMARY ---
2026-01-26 15:14:34,934 [INFO] utils.trades: Initial Baseline: -3,107.40
2026-01-26 15:14:34,935 [INFO] utils.trades: Total Realized Cash: -2,422.97
2026-01-26 15:14:34,942 [INFO] utils.trades: Total Unrealized P&L: 675.37
2026-01-26 15:14:34,952 [INFO] utils.trades: Final True P&L: -1,747.60
2026-01-26 15:14:34,954 [INFO] utils.trades: --- DEBUG END ---

2026-01-26 15:14:34,980 [INFO] utils.trades: LEG ID: 42 | TSLA 20251031 440.0Call | Qty: -1
2026-01-26 15:14:34,981 [INFO] utils.trades:   > Realized: Entry $1,210.00 | Exit $-2,532.00 | Comms $1.40 | P&L $-1,322.00 | Status: Rolled
2026-01-26 15:14:34,982 [INFO] utils.trades:   > CURRENT MARKET VALUE TO LIQUIDATE: (Mark 28.34) * Qty 1 = 2,834.00
2026-01-26 15:14:34,988 [INFO] utils.trades: LEG ID: 43 | TSLA 20260220 440.0Call | Qty: 1
2026-01-26 15:14:34,988 [INFO] utils.trades:   > UNREALIZED: (Mark 28.34 - Entry 56.74) * Qty 1 = 2,834.00
2026-01-26 15:14:34,997 [INFO] utils.trades: LEG ID: 44 | TSLA 20251107 450.0Call | Qty: -1
2026-01-26 15:14:35,000 [INFO] utils.trades:   > Realized: Entry $2,507.00 | Exit $-2,480.00 | Comms $1.41 | P&L $27.00 | Status: Rolled
2026-01-26 15:14:35,001 [INFO] utils.trades: LEG ID: 45 | TSLA 20251121 467.5Call | Qty: -1
2026-01-26 15:14:35,006 [INFO] utils.trades:   > Realized: Entry $2,525.00 | Exit $-12.00 | Comms $1.41 | P&L $2,513.00 | Status: Rolled
2026-01-26 15:14:35,006 [INFO] utils.trades: LEG ID: 46 | TSLA 20251128 440.0Call | Qty: -1
2026-01-26 15:14:35,015 [INFO] utils.trades:   > Realized: Entry $268.00 | Exit $-43.00 | Comms $1.40 | P&L $225.00 | Status: Rolled
2026-01-26 15:14:35,021 [INFO] utils.trades: LEG ID: 47 | TSLA 20251205 440.0Call | Qty: -1
2026-01-26 15:14:35,027 [INFO] utils.trades:   > Realized: Entry $388.00 | Exit $-618.00 | Comms $1.36 | P&L $-230.00 | Status: Rolled
2026-01-26 15:14:35,028 [INFO] utils.trades: LEG ID: 48 | TSLA 20251212 455.0Call | Qty: -1
2026-01-26 15:14:35,035 [INFO] utils.trades:   > Realized: Entry $663.00 | Exit $-128.00 | Comms $1.69 | P&L $535.00 | Status: Rolled
2026-01-26 15:14:35,041 [INFO] utils.trades: LEG ID: 49 | TSLA 20251219 455.0Call | Qty: -1
2026-01-26 15:14:35,049 [INFO] utils.trades:   > Realized: Entry $713.00 | Exit $-2,520.00 | Comms $1.69 | P&L $-1,807.00 | Status: Rolled
2026-01-26 15:14:35,055 [INFO] utils.trades: LEG ID: 50 | TSLA 20260102 470.0Call | Qty: -1
2026-01-26 15:14:35,059 [INFO] utils.trades:   > Realized: Entry $2,417.00 | Exit $-2.00 | Comms $1.73 | P&L $2,415.00 | Status: Rolled
2026-01-26 15:14:35,060 [INFO] utils.trades: LEG ID: 51 | TSLA 20260109 470.0Call | Qty: -1
2026-01-26 15:14:35,060 [INFO] utils.trades:   > Realized: Entry $238.00 | Exit $-22.00 | Comms $2.10 | P&L $216.00 | Status: Rolled
2026-01-26 15:14:35,066 [INFO] utils.trades: LEG ID: 52 | TSLA 20260116 470.0Call | Qty: -1
2026-01-26 15:14:35,070 [INFO] utils.trades:   > Realized: Entry $208.00 | Exit $-23.00 | Comms $2.60 | P&L $185.00 | Status: Rolled
2026-01-26 15:14:35,071 [INFO] utils.trades: LEG ID: 53 | TSLA 20260116 455.0Call | Qty: -1
2026-01-26 15:14:35,071 [INFO] utils.trades:   > Realized: Entry $109.00 | Exit $-32.00 | Comms $2.14 | P&L $77.00 | Status: Rolled
2026-01-26 15:14:35,071 [INFO] utils.trades: LEG ID: 54 | TSLA 20260123 462.5Call | Qty: -1
2026-01-26 15:14:35,072 [INFO] utils.trades:   > Realized: Entry $272.00 | Exit $-10.00 | Comms $1.40 | P&L $262.00 | Status: Rolled
2026-01-26 15:14:35,072 [INFO] utils.trades: LEG ID: 74 | TSLA 20260123 442.5Call | Qty: -1
2026-01-26 15:14:35,077 [INFO] utils.trades:   > Realized: Entry $220.00 | Exit $-550.00 | Comms $1.40 | P&L $-330.00 | Status: Rolled
2026-01-26 15:14:35,079 [INFO] utils.trades:   > CURRENT MARKET VALUE TO LIQUIDATE: (Mark 28.34) * Qty -1 = -2,834.00
2026-01-26 15:14:35,082 [INFO] utils.trades: LEG ID: 77 | TSLA 20260220 440.0Call | Qty: -1
2026-01-26 15:14:35,106 [INFO] utils.trades:   > UNREALIZED: (Mark 28.34 - Entry 27.25) * Qty -1 = -2,834.00
2026-01-26 15:14:35,116 [INFO] utils.trades: --- SUMMARY ---
2026-01-26 15:14:35,122 [INFO] utils.trades: Initial Baseline: -4,465.40
2026-01-26 15:14:35,123 [INFO] utils.trades: Total Realized Cash: -206.13
2026-01-26 15:14:35,123 [INFO] utils.trades: Total Unrealized P&L: 0.00
2026-01-26 15:14:35,124 [INFO] utils.trades: Final True P&L: -206.13
2026-01-26 15:14:35,124 [INFO] utils.trades: --- DEBUG END ---

2026-01-26 15:14:35,149 [INFO] utils.trades:   > CURRENT MARKET VALUE TO LIQUIDATE: (Mark 3.38) * Qty -4 = -1,352.00
2026-01-26 15:14:35,152 [INFO] utils.trades: LEG ID: 55 | RKLB 20260213 80.0Put | Qty: -4
2026-01-26 15:14:35,158 [INFO] utils.trades:   > UNREALIZED: (Mark 3.38 - Entry 4.93) * Qty -4 = -1,352.00
2026-01-26 15:14:35,159 [INFO] utils.trades:   > CURRENT MARKET VALUE TO LIQUIDATE: (Mark 2.0820489119457752) * Qty 4 = 832.82
2026-01-26 15:14:35,159 [INFO] utils.trades: LEG ID: 56 | RKLB 20260213 75.0Put | Qty: 4
2026-01-26 15:14:35,160 [INFO] utils.trades:   > UNREALIZED: (Mark 2.0820489119457752 - Entry 3.13) * Qty 4 = 832.82
2026-01-26 15:14:35,160 [INFO] utils.trades: --- SUMMARY ---
2026-01-26 15:14:35,164 [INFO] utils.trades: Initial Baseline: 717.50
2026-01-26 15:14:35,168 [INFO] utils.trades: Total Realized Cash: 717.50
2026-01-26 15:14:35,172 [INFO] utils.trades: Total Unrealized P&L: -519.18
2026-01-26 15:14:35,183 [INFO] utils.trades: Final True P&L: 198.32
2026-01-26 15:14:35,183 [INFO] utils.trades: --- DEBUG END ---

2026-01-26 15:14:35,194 [INFO] utils.trades: LEG ID: 57 | NVDA 20250919 170.0Call | Qty: -1
2026-01-26 15:14:35,194 [INFO] utils.trades:   > Realized: Entry $416.00 | Exit $-632.00 | Comms $2.04 | P&L $-216.00 | Status: Rolled
2026-01-26 15:14:35,198 [INFO] utils.trades:   > CURRENT MARKET VALUE TO LIQUIDATE: (Mark 24.354095875426868) * Qty 1 = 2,435.41
2026-01-26 15:14:35,199 [INFO] utils.trades: LEG ID: 58 | NVDA 20260320 170.0Call | Qty: 1
2026-01-26 15:14:35,221 [INFO] utils.trades:   > UNREALIZED: (Mark 24.354095875426868 - Entry 21.19) * Qty 1 = 2,435.41
2026-01-26 15:14:35,222 [INFO] utils.trades: LEG ID: 59 | NVDA 20251003 175.0Call | Qty: -1
2026-01-26 15:14:35,222 [INFO] utils.trades:   > Realized: Entry $542.00 | Exit $-774.00 | Comms $1.70 | P&L $-232.00 | Status: Rolled
2026-01-26 15:14:35,249 [INFO] utils.trades: LEG ID: 60 | NVDA 20251010 177.5Call | Qty: -1
2026-01-26 15:14:35,256 [INFO] utils.trades:   > Realized: Entry $737.00 | Exit $-1,072.00 | Comms $1.41 | P&L $-335.00 | Status: Rolled
2026-01-26 15:14:35,257 [INFO] utils.trades: LEG ID: 61 | NVDA 20251031 185.0Call | Qty: -1
2026-01-26 15:14:35,257 [INFO] utils.trades:   > Realized: Entry $937.00 | Exit $-1,417.00 | Comms $1.40 | P&L $-480.00 | Status: Rolled
2026-01-26 15:14:35,258 [INFO] utils.trades: LEG ID: 62 | NVDA 20251107 190.0Call | Qty: -1
2026-01-26 15:14:35,258 [INFO] utils.trades:   > Realized: Entry $1,182.00 | Exit $-2,078.00 | Comms $1.75 | P&L $-896.00 | Status: Rolled
2026-01-26 15:14:35,259 [INFO] utils.trades: LEG ID: 63 | NVDA 20251121 200.0Call | Qty: -1
2026-01-26 15:14:35,264 [INFO] utils.trades:   > Realized: Entry $1,676.00 | Exit $-2.00 | Comms $2.10 | P&L $1,674.00 | Status: Rolled
2026-01-26 15:14:35,267 [INFO] utils.trades: LEG ID: 64 | NVDA 20251128 190.0Call | Qty: -1
2026-01-26 15:14:35,267 [INFO] utils.trades:   > Realized: Entry $156.00 | Exit $-10.00 | Comms $2.04 | P&L $146.00 | Status: Rolled
2026-01-26 15:14:35,267 [INFO] utils.trades: LEG ID: 65 | NVDA 20251128 175.0Call | Qty: -1
2026-01-26 15:14:35,267 [INFO] utils.trades:   > Realized: Entry $203.00 | Exit $-660.00 | Comms $1.69 | P&L $-457.00 | Status: Rolled
2026-01-26 15:14:35,268 [INFO] utils.trades: LEG ID: 66 | NVDA 20251205 180.0Call | Qty: -1
2026-01-26 15:14:35,270 [INFO] utils.trades:   > Realized: Entry $550.00 | Exit $-614.00 | Comms $1.37 | P&L $-64.00 | Status: Rolled
2026-01-26 15:14:35,275 [INFO] utils.trades: LEG ID: 67 | NVDA 20251219 187.0Call | Qty: -1
2026-01-26 15:14:35,281 [INFO] utils.trades:   > Realized: Entry $559.00 | Exit $-7.00 | Comms $1.88 | P&L $552.00 | Status: Rolled
2026-01-26 15:14:35,285 [INFO] utils.trades: LEG ID: 68 | NVDA 20251226 185.0Call | Qty: -1
2026-01-26 15:14:35,285 [INFO] utils.trades:   > Realized: Entry $58.00 | Exit $-571.00 | Comms $1.89 | P&L $-513.00 | Status: Rolled
2026-01-26 15:14:35,286 [INFO] utils.trades: LEG ID: 69 | NVDA 20260102 190.0Call | Qty: -1
2026-01-26 15:14:35,286 [INFO] utils.trades:   > Realized: Entry $336.00 | Exit $-94.00 | Comms $1.73 | P&L $242.00 | Status: Rolled
2026-01-26 15:14:35,286 [INFO] utils.trades: LEG ID: 70 | NVDA 20260109 192.5Call | Qty: -1
2026-01-26 15:14:35,289 [INFO] utils.trades:   > Realized: Entry $240.00 | Exit $-110.00 | Comms $2.10 | P&L $130.00 | Status: Rolled
2026-01-26 15:14:35,289 [INFO] utils.trades: LEG ID: 71 | NVDA 20260116 195.0Call | Qty: -1
2026-01-26 15:14:35,290 [INFO] utils.trades:   > Realized: Entry $211.00 | Exit $-24.00 | Comms $1.75 | P&L $187.00 | Status: Rolled
2026-01-26 15:14:35,290 [INFO] utils.trades: LEG ID: 72 | NVDA 20260123 195.0Call | Qty: -1
2026-01-26 15:14:35,298 [INFO] utils.trades:   > Realized: Entry $86.00 | Exit $-4.00 | Comms $1.75 | P&L $82.00 | Status: Rolled
2026-01-26 15:14:35,299 [INFO] utils.trades: LEG ID: 73 | NVDA 20260123 185.0Call | Qty: -1
2026-01-26 15:14:35,300 [INFO] utils.trades:   > Realized: Entry $60.00 | Exit $-280.00 | Comms $2.10 | P&L $-220.00 | Status: Rolled
2026-01-26 15:14:35,300 [INFO] utils.trades:   > CURRENT MARKET VALUE TO LIQUIDATE: (Mark 2.79) * Qty -1 = -279.00
2026-01-26 15:14:35,300 [INFO] utils.trades: LEG ID: 76 | NVDA 20260130 190.0Call | Qty: -1
2026-01-26 15:14:35,300 [INFO] utils.trades:   > UNREALIZED: (Mark 2.79 - Entry 2.9) * Qty -1 = -279.00
2026-01-26 15:14:35,305 [INFO] utils.trades: --- SUMMARY ---
2026-01-26 15:14:35,306 [INFO] utils.trades: Initial Baseline: -1,705.10
2026-01-26 15:14:35,307 [INFO] utils.trades: Total Realized Cash: -2,259.80
2026-01-26 15:14:35,307 [INFO] utils.trades: Total Unrealized P&L: 2,156.41
2026-01-26 15:14:35,308 [INFO] utils.trades: Final True P&L: -103.39
2026-01-26 15:14:35,308 [INFO] utils.trades: --- DEBUG END ---

2026-01-26 15:18:38,006 [DEBUG] __main__: Starting Open Trades page
2026-01-26 15:18:38,328 [DEBUG] __main__: get_all_open_positions() INITIATED
2026-01-26 15:18:38,334 [DEBUG] __main__: get_all_open_positions() took 0.01 seconds
2026-01-26 15:19:42,027 [DEBUG] __main__: Starting Open Trades page
2026-01-26 15:19:42,287 [DEBUG] __main__: get_all_open_positions() INITIATED
2026-01-26 15:19:42,292 [DEBUG] __main__: get_all_open_positions() took 0.01 seconds
2026-01-26 15:19:47,789 [DEBUG] __main__: Starting Closed Trades page
2026-01-26 15:19:48,051 [DEBUG] __main__: fetch_trades() INITIATED
2026-01-26 15:19:48,060 [DEBUG] __main__: fetch_trades() took 0.01 seconds
2026-01-26 15:19:48,062 [DEBUG] __main__: trades_to_df() INITIATED
2026-01-26 15:19:48,110 [DEBUG] __main__: trades_to_df() took 0.05 seconds
2026-01-26 15:19:48,110 [DEBUG] __main__: load_closed_trades() INITIATED
2026-01-26 15:19:48,129 [DEBUG] __main__: load_closed_trades() took 0.02 seconds
2026-01-26 15:19:48,131 [DEBUG] __main__: closed_df styling INITIATED
2026-01-26 15:19:48,170 [DEBUG] __main__: closed_df styling took 0.04 seconds
2026-01-26 15:19:48,181 [INFO] utils.trades: LEG ID: 20 | COST 20251031 935.0Call | Qty: -1
2026-01-26 15:19:48,182 [INFO] utils.trades:   > Realized: Entry $1,289.00 | Exit $-2,142.00 | Comms $1.40 | P&L $-853.00 | Status: Rolled
2026-01-26 15:19:48,182 [INFO] utils.trades: LEG ID: 21 | COST 20260116 935.0Call | Qty: 1
2026-01-26 15:19:48,187 [INFO] utils.trades:   > Realized: Entry $-4,672.00 | Exit $2,237.00 | Comms $1.50 | P&L $-2,435.00 | Status: Closed
2026-01-26 15:19:48,189 [INFO] utils.trades: LEG ID: 22 | COST 20251114 950.0Call | Qty: -1
2026-01-26 15:19:48,189 [INFO] utils.trades:   > Realized: Entry $2,037.00 | Exit $-14.00 | Comms $1.75 | P&L $2,023.00 | Status: Rolled
2026-01-26 15:19:48,189 [INFO] utils.trades: LEG ID: 23 | COST 20251121 940.0Call | Qty: -1
2026-01-26 15:19:48,193 [INFO] utils.trades:   > Realized: Entry $427.00 | Exit $-3.00 | Comms $2.10 | P&L $424.00 | Status: Rolled
2026-01-26 15:19:48,195 [INFO] utils.trades: LEG ID: 24 | COST 20251128 940.0Call | Qty: -1
2026-01-26 15:19:48,195 [INFO] utils.trades:   > Realized: Entry $139.00 | Exit $-6.00 | Comms $2.10 | P&L $133.00 | Status: Rolled
2026-01-26 15:19:48,196 [INFO] utils.trades: LEG ID: 25 | COST 20251205 940.0Call | Qty: -1
2026-01-26 15:19:48,196 [INFO] utils.trades:   > Realized: Entry $111.00 | Exit $-8.00 | Comms $2.07 | P&L $103.00 | Status: Rolled
2026-01-26 15:19:48,196 [INFO] utils.trades: LEG ID: 26 | COST 20251212 940.0Call | Qty: -1
2026-01-26 15:19:48,197 [INFO] utils.trades:   > Realized: Entry $553.00 | Exit $-4.00 | Comms $1.70 | P&L $549.00 | Status: Rolled
2026-01-26 15:19:48,197 [INFO] utils.trades: LEG ID: 27 | COST 20260102 945.0Call | Qty: -1
2026-01-26 15:19:48,197 [INFO] utils.trades:   > Realized: Entry $137.00 | Exit $-0.00 | Comms $0.67 | P&L $137.00 | Status: Rolled
2026-01-26 15:19:48,197 [INFO] utils.trades: --- SUMMARY ---
2026-01-26 15:19:48,197 [INFO] utils.trades: Initial Baseline: -3,384.40
2026-01-26 15:19:48,198 [INFO] utils.trades: Total Realized Cash: 67.71
2026-01-26 15:19:48,198 [INFO] utils.trades: Total Unrealized P&L: 0.00
2026-01-26 15:19:48,198 [INFO] utils.trades: Final True P&L: 67.71
2026-01-26 15:19:48,198 [INFO] utils.trades: --- DEBUG END ---

2026-01-26 15:19:48,206 [INFO] utils.trades: LEG ID: 13 | SNDK 20260123 350.0Put | Qty: -3
2026-01-26 15:19:48,206 [INFO] utils.trades:   > Realized: Entry $3,621.00 | Exit $-0.00 | Comms $0.28 | P&L $3,621.00 | Status: Closed
2026-01-26 15:19:48,207 [INFO] utils.trades: LEG ID: 14 | SNDK 20260123 340.0Put | Qty: 3
2026-01-26 15:19:48,207 [INFO] utils.trades:   > Realized: Entry $-2,781.00 | Exit $0.00 | Comms $0.28 | P&L $-2,781.00 | Status: Closed
2026-01-26 15:19:48,208 [INFO] utils.trades: --- SUMMARY ---
2026-01-26 15:19:48,208 [INFO] utils.trades: Initial Baseline: 839.44
2026-01-26 15:19:48,208 [INFO] utils.trades: Total Realized Cash: 839.44
2026-01-26 15:19:48,209 [INFO] utils.trades: Total Unrealized P&L: 0.00
2026-01-26 15:19:48,209 [INFO] utils.trades: Final True P&L: 839.44
2026-01-26 15:19:48,211 [INFO] utils.trades: --- DEBUG END ---

2026-01-26 15:19:48,218 [INFO] utils.trades: LEG ID: 11 | AMZN 20251128 220.0Call | Qty: -2
2026-01-26 15:19:48,240 [INFO] utils.trades:   > Realized: Entry $1,038.00 | Exit $-1,740.00 | Comms $1.60 | P&L $-702.00 | Status: Rolled
2026-01-26 15:19:48,240 [INFO] utils.trades: LEG ID: 12 | AMZN 20260320 220.0Call | Qty: 2
2026-01-26 15:19:48,241 [INFO] utils.trades:   > Realized: Entry $-4,188.00 | Exit $5,024.00 | Comms $1.52 | P&L $836.00 | Status: Closed
2026-01-26 15:19:48,242 [INFO] utils.trades: LEG ID: 15 | AMZN 20251205 227.5Call | Qty: -2
2026-01-26 15:19:48,247 [INFO] utils.trades:   > Realized: Entry $1,114.00 | Exit $-648.00 | Comms $1.45 | P&L $466.00 | Status: Rolled
2026-01-26 15:19:48,247 [INFO] utils.trades: LEG ID: 16 | AMZN 20251219 232.5Call | Qty: -2
2026-01-26 15:19:48,248 [INFO] utils.trades:   > Realized: Entry $892.00 | Exit $-4.00 | Comms $1.32 | P&L $888.00 | Status: Rolled
2026-01-26 15:19:48,248 [INFO] utils.trades: LEG ID: 17 | AMZN 20260102 235.0Call | Qty: -2
2026-01-26 15:19:48,248 [INFO] utils.trades:   > Realized: Entry $246.00 | Exit $-72.00 | Comms $1.67 | P&L $174.00 | Status: Rolled
2026-01-26 15:19:48,250 [INFO] utils.trades: LEG ID: 18 | AMZN 20260109 235.0Call | Qty: -2
2026-01-26 15:19:48,251 [INFO] utils.trades:   > Realized: Entry $422.00 | Exit $-1,960.00 | Comms $2.38 | P&L $-1,538.00 | Status: Rolled
2026-01-26 15:19:48,252 [INFO] utils.trades: LEG ID: 19 | AMZN 20260116 240.0Call | Qty: -2
2026-01-26 15:19:48,253 [INFO] utils.trades:   > Realized: Entry $1,420.00 | Exit $-56.00 | Comms $2.12 | P&L $1,364.00 | Status: Closed
2026-01-26 15:19:48,253 [INFO] utils.trades: --- SUMMARY ---
2026-01-26 15:19:48,254 [INFO] utils.trades: Initial Baseline: -3,151.61
2026-01-26 15:19:48,254 [INFO] utils.trades: Total Realized Cash: 1,475.94
2026-01-26 15:19:48,254 [INFO] utils.trades: Total Unrealized P&L: 0.00
2026-01-26 15:19:48,254 [INFO] utils.trades: Final True P&L: 1,475.94
2026-01-26 15:19:48,254 [INFO] utils.trades: --- DEBUG END ---

2026-01-26 15:19:48,266 [INFO] utils.trades: LEG ID: 7 | CRWD 20260123 455.0Put | Qty: -4
2026-01-26 15:19:48,266 [INFO] utils.trades:   > Realized: Entry $3,664.00 | Exit $-836.00 | Comms $4.14 | P&L $2,828.00 | Status: Closed
2026-01-26 15:19:48,266 [INFO] utils.trades: LEG ID: 8 | CRWD 20260123 445.0Put | Qty: 4
2026-01-26 15:19:48,267 [INFO] utils.trades:   > Realized: Entry $-2,740.00 | Exit $104.00 | Comms $4.13 | P&L $-2,636.00 | Status: Closed
2026-01-26 15:19:48,267 [INFO] utils.trades: --- SUMMARY ---
2026-01-26 15:19:48,267 [INFO] utils.trades: Initial Baseline: 921.35
2026-01-26 15:19:48,267 [INFO] utils.trades: Total Realized Cash: 183.73
2026-01-26 15:19:48,267 [INFO] utils.trades: Total Unrealized P&L: 0.00
2026-01-26 15:19:48,268 [INFO] utils.trades: Final True P&L: 183.73
2026-01-26 15:19:48,268 [INFO] utils.trades: --- DEBUG END ---

2026-01-26 15:19:48,785 [DEBUG] __main__: Starting Open Trades page
2026-01-26 15:19:49,039 [DEBUG] __main__: get_all_open_positions() INITIATED
2026-01-26 15:19:49,044 [DEBUG] __main__: get_all_open_positions() took 0.01 seconds
2026-01-26 15:20:10,417 [DEBUG] __main__: Starting Open Trades page
2026-01-26 15:20:10,671 [DEBUG] __main__: get_all_open_positions() INITIATED
2026-01-26 15:20:10,677 [DEBUG] __main__: get_all_open_positions() took 0.01 seconds
2026-01-26 15:20:10,683 [DEBUG] __main__: Open Flat Trades styling INITIATED
2026-01-26 15:20:10,713 [DEBUG] __main__: Open Flat Trades styling took 0.03 seconds
2026-01-26 15:20:10,732 [INFO] utils.trades: --- SUMMARY ---
2026-01-26 15:20:10,733 [INFO] utils.trades: Initial Baseline: 626.38
2026-01-26 15:20:10,733 [INFO] utils.trades: Total Realized Cash: 626.38
2026-01-26 15:20:10,734 [INFO] utils.trades: Total Unrealized P&L: 0.00
2026-01-26 15:20:10,734 [INFO] utils.trades: Final True P&L: 626.38
2026-01-26 15:20:10,734 [INFO] utils.trades: --- DEBUG END ---

2026-01-26 15:20:10,747 [INFO] utils.trades: LEG ID: 28 | MA 20251024 560.0Call | Qty: -1
2026-01-26 15:20:10,747 [INFO] utils.trades:   > Realized: Entry $998.00 | Exit $-1,330.00 | Comms $1.40 | P&L $-332.00 | Status: Rolled
2026-01-26 15:20:10,747 [INFO] utils.trades:   > CURRENT MARKET VALUE TO LIQUIDATE: (Mark 7.723687468989272) * Qty 1 = 772.37
2026-01-26 15:20:10,748 [INFO] utils.trades: LEG ID: 29 | MA 20260320 560.0Call | Qty: 1
2026-01-26 15:20:10,748 [INFO] utils.trades:   > UNREALIZED: (Mark 7.723687468989272 - Entry 41.04) * Qty 1 = 772.37
2026-01-26 15:20:10,748 [INFO] utils.trades: LEG ID: 30 | MA 20251031 570.0Call | Qty: -1
2026-01-26 15:20:10,748 [INFO] utils.trades:   > Realized: Entry $1,333.00 | Exit $-1,551.00 | Comms $1.41 | P&L $-218.00 | Status: Rolled
2026-01-26 15:20:10,748 [INFO] utils.trades: LEG ID: 31 | MA 20251107 575.0Call | Qty: -1
2026-01-26 15:20:10,749 [INFO] utils.trades:   > Realized: Entry $1,446.00 | Exit $-19.00 | Comms $1.76 | P&L $1,427.00 | Status: Rolled
2026-01-26 15:20:10,749 [INFO] utils.trades: LEG ID: 32 | MA 20251114 560.0Call | Qty: -1
2026-01-26 15:20:10,749 [INFO] utils.trades:   > Realized: Entry $247.00 | Exit $-453.00 | Comms $2.10 | P&L $-206.00 | Status: Rolled
2026-01-26 15:20:10,749 [INFO] utils.trades: LEG ID: 33 | MA 20251121 565.0Call | Qty: -1
2026-01-26 15:20:10,749 [INFO] utils.trades:   > Realized: Entry $549.00 | Exit $-12.00 | Comms $2.10 | P&L $537.00 | Status: Rolled
2026-01-26 15:20:10,749 [INFO] utils.trades: LEG ID: 34 | MA 20251205 565.0Call | Qty: -1
2026-01-26 15:20:10,749 [INFO] utils.trades:   > Realized: Entry $217.00 | Exit $-15.00 | Comms $1.71 | P&L $202.00 | Status: Rolled
2026-01-26 15:20:10,749 [INFO] utils.trades: LEG ID: 35 | MA 20251212 562.5Call | Qty: -1
2026-01-26 15:20:10,750 [INFO] utils.trades:   > Realized: Entry $208.00 | Exit $-180.00 | Comms $1.68 | P&L $28.00 | Status: Rolled
2026-01-26 15:20:10,750 [INFO] utils.trades: LEG ID: 36 | MA 20251219 565.0Call | Qty: -1
2026-01-26 15:20:10,750 [INFO] utils.trades:   > Realized: Entry $420.00 | Exit $-1,010.00 | Comms $1.69 | P&L $-590.00 | Status: Rolled
2026-01-26 15:20:10,750 [INFO] utils.trades: LEG ID: 37 | MA 20251226 570.0Call | Qty: -1
2026-01-26 15:20:10,750 [INFO] utils.trades:   > Realized: Entry $859.00 | Exit $-996.00 | Comms $1.70 | P&L $-137.00 | Status: Rolled
2026-01-26 15:20:10,750 [INFO] utils.trades: LEG ID: 38 | MA 20260109 580.0Call | Qty: -1
2026-01-26 15:20:10,750 [INFO] utils.trades:   > Realized: Entry $700.00 | Exit $-411.00 | Comms $2.07 | P&L $289.00 | Status: Rolled
2026-01-26 15:20:10,754 [INFO] utils.trades: LEG ID: 39 | MA 20260116 587.5Call | Qty: -1
2026-01-26 15:20:10,771 [INFO] utils.trades:   > Realized: Entry $390.00 | Exit $-20.00 | Comms $2.10 | P&L $370.00 | Status: Rolled
2026-01-26 15:20:10,772 [INFO] utils.trades: LEG ID: 40 | MA 20260116 560.5Call | Qty: -1
2026-01-26 15:20:10,772 [INFO] utils.trades:   > Realized: Entry $135.00 | Exit $-9.00 | Comms $1.75 | P&L $126.00 | Status: Rolled
2026-01-26 15:20:10,772 [INFO] utils.trades: LEG ID: 41 | MA 20260123 560.0Call | Qty: -1
2026-01-26 15:20:10,772 [INFO] utils.trades:   > Realized: Entry $93.00 | Exit $-27.00 | Comms $1.75 | P&L $66.00 | Status: Rolled
2026-01-26 15:20:10,772 [INFO] utils.trades:   > CURRENT MARKET VALUE TO LIQUIDATE: (Mark 0.97) * Qty -1 = -97.00
2026-01-26 15:20:10,773 [INFO] utils.trades: LEG ID: 75 | MA 20260130 560.0Call | Qty: -1
2026-01-26 15:20:10,773 [INFO] utils.trades:   > UNREALIZED: (Mark 0.97 - Entry 1.44) * Qty -1 = -97.00
2026-01-26 15:20:10,773 [INFO] utils.trades: --- SUMMARY ---
2026-01-26 15:20:10,773 [INFO] utils.trades: Initial Baseline: -3,107.40
2026-01-26 15:20:10,774 [INFO] utils.trades: Total Realized Cash: -2,422.97
2026-01-26 15:20:10,774 [INFO] utils.trades: Total Unrealized P&L: 675.37
2026-01-26 15:20:10,775 [INFO] utils.trades: Final True P&L: -1,747.60
2026-01-26 15:20:10,776 [INFO] utils.trades: --- DEBUG END ---

2026-01-26 15:20:10,791 [INFO] utils.trades: LEG ID: 42 | TSLA 20251031 440.0Call | Qty: -1
2026-01-26 15:20:10,794 [INFO] utils.trades:   > Realized: Entry $1,210.00 | Exit $-2,532.00 | Comms $1.40 | P&L $-1,322.00 | Status: Rolled
2026-01-26 15:20:10,795 [INFO] utils.trades:   > CURRENT MARKET VALUE TO LIQUIDATE: (Mark 28.34) * Qty 1 = 2,834.00
2026-01-26 15:20:10,795 [INFO] utils.trades: LEG ID: 43 | TSLA 20260220 440.0Call | Qty: 1
2026-01-26 15:20:10,796 [INFO] utils.trades:   > UNREALIZED: (Mark 28.34 - Entry 56.74) * Qty 1 = 2,834.00
2026-01-26 15:20:10,796 [INFO] utils.trades: LEG ID: 44 | TSLA 20251107 450.0Call | Qty: -1
2026-01-26 15:20:10,796 [INFO] utils.trades:   > Realized: Entry $2,507.00 | Exit $-2,480.00 | Comms $1.41 | P&L $27.00 | Status: Rolled
2026-01-26 15:20:10,796 [INFO] utils.trades: LEG ID: 45 | TSLA 20251121 467.5Call | Qty: -1
2026-01-26 15:20:10,796 [INFO] utils.trades:   > Realized: Entry $2,525.00 | Exit $-12.00 | Comms $1.41 | P&L $2,513.00 | Status: Rolled
2026-01-26 15:20:10,797 [INFO] utils.trades: LEG ID: 46 | TSLA 20251128 440.0Call | Qty: -1
2026-01-26 15:20:10,798 [INFO] utils.trades:   > Realized: Entry $268.00 | Exit $-43.00 | Comms $1.40 | P&L $225.00 | Status: Rolled
2026-01-26 15:20:10,799 [INFO] utils.trades: LEG ID: 47 | TSLA 20251205 440.0Call | Qty: -1
2026-01-26 15:20:10,799 [INFO] utils.trades:   > Realized: Entry $388.00 | Exit $-618.00 | Comms $1.36 | P&L $-230.00 | Status: Rolled
2026-01-26 15:20:10,799 [INFO] utils.trades: LEG ID: 48 | TSLA 20251212 455.0Call | Qty: -1
2026-01-26 15:20:10,800 [INFO] utils.trades:   > Realized: Entry $663.00 | Exit $-128.00 | Comms $1.69 | P&L $535.00 | Status: Rolled
2026-01-26 15:20:10,800 [INFO] utils.trades: LEG ID: 49 | TSLA 20251219 455.0Call | Qty: -1
2026-01-26 15:20:10,800 [INFO] utils.trades:   > Realized: Entry $713.00 | Exit $-2,520.00 | Comms $1.69 | P&L $-1,807.00 | Status: Rolled
2026-01-26 15:20:10,800 [INFO] utils.trades: LEG ID: 50 | TSLA 20260102 470.0Call | Qty: -1
2026-01-26 15:20:10,801 [INFO] utils.trades:   > Realized: Entry $2,417.00 | Exit $-2.00 | Comms $1.73 | P&L $2,415.00 | Status: Rolled
2026-01-26 15:20:10,801 [INFO] utils.trades: LEG ID: 51 | TSLA 20260109 470.0Call | Qty: -1
2026-01-26 15:20:10,801 [INFO] utils.trades:   > Realized: Entry $238.00 | Exit $-22.00 | Comms $2.10 | P&L $216.00 | Status: Rolled
2026-01-26 15:20:10,801 [INFO] utils.trades: LEG ID: 52 | TSLA 20260116 470.0Call | Qty: -1
2026-01-26 15:20:10,802 [INFO] utils.trades:   > Realized: Entry $208.00 | Exit $-23.00 | Comms $2.60 | P&L $185.00 | Status: Rolled
2026-01-26 15:20:10,802 [INFO] utils.trades: LEG ID: 53 | TSLA 20260116 455.0Call | Qty: -1
2026-01-26 15:20:10,802 [INFO] utils.trades:   > Realized: Entry $109.00 | Exit $-32.00 | Comms $2.14 | P&L $77.00 | Status: Rolled
2026-01-26 15:20:10,802 [INFO] utils.trades: LEG ID: 54 | TSLA 20260123 462.5Call | Qty: -1
2026-01-26 15:20:10,802 [INFO] utils.trades:   > Realized: Entry $272.00 | Exit $-10.00 | Comms $1.40 | P&L $262.00 | Status: Rolled
2026-01-26 15:20:10,802 [INFO] utils.trades: LEG ID: 74 | TSLA 20260123 442.5Call | Qty: -1
2026-01-26 15:20:10,803 [INFO] utils.trades:   > Realized: Entry $220.00 | Exit $-550.00 | Comms $1.40 | P&L $-330.00 | Status: Rolled
2026-01-26 15:20:10,803 [INFO] utils.trades:   > CURRENT MARKET VALUE TO LIQUIDATE: (Mark 28.34) * Qty -1 = -2,834.00
2026-01-26 15:20:10,803 [INFO] utils.trades: LEG ID: 77 | TSLA 20260220 440.0Call | Qty: -1
2026-01-26 15:20:10,803 [INFO] utils.trades:   > UNREALIZED: (Mark 28.34 - Entry 27.25) * Qty -1 = -2,834.00
2026-01-26 15:20:10,803 [INFO] utils.trades: --- SUMMARY ---
2026-01-26 15:20:10,803 [INFO] utils.trades: Initial Baseline: -4,465.40
2026-01-26 15:20:10,803 [INFO] utils.trades: Total Realized Cash: -206.13
2026-01-26 15:20:10,804 [INFO] utils.trades: Total Unrealized P&L: 0.00
2026-01-26 15:20:10,804 [INFO] utils.trades: Final True P&L: -206.13
2026-01-26 15:20:10,804 [INFO] utils.trades: --- DEBUG END ---

2026-01-26 15:20:10,837 [INFO] utils.trades:   > CURRENT MARKET VALUE TO LIQUIDATE: (Mark 3.38) * Qty -4 = -1,352.00
2026-01-26 15:20:10,837 [INFO] utils.trades: LEG ID: 55 | RKLB 20260213 80.0Put | Qty: -4
2026-01-26 15:20:10,837 [INFO] utils.trades:   > UNREALIZED: (Mark 3.38 - Entry 4.93) * Qty -4 = -1,352.00
2026-01-26 15:20:10,838 [INFO] utils.trades:   > CURRENT MARKET VALUE TO LIQUIDATE: (Mark 2.0820489119457752) * Qty 4 = 832.82
2026-01-26 15:20:10,838 [INFO] utils.trades: LEG ID: 56 | RKLB 20260213 75.0Put | Qty: 4
2026-01-26 15:20:10,838 [INFO] utils.trades:   > UNREALIZED: (Mark 2.0820489119457752 - Entry 3.13) * Qty 4 = 832.82
2026-01-26 15:20:10,838 [INFO] utils.trades: --- SUMMARY ---
2026-01-26 15:20:10,838 [INFO] utils.trades: Initial Baseline: 717.50
2026-01-26 15:20:10,838 [INFO] utils.trades: Total Realized Cash: 717.50
2026-01-26 15:20:10,839 [INFO] utils.trades: Total Unrealized P&L: -519.18
2026-01-26 15:20:10,839 [INFO] utils.trades: Final True P&L: 198.32
2026-01-26 15:20:10,839 [INFO] utils.trades: --- DEBUG END ---

2026-01-26 15:20:10,848 [INFO] utils.trades: LEG ID: 57 | NVDA 20250919 170.0Call | Qty: -1
2026-01-26 15:20:10,849 [INFO] utils.trades:   > Realized: Entry $416.00 | Exit $-632.00 | Comms $2.04 | P&L $-216.00 | Status: Rolled
2026-01-26 15:20:10,849 [INFO] utils.trades:   > CURRENT MARKET VALUE TO LIQUIDATE: (Mark 24.354095875426868) * Qty 1 = 2,435.41
2026-01-26 15:20:10,849 [INFO] utils.trades: LEG ID: 58 | NVDA 20260320 170.0Call | Qty: 1
2026-01-26 15:20:10,850 [INFO] utils.trades:   > UNREALIZED: (Mark 24.354095875426868 - Entry 21.19) * Qty 1 = 2,435.41
2026-01-26 15:20:10,850 [INFO] utils.trades: LEG ID: 59 | NVDA 20251003 175.0Call | Qty: -1
2026-01-26 15:20:10,850 [INFO] utils.trades:   > Realized: Entry $542.00 | Exit $-774.00 | Comms $1.70 | P&L $-232.00 | Status: Rolled
2026-01-26 15:20:10,851 [INFO] utils.trades: LEG ID: 60 | NVDA 20251010 177.5Call | Qty: -1
2026-01-26 15:20:10,851 [INFO] utils.trades:   > Realized: Entry $737.00 | Exit $-1,072.00 | Comms $1.41 | P&L $-335.00 | Status: Rolled
2026-01-26 15:20:10,851 [INFO] utils.trades: LEG ID: 61 | NVDA 20251031 185.0Call | Qty: -1
2026-01-26 15:20:10,851 [INFO] utils.trades:   > Realized: Entry $937.00 | Exit $-1,417.00 | Comms $1.40 | P&L $-480.00 | Status: Rolled
2026-01-26 15:20:10,852 [INFO] utils.trades: LEG ID: 62 | NVDA 20251107 190.0Call | Qty: -1
2026-01-26 15:20:10,852 [INFO] utils.trades:   > Realized: Entry $1,182.00 | Exit $-2,078.00 | Comms $1.75 | P&L $-896.00 | Status: Rolled
2026-01-26 15:20:10,852 [INFO] utils.trades: LEG ID: 63 | NVDA 20251121 200.0Call | Qty: -1
2026-01-26 15:20:10,852 [INFO] utils.trades:   > Realized: Entry $1,676.00 | Exit $-2.00 | Comms $2.10 | P&L $1,674.00 | Status: Rolled
2026-01-26 15:20:10,852 [INFO] utils.trades: LEG ID: 64 | NVDA 20251128 190.0Call | Qty: -1
2026-01-26 15:20:10,852 [INFO] utils.trades:   > Realized: Entry $156.00 | Exit $-10.00 | Comms $2.04 | P&L $146.00 | Status: Rolled
2026-01-26 15:20:10,853 [INFO] utils.trades: LEG ID: 65 | NVDA 20251128 175.0Call | Qty: -1
2026-01-26 15:20:10,853 [INFO] utils.trades:   > Realized: Entry $203.00 | Exit $-660.00 | Comms $1.69 | P&L $-457.00 | Status: Rolled
2026-01-26 15:20:10,853 [INFO] utils.trades: LEG ID: 66 | NVDA 20251205 180.0Call | Qty: -1
2026-01-26 15:20:10,853 [INFO] utils.trades:   > Realized: Entry $550.00 | Exit $-614.00 | Comms $1.37 | P&L $-64.00 | Status: Rolled
2026-01-26 15:20:10,853 [INFO] utils.trades: LEG ID: 67 | NVDA 20251219 187.0Call | Qty: -1
2026-01-26 15:20:10,853 [INFO] utils.trades:   > Realized: Entry $559.00 | Exit $-7.00 | Comms $1.88 | P&L $552.00 | Status: Rolled
2026-01-26 15:20:10,854 [INFO] utils.trades: LEG ID: 68 | NVDA 20251226 185.0Call | Qty: -1
2026-01-26 15:20:10,854 [INFO] utils.trades:   > Realized: Entry $58.00 | Exit $-571.00 | Comms $1.89 | P&L $-513.00 | Status: Rolled
2026-01-26 15:20:10,854 [INFO] utils.trades: LEG ID: 69 | NVDA 20260102 190.0Call | Qty: -1
2026-01-26 15:20:10,854 [INFO] utils.trades:   > Realized: Entry $336.00 | Exit $-94.00 | Comms $1.73 | P&L $242.00 | Status: Rolled
2026-01-26 15:20:10,854 [INFO] utils.trades: LEG ID: 70 | NVDA 20260109 192.5Call | Qty: -1
2026-01-26 15:20:10,854 [INFO] utils.trades:   > Realized: Entry $240.00 | Exit $-110.00 | Comms $2.10 | P&L $130.00 | Status: Rolled
2026-01-26 15:20:10,855 [INFO] utils.trades: LEG ID: 71 | NVDA 20260116 195.0Call | Qty: -1
2026-01-26 15:20:10,855 [INFO] utils.trades:   > Realized: Entry $211.00 | Exit $-24.00 | Comms $1.75 | P&L $187.00 | Status: Rolled
2026-01-26 15:20:10,855 [INFO] utils.trades: LEG ID: 72 | NVDA 20260123 195.0Call | Qty: -1
2026-01-26 15:20:10,855 [INFO] utils.trades:   > Realized: Entry $86.00 | Exit $-4.00 | Comms $1.75 | P&L $82.00 | Status: Rolled
2026-01-26 15:20:10,856 [INFO] utils.trades: LEG ID: 73 | NVDA 20260123 185.0Call | Qty: -1
2026-01-26 15:20:10,856 [INFO] utils.trades:   > Realized: Entry $60.00 | Exit $-280.00 | Comms $2.10 | P&L $-220.00 | Status: Rolled
2026-01-26 15:20:10,856 [INFO] utils.trades:   > CURRENT MARKET VALUE TO LIQUIDATE: (Mark 2.79) * Qty -1 = -279.00
2026-01-26 15:20:10,856 [INFO] utils.trades: LEG ID: 76 | NVDA 20260130 190.0Call | Qty: -1
2026-01-26 15:20:10,856 [INFO] utils.trades:   > UNREALIZED: (Mark 2.79 - Entry 2.9) * Qty -1 = -279.00
2026-01-26 15:20:10,856 [INFO] utils.trades: --- SUMMARY ---
2026-01-26 15:20:10,857 [INFO] utils.trades: Initial Baseline: -1,705.10
2026-01-26 15:20:10,857 [INFO] utils.trades: Total Realized Cash: -2,259.80
2026-01-26 15:20:10,857 [INFO] utils.trades: Total Unrealized P&L: 2,156.41
2026-01-26 15:20:10,858 [INFO] utils.trades: Final True P&L: -103.39
2026-01-26 15:20:10,859 [INFO] utils.trades: --- DEBUG END ---

2026-01-26 15:20:19,948 [DEBUG] __main__: Starting Open Trades page
2026-01-26 15:20:20,201 [DEBUG] __main__: get_all_open_positions() INITIATED
2026-01-26 15:20:20,206 [DEBUG] __main__: Fetching positions (Refresh Count: {refresh_count})
2026-01-26 15:20:20,225 [DEBUG] utils.trades: 
--- DATABASE FETCH DEBUG ---
2026-01-26 15:20:20,227 [DEBUG] utils.trades: Group ID 5: Total Legs Found: 2 | Statuses: ['Active', 'Active']
2026-01-26 15:20:20,228 [DEBUG] utils.trades: Group ID 9: Total Legs Found: 15 | Statuses: ['Active', 'Active', 'Rolled', 'Rolled', 'Rolled', 'Rolled', 'Rolled', 'Rolled', 'Rolled', 'Rolled', 'Rolled', 'Rolled', 'Rolled', 'Rolled', 'Rolled']
2026-01-26 15:20:20,228 [DEBUG] utils.trades: Group ID 10: Total Legs Found: 15 | Statuses: ['Active', 'Active', 'Rolled', 'Rolled', 'Rolled', 'Rolled', 'Rolled', 'Rolled', 'Rolled', 'Rolled', 'Rolled', 'Rolled', 'Rolled', 'Rolled', 'Rolled']
2026-01-26 15:20:20,228 [DEBUG] utils.trades: Group ID 11: Total Legs Found: 2 | Statuses: ['Active', 'Active']
2026-01-26 15:20:20,229 [DEBUG] utils.trades: Group ID 12: Total Legs Found: 18 | Statuses: ['Active', 'Active', 'Rolled', 'Rolled', 'Rolled', 'Rolled', 'Rolled', 'Rolled', 'Rolled', 'Rolled', 'Rolled', 'Rolled', 'Rolled', 'Rolled', 'Rolled', 'Rolled', 'Rolled', 'Rolled']
2026-01-26 15:20:20,229 [INFO] utils.trades: Fetching live option quote for CRWD 20260220 435.0P
2026-01-26 15:20:20,229 [INFO] utils.quote_manager: [get_quote] START symbol=CRWD, expiry=20260220, strike=435.0, right=P
2026-01-26 15:20:20,488 [INFO] utils.quote_manager: [get_quote] Request the right market data: session=closed
2026-01-26 15:20:20,493 [INFO] utils.quote_manager: [subscribe-get_quote] CRWD | Price Found: True (9.971921468987242) | Greeks Source: modelGreeks | IV: 0.36594781113938996
2026-01-26 15:20:20,498 [INFO] utils.quote_manager: [subscribe-get_quote] Full data ready for CRWD
2026-01-26 15:20:20,499 [DEBUG] utils.trades: get_quote() took 0.27 seconds
2026-01-26 15:20:20,502 [DEBUG] utils.trades: Received option quote for CRWD 20260220 435.0P: 9.971921468987242
2026-01-26 15:20:20,502 [DEBUG] utils.trades: Fetching live stock quote (in options) for CRWD
2026-01-26 15:20:20,502 [INFO] utils.quote_manager: [get_quote] START symbol=CRWD, expiry=None, strike=None, right=None
2026-01-26 15:20:20,653 [INFO] utils.quote_manager: [get_quote] Request the right market data: session=closed
2026-01-26 15:20:20,655 [INFO] utils.quote_manager: [subscribe-get_quote] CRWD | Price Found: True (452.5) | Greeks Source: None | IV: N/A
2026-01-26 15:20:20,666 [INFO] utils.quote_manager: [subscribe-get_quote] Full data ready for CRWD
2026-01-26 15:20:20,688 [DEBUG] utils.trades: get_quote() took 0.19 seconds
2026-01-26 15:20:20,727 [DEBUG] utils.trades: Received stock quote (in options) for CRWD: 452.5
2026-01-26 15:20:20,732 [INFO] utils.trades: Fetching live option quote for CRWD 20260206 470.0P
2026-01-26 15:20:20,749 [INFO] utils.quote_manager: [get_quote] START symbol=CRWD, expiry=20260206, strike=470.0, right=P
2026-01-26 15:20:20,862 [INFO] utils.quote_manager: [get_quote] Request the right market data: session=closed
2026-01-26 15:20:25,902 [WARNING] utils.quote_manager: [subscribe_get_quote] TIMEOUT for CRWD after 5.04s: last=nan, bid=-1.0, ask=-1.0, mg=None
2026-01-26 15:20:25,903 [DEBUG] utils.trades: get_quote() took 5.17 seconds
2026-01-26 15:20:25,903 [DEBUG] utils.trades: Received option quote for CRWD 20260206 470.0P: 22.77
2026-01-26 15:20:25,903 [DEBUG] utils.trades: Fetching live stock quote (in options) for CRWD
2026-01-26 15:20:25,904 [INFO] utils.quote_manager: [get_quote] START symbol=CRWD, expiry=None, strike=None, right=None
2026-01-26 15:20:26,007 [INFO] utils.quote_manager: [get_quote] Request the right market data: session=closed
2026-01-26 15:20:26,009 [INFO] utils.quote_manager: [subscribe-get_quote] CRWD | Price Found: True (452.5) | Greeks Source: None | IV: N/A
2026-01-26 15:20:26,012 [INFO] utils.quote_manager: [subscribe-get_quote] Full data ready for CRWD
2026-01-26 15:20:26,013 [DEBUG] utils.trades: get_quote() took 0.11 seconds
2026-01-26 15:20:26,013 [DEBUG] utils.trades: Received stock quote (in options) for CRWD: 452.5
2026-01-26 15:20:26,013 [DEBUG] utils.trades: Fetching live stock quote for INTC
2026-01-26 15:20:26,013 [INFO] utils.quote_manager: [get_quote] START symbol=INTC, expiry=None, strike=None, right=None
2026-01-26 15:20:26,139 [INFO] utils.quote_manager: [get_quote] Request the right market data: session=closed
2026-01-26 15:20:26,140 [INFO] utils.quote_manager: [subscribe-get_quote] INTC | Price Found: True (44.2) | Greeks Source: None | IV: N/A
2026-01-26 15:20:26,140 [INFO] utils.quote_manager: [subscribe-get_quote] Full data ready for INTC
2026-01-26 15:20:26,142 [DEBUG] utils.trades: get_quote() took 0.13 seconds
2026-01-26 15:20:26,148 [DEBUG] utils.trades: Received stock quote for INTC: 44.2
2026-01-26 15:20:26,153 [INFO] utils.trades: Fetching live option quote for TSLA 20260130 495.0C
2026-01-26 15:20:26,153 [INFO] utils.quote_manager: [get_quote] START symbol=TSLA, expiry=20260130, strike=495.0, right=C
2026-01-26 15:20:26,283 [INFO] utils.quote_manager: [get_quote] Request the right market data: session=closed
2026-01-26 15:20:26,283 [INFO] utils.quote_manager: [subscribe-get_quote] TSLA | Price Found: True (1.826318490864032) | Greeks Source: modelGreeks | IV: 0.5577525638506
2026-01-26 15:20:26,284 [INFO] utils.quote_manager: [subscribe-get_quote] Full data ready for TSLA
2026-01-26 15:20:26,284 [DEBUG] utils.trades: get_quote() took 0.13 seconds
2026-01-26 15:20:26,289 [DEBUG] utils.trades: Received option quote for TSLA 20260130 495.0C: 1.826318490864032
2026-01-26 15:20:26,290 [DEBUG] utils.trades: Fetching live stock quote (in options) for TSLA
2026-01-26 15:20:26,299 [INFO] utils.quote_manager: [get_quote] START symbol=TSLA, expiry=None, strike=None, right=None
2026-01-26 15:20:26,420 [INFO] utils.quote_manager: [get_quote] Request the right market data: session=closed
2026-01-26 15:20:26,421 [INFO] utils.quote_manager: [subscribe-get_quote] TSLA | Price Found: True (444.59) | Greeks Source: None | IV: N/A
2026-01-26 15:20:26,421 [INFO] utils.quote_manager: [subscribe-get_quote] Full data ready for TSLA
2026-01-26 15:20:26,424 [DEBUG] utils.trades: get_quote() took 0.13 seconds
2026-01-26 15:20:26,430 [DEBUG] utils.trades: Received stock quote (in options) for TSLA: 444.59
2026-01-26 15:20:26,437 [INFO] utils.trades: Fetching live option quote for SNDK 20260213 320.0P
2026-01-26 15:20:26,438 [INFO] utils.quote_manager: [get_quote] START symbol=SNDK, expiry=20260213, strike=320.0, right=P
2026-01-26 15:20:26,581 [INFO] utils.quote_manager: [get_quote] Request the right market data: session=closed
2026-01-26 15:20:26,582 [INFO] utils.quote_manager: [subscribe-get_quote] SNDK | Price Found: True (4.088220536536835) | Greeks Source: modelGreeks | IV: 1.1854821174707495
2026-01-26 15:20:26,596 [INFO] utils.quote_manager: [subscribe-get_quote] Full data ready for SNDK
2026-01-26 15:20:26,633 [DEBUG] utils.trades: get_quote() took 0.20 seconds
2026-01-26 15:20:26,641 [DEBUG] utils.trades: Received option quote for SNDK 20260213 320.0P: 4.088220536536835
2026-01-26 15:20:26,650 [DEBUG] utils.trades: Fetching live stock quote (in options) for SNDK
2026-01-26 15:20:26,658 [INFO] utils.quote_manager: [get_quote] START symbol=SNDK, expiry=None, strike=None, right=None
2026-01-26 15:20:26,814 [INFO] utils.quote_manager: [get_quote] Request the right market data: session=closed
2026-01-26 15:20:26,815 [INFO] utils.quote_manager: [subscribe-get_quote] SNDK | Price Found: True (466.0) | Greeks Source: None | IV: N/A
2026-01-26 15:20:26,815 [INFO] utils.quote_manager: [subscribe-get_quote] Full data ready for SNDK
2026-01-26 15:20:26,823 [DEBUG] utils.trades: get_quote() took 0.17 seconds
2026-01-26 15:20:26,828 [DEBUG] utils.trades: Received stock quote (in options) for SNDK: 466.0
2026-01-26 15:20:26,828 [INFO] utils.trades: Fetching live option quote for TSLA 20260130 465.0C
2026-01-26 15:20:26,829 [INFO] utils.quote_manager: [get_quote] START symbol=TSLA, expiry=20260130, strike=465.0, right=C
2026-01-26 15:20:26,964 [INFO] utils.quote_manager: [get_quote] Request the right market data: session=closed
2026-01-26 15:20:32,020 [WARNING] utils.quote_manager: [subscribe_get_quote] TIMEOUT for TSLA after 5.06s: last=nan, bid=-1.0, ask=-1.0, mg=None
2026-01-26 15:20:32,021 [DEBUG] utils.trades: get_quote() took 5.19 seconds
2026-01-26 15:20:32,021 [DEBUG] utils.trades: Received option quote for TSLA 20260130 465.0C: 7.7
2026-01-26 15:20:32,021 [DEBUG] utils.trades: Fetching live stock quote (in options) for TSLA
2026-01-26 15:20:32,021 [INFO] utils.quote_manager: [get_quote] START symbol=TSLA, expiry=None, strike=None, right=None
2026-01-26 15:20:32,126 [INFO] utils.quote_manager: [get_quote] Request the right market data: session=closed
2026-01-26 15:20:32,128 [INFO] utils.quote_manager: [subscribe-get_quote] TSLA | Price Found: True (444.59) | Greeks Source: None | IV: N/A
2026-01-26 15:20:32,131 [INFO] utils.quote_manager: [subscribe-get_quote] Full data ready for TSLA
2026-01-26 15:20:32,134 [DEBUG] utils.trades: get_quote() took 0.11 seconds
2026-01-26 15:20:32,134 [DEBUG] utils.trades: Received stock quote (in options) for TSLA: 444.59
2026-01-26 15:20:32,139 [INFO] utils.trades: Fetching live option quote for ANET 20260206 115.0P
2026-01-26 15:20:32,146 [INFO] utils.quote_manager: [get_quote] START symbol=ANET, expiry=20260206, strike=115.0, right=P
2026-01-26 15:20:32,263 [INFO] utils.quote_manager: [get_quote] Request the right market data: session=closed
2026-01-26 15:20:37,286 [WARNING] utils.quote_manager: [subscribe_get_quote] TIMEOUT for ANET after 5.02s: last=nan, bid=-1.0, ask=-1.0, mg=None
2026-01-26 15:20:37,287 [DEBUG] utils.trades: get_quote() took 5.15 seconds
2026-01-26 15:20:37,287 [DEBUG] utils.trades: Received option quote for ANET 20260206 115.0P: 0.37
2026-01-26 15:20:37,287 [DEBUG] utils.trades: Fetching live stock quote (in options) for ANET
2026-01-26 15:20:37,287 [INFO] utils.quote_manager: [get_quote] START symbol=ANET, expiry=None, strike=None, right=None
2026-01-26 15:20:37,404 [INFO] utils.quote_manager: [get_quote] Request the right market data: session=closed
2026-01-26 15:20:37,405 [INFO] utils.quote_manager: [subscribe-get_quote] ANET | Price Found: True (134.0) | Greeks Source: None | IV: N/A
2026-01-26 15:20:37,406 [INFO] utils.quote_manager: [subscribe-get_quote] Full data ready for ANET
2026-01-26 15:20:37,406 [DEBUG] utils.trades: get_quote() took 0.12 seconds
2026-01-26 15:20:37,406 [DEBUG] utils.trades: Received stock quote (in options) for ANET: 134.0
2026-01-26 15:20:37,408 [DEBUG] utils.trades: Fetching live stock quote for SNDK
2026-01-26 15:20:37,408 [INFO] utils.quote_manager: [get_quote] START symbol=SNDK, expiry=None, strike=None, right=None
2026-01-26 15:20:37,512 [INFO] utils.quote_manager: [get_quote] Request the right market data: session=closed
2026-01-26 15:20:37,512 [INFO] utils.quote_manager: [subscribe-get_quote] SNDK | Price Found: True (466.0) | Greeks Source: None | IV: N/A
2026-01-26 15:20:37,512 [INFO] utils.quote_manager: [subscribe-get_quote] Full data ready for SNDK
2026-01-26 15:20:37,513 [DEBUG] utils.trades: get_quote() took 0.10 seconds
2026-01-26 15:20:37,513 [DEBUG] utils.trades: Received stock quote for SNDK: 466.0
2026-01-26 15:20:37,513 [INFO] utils.trades: Fetching live option quote for TSM 20260206 300.0P
2026-01-26 15:20:37,513 [INFO] utils.quote_manager: [get_quote] START symbol=TSM, expiry=20260206, strike=300.0, right=P
2026-01-26 15:20:37,628 [INFO] utils.quote_manager: [get_quote] Request the right market data: session=closed
2026-01-26 15:20:37,629 [INFO] utils.quote_manager: [subscribe-get_quote] TSM | Price Found: True (0.8501488914791606) | Greeks Source: modelGreeks | IV: 0.3998051010475681
2026-01-26 15:20:37,629 [INFO] utils.quote_manager: [subscribe-get_quote] Full data ready for TSM
2026-01-26 15:20:37,629 [DEBUG] utils.trades: get_quote() took 0.12 seconds
2026-01-26 15:20:37,631 [DEBUG] utils.trades: Received option quote for TSM 20260206 300.0P: 0.8501488914791606
2026-01-26 15:20:37,631 [DEBUG] utils.trades: Fetching live stock quote (in options) for TSM
2026-01-26 15:20:37,632 [INFO] utils.quote_manager: [get_quote] START symbol=TSM, expiry=None, strike=None, right=None
2026-01-26 15:20:37,738 [INFO] utils.quote_manager: [get_quote] Request the right market data: session=closed
2026-01-26 15:20:37,738 [INFO] utils.quote_manager: [subscribe-get_quote] TSM | Price Found: True (332.76) | Greeks Source: None | IV: N/A
2026-01-26 15:20:37,738 [INFO] utils.quote_manager: [subscribe-get_quote] Full data ready for TSM
2026-01-26 15:20:37,739 [DEBUG] utils.trades: get_quote() took 0.11 seconds
2026-01-26 15:20:37,739 [DEBUG] utils.trades: Received stock quote (in options) for TSM: 332.76
2026-01-26 15:20:37,740 [INFO] utils.trades: Fetching live option quote for APLD 20260206 25.5P
2026-01-26 15:20:37,740 [INFO] utils.quote_manager: [get_quote] START symbol=APLD, expiry=20260206, strike=25.5, right=P
2026-01-26 15:20:37,856 [INFO] utils.quote_manager: [get_quote] Request the right market data: session=closed
2026-01-26 15:20:37,856 [INFO] utils.quote_manager: [subscribe-get_quote] APLD | Price Found: True (0.12714381787213436) | Greeks Source: modelGreeks | IV: 1.1715316637509519
2026-01-26 15:20:37,856 [INFO] utils.quote_manager: [subscribe-get_quote] Full data ready for APLD
2026-01-26 15:20:37,856 [DEBUG] utils.trades: get_quote() took 0.12 seconds
2026-01-26 15:20:37,856 [DEBUG] utils.trades: Received option quote for APLD 20260206 25.5P: 0.12714381787213436
2026-01-26 15:20:37,857 [DEBUG] utils.trades: Fetching live stock quote (in options) for APLD
2026-01-26 15:20:37,857 [INFO] utils.quote_manager: [get_quote] START symbol=APLD, expiry=None, strike=None, right=None
2026-01-26 15:20:37,972 [INFO] utils.quote_manager: [get_quote] Request the right market data: session=closed
2026-01-26 15:20:37,973 [INFO] utils.quote_manager: [subscribe-get_quote] APLD | Price Found: True (37.12) | Greeks Source: None | IV: N/A
2026-01-26 15:20:37,973 [INFO] utils.quote_manager: [subscribe-get_quote] Full data ready for APLD
2026-01-26 15:20:37,973 [DEBUG] utils.trades: get_quote() took 0.12 seconds
2026-01-26 15:20:37,974 [DEBUG] utils.trades: Received stock quote (in options) for APLD: 37.12
2026-01-26 15:20:37,975 [INFO] utils.trades: Fetching live option quote for AMD 20260130 255.0C
2026-01-26 15:20:37,975 [INFO] utils.quote_manager: [get_quote] START symbol=AMD, expiry=20260130, strike=255.0, right=C
2026-01-26 15:20:38,096 [INFO] utils.quote_manager: [get_quote] Request the right market data: session=closed
2026-01-26 15:20:38,097 [INFO] utils.quote_manager: [subscribe-get_quote] AMD | Price Found: True (10.498249898704527) | Greeks Source: modelGreeks | IV: 0.5508214533047111
2026-01-26 15:20:38,097 [INFO] utils.quote_manager: [subscribe-get_quote] Full data ready for AMD
2026-01-26 15:20:38,097 [DEBUG] utils.trades: get_quote() took 0.12 seconds
2026-01-26 15:20:38,097 [DEBUG] utils.trades: Received option quote for AMD 20260130 255.0C: 10.498249898704527
2026-01-26 15:20:38,097 [DEBUG] utils.trades: Fetching live stock quote (in options) for AMD
2026-01-26 15:20:38,097 [INFO] utils.quote_manager: [get_quote] START symbol=AMD, expiry=None, strike=None, right=None
2026-01-26 15:20:38,219 [INFO] utils.quote_manager: [get_quote] Request the right market data: session=closed
2026-01-26 15:20:38,220 [INFO] utils.quote_manager: [subscribe-get_quote] AMD | Price Found: True (258.38) | Greeks Source: None | IV: N/A
2026-01-26 15:20:38,220 [INFO] utils.quote_manager: [subscribe-get_quote] Full data ready for AMD
2026-01-26 15:20:38,220 [DEBUG] utils.trades: get_quote() took 0.12 seconds
2026-01-26 15:20:38,220 [DEBUG] utils.trades: Received stock quote (in options) for AMD: 258.38
2026-01-26 15:20:38,220 [INFO] utils.trades: Fetching live option quote for IREN 20260130 36.0P
2026-01-26 15:20:38,220 [INFO] utils.quote_manager: [get_quote] START symbol=IREN, expiry=20260130, strike=36.0, right=P
2026-01-26 15:20:38,326 [INFO] utils.quote_manager: [get_quote] Request the right market data: session=closed
2026-01-26 15:20:38,326 [INFO] utils.quote_manager: [subscribe-get_quote] IREN | Price Found: True (0.17210942408160937) | Greeks Source: modelGreeks | IV: 1.8480884558990454
2026-01-26 15:20:38,327 [INFO] utils.quote_manager: [subscribe-get_quote] Full data ready for IREN
2026-01-26 15:20:38,327 [DEBUG] utils.trades: get_quote() took 0.11 seconds
2026-01-26 15:20:38,327 [DEBUG] utils.trades: Received option quote for IREN 20260130 36.0P: 0.17210942408160937
2026-01-26 15:20:38,327 [DEBUG] utils.trades: Fetching live stock quote (in options) for IREN
2026-01-26 15:20:38,327 [INFO] utils.quote_manager: [get_quote] START symbol=IREN, expiry=None, strike=None, right=None
2026-01-26 15:20:38,442 [INFO] utils.quote_manager: [get_quote] Request the right market data: session=closed
2026-01-26 15:20:38,443 [INFO] utils.quote_manager: [subscribe-get_quote] IREN | Price Found: True (55.3) | Greeks Source: None | IV: N/A
2026-01-26 15:20:38,443 [INFO] utils.quote_manager: [subscribe-get_quote] Full data ready for IREN
2026-01-26 15:20:38,443 [DEBUG] utils.trades: get_quote() took 0.12 seconds
2026-01-26 15:20:38,443 [DEBUG] utils.trades: Received stock quote (in options) for IREN: 55.3
2026-01-26 15:20:38,444 [DEBUG] utils.trades: Fetching live stock quote for TSLA
2026-01-26 15:20:38,444 [INFO] utils.quote_manager: [get_quote] START symbol=TSLA, expiry=None, strike=None, right=None
2026-01-26 15:20:38,546 [INFO] utils.quote_manager: [get_quote] Request the right market data: session=closed
2026-01-26 15:20:38,547 [INFO] utils.quote_manager: [subscribe-get_quote] TSLA | Price Found: True (444.59) | Greeks Source: None | IV: N/A
2026-01-26 15:20:38,547 [INFO] utils.quote_manager: [subscribe-get_quote] Full data ready for TSLA
2026-01-26 15:20:38,547 [DEBUG] utils.trades: get_quote() took 0.10 seconds
2026-01-26 15:20:38,547 [DEBUG] utils.trades: Received stock quote for TSLA: 444.59
2026-01-26 15:20:38,548 [INFO] utils.trades: Fetching live option quote for CLS 20260130 275.0P
2026-01-26 15:20:38,548 [INFO] utils.quote_manager: [get_quote] START symbol=CLS, expiry=20260130, strike=275.0, right=P
2026-01-26 15:20:38,655 [INFO] utils.quote_manager: [get_quote] Request the right market data: session=closed
2026-01-26 15:20:38,656 [INFO] utils.quote_manager: [subscribe-get_quote] CLS | Price Found: True (8.136193588593914) | Greeks Source: modelGreeks | IV: 1.206155518967917
2026-01-26 15:20:38,656 [INFO] utils.quote_manager: [subscribe-get_quote] Full data ready for CLS
2026-01-26 15:20:38,656 [DEBUG] utils.trades: get_quote() took 0.11 seconds
2026-01-26 15:20:38,656 [DEBUG] utils.trades: Received option quote for CLS 20260130 275.0P: 8.136193588593914
2026-01-26 15:20:38,656 [DEBUG] utils.trades: Fetching live stock quote (in options) for CLS
2026-01-26 15:20:38,656 [INFO] utils.quote_manager: [get_quote] START symbol=CLS, expiry=None, strike=None, right=None
2026-01-26 15:20:38,763 [INFO] utils.quote_manager: [get_quote] Request the right market data: session=closed
2026-01-26 15:20:38,764 [INFO] utils.quote_manager: [subscribe-get_quote] CLS | Price Found: True (297.0) | Greeks Source: None | IV: N/A
2026-01-26 15:20:38,764 [INFO] utils.quote_manager: [subscribe-get_quote] Full data ready for CLS
2026-01-26 15:20:38,764 [DEBUG] utils.trades: get_quote() took 0.11 seconds
2026-01-26 15:20:38,764 [DEBUG] utils.trades: Received stock quote (in options) for CLS: 297.0
2026-01-26 15:20:38,765 [INFO] utils.trades: Fetching live option quote for ONDS 20260130 7.5P
2026-01-26 15:20:38,765 [INFO] utils.quote_manager: [get_quote] START symbol=ONDS, expiry=20260130, strike=7.5, right=P
2026-01-26 15:20:38,876 [INFO] utils.quote_manager: [get_quote] Request the right market data: session=closed
2026-01-26 15:20:38,877 [INFO] utils.quote_manager: [subscribe-get_quote] ONDS | Price Found: True (0.010309048399622649) | Greeks Source: modelGreeks | IV: 1.5966922910214663
2026-01-26 15:20:38,877 [INFO] utils.quote_manager: [subscribe-get_quote] Full data ready for ONDS
2026-01-26 15:20:38,877 [DEBUG] utils.trades: get_quote() took 0.11 seconds
2026-01-26 15:20:38,877 [DEBUG] utils.trades: Received option quote for ONDS 20260130 7.5P: 0.010309048399622649
2026-01-26 15:20:38,877 [DEBUG] utils.trades: Fetching live stock quote (in options) for ONDS
2026-01-26 15:20:38,877 [INFO] utils.quote_manager: [get_quote] START symbol=ONDS, expiry=None, strike=None, right=None
2026-01-26 15:20:38,997 [INFO] utils.quote_manager: [get_quote] Request the right market data: session=closed
2026-01-26 15:20:38,998 [INFO] utils.quote_manager: [subscribe-get_quote] ONDS | Price Found: True (11.98) | Greeks Source: None | IV: N/A
2026-01-26 15:20:38,998 [INFO] utils.quote_manager: [subscribe-get_quote] Full data ready for ONDS
2026-01-26 15:20:38,998 [DEBUG] utils.trades: get_quote() took 0.12 seconds
2026-01-26 15:20:38,998 [DEBUG] utils.trades: Received stock quote (in options) for ONDS: 11.98
2026-01-26 15:20:38,999 [INFO] utils.trades: Fetching live option quote for HOOD 20260130 115.0P
2026-01-26 15:20:38,999 [INFO] utils.quote_manager: [get_quote] START symbol=HOOD, expiry=20260130, strike=115.0, right=P
2026-01-26 15:20:39,123 [INFO] utils.quote_manager: [get_quote] Request the right market data: session=closed
2026-01-26 15:20:39,123 [INFO] utils.quote_manager: [subscribe-get_quote] HOOD | Price Found: True (8.548162504489396) | Greeks Source: modelGreeks | IV: 0.48923327526361143
2026-01-26 15:20:39,123 [INFO] utils.quote_manager: [subscribe-get_quote] Full data ready for HOOD
2026-01-26 15:20:39,123 [DEBUG] utils.trades: get_quote() took 0.12 seconds
2026-01-26 15:20:39,124 [DEBUG] utils.trades: Received option quote for HOOD 20260130 115.0P: 8.548162504489396
2026-01-26 15:20:39,124 [DEBUG] utils.trades: Fetching live stock quote (in options) for HOOD
2026-01-26 15:20:39,124 [INFO] utils.quote_manager: [get_quote] START symbol=HOOD, expiry=None, strike=None, right=None
2026-01-26 15:20:39,237 [INFO] utils.quote_manager: [get_quote] Request the right market data: session=closed
2026-01-26 15:20:39,237 [INFO] utils.quote_manager: [subscribe-get_quote] HOOD | Price Found: True (105.6) | Greeks Source: None | IV: N/A
2026-01-26 15:20:39,237 [INFO] utils.quote_manager: [subscribe-get_quote] Full data ready for HOOD
2026-01-26 15:20:39,237 [DEBUG] utils.trades: get_quote() took 0.11 seconds
2026-01-26 15:20:39,238 [DEBUG] utils.trades: Received stock quote (in options) for HOOD: 105.6
2026-01-26 15:20:39,238 [INFO] utils.trades: Fetching live option quote for VIX 20260818 13.5C
2026-01-26 15:20:39,238 [INFO] utils.quote_manager: [get_quote] START symbol=VIX, expiry=20260818, strike=13.5, right=C
2026-01-26 15:20:39,344 [INFO] utils.quote_manager: [get_quote] Request the right market data: session=closed
2026-01-26 15:20:39,344 [INFO] utils.quote_manager: [subscribe-get_quote] VIX | Price Found: True (7.6) | Greeks Source: modelGreeks | IV: 0.3913177976132116
2026-01-26 15:20:39,345 [INFO] utils.quote_manager: [subscribe-get_quote] Full data ready for VIX
2026-01-26 15:20:39,345 [DEBUG] utils.trades: get_quote() took 0.11 seconds
2026-01-26 15:20:39,345 [DEBUG] utils.trades: Received option quote for VIX 20260818 13.5C: 7.6
2026-01-26 15:20:39,345 [DEBUG] utils.trades: Fetching live stock quote (in options) for VIX
2026-01-26 15:20:39,345 [INFO] utils.quote_manager: [get_quote] START symbol=VIX, expiry=None, strike=None, right=None
2026-01-26 15:20:39,450 [INFO] utils.quote_manager: [get_quote] Request the right market data: session=closed
2026-01-26 15:20:39,450 [INFO] utils.quote_manager: [subscribe] built contract=Stock(symbol='VIX', exchange='SMART', currency='USD') for ('VIX', None, None, None, 0)
2026-01-26 15:20:41,457 [WARNING] utils.quote_manager: [safe_qualify] Qualification failed for VIX: 
2026-01-26 15:20:41,458 [ERROR] utils.quote_manager: [subscribe] All exchanges failed for ('VIX', None, None, None, 0)
2026-01-26 15:20:41,458 [ERROR] utils.quote_manager: [get_quote] ticker is None for ('VIX', None, None, None, 0)
2026-01-26 15:20:41,458 [DEBUG] utils.trades: get_quote() took 2.11 seconds
2026-01-26 15:20:41,458 [DEBUG] utils.trades: Received stock quote (in options) for VIX: None
2026-01-26 15:20:41,458 [DEBUG] utils.trades: Fetching live stock quote for TSLA
2026-01-26 15:20:41,459 [INFO] utils.quote_manager: [get_quote] START symbol=TSLA, expiry=None, strike=None, right=None
2026-01-26 15:20:41,567 [INFO] utils.quote_manager: [get_quote] Request the right market data: session=closed
2026-01-26 15:20:41,568 [INFO] utils.quote_manager: [subscribe-get_quote] TSLA | Price Found: True (444.59) | Greeks Source: None | IV: N/A
2026-01-26 15:20:41,568 [INFO] utils.quote_manager: [subscribe-get_quote] Full data ready for TSLA
2026-01-26 15:20:41,568 [DEBUG] utils.trades: get_quote() took 0.11 seconds
2026-01-26 15:20:41,568 [DEBUG] utils.trades: Received stock quote for TSLA: 444.59
2026-01-26 15:20:41,569 [DEBUG] utils.trades: Fetching live stock quote for AAPL
2026-01-26 15:20:41,569 [INFO] utils.quote_manager: [get_quote] START symbol=AAPL, expiry=None, strike=None, right=None
2026-01-26 15:20:41,691 [INFO] utils.quote_manager: [get_quote] Request the right market data: session=closed
2026-01-26 15:20:41,692 [INFO] utils.quote_manager: [subscribe-get_quote] AAPL | Price Found: True (248.29) | Greeks Source: None | IV: N/A
2026-01-26 15:20:41,692 [INFO] utils.quote_manager: [subscribe-get_quote] Full data ready for AAPL
2026-01-26 15:20:41,692 [DEBUG] utils.trades: get_quote() took 0.12 seconds
2026-01-26 15:20:41,692 [DEBUG] utils.trades: Received stock quote for AAPL: 248.29
2026-01-26 15:20:41,693 [DEBUG] utils.trades: Fetching live stock quote for AMD
2026-01-26 15:20:41,693 [INFO] utils.quote_manager: [get_quote] START symbol=AMD, expiry=None, strike=None, right=None
2026-01-26 15:20:41,799 [INFO] utils.quote_manager: [get_quote] Request the right market data: session=closed
2026-01-26 15:20:41,800 [INFO] utils.quote_manager: [subscribe-get_quote] AMD | Price Found: True (258.38) | Greeks Source: None | IV: N/A
2026-01-26 15:20:41,800 [INFO] utils.quote_manager: [subscribe-get_quote] Full data ready for AMD
2026-01-26 15:20:41,800 [DEBUG] utils.trades: get_quote() took 0.11 seconds
2026-01-26 15:20:41,800 [DEBUG] utils.trades: Received stock quote for AMD: 258.38
2026-01-26 15:20:41,801 [DEBUG] utils.trades: Fetching live stock quote for CRCL
2026-01-26 15:20:41,801 [INFO] utils.quote_manager: [get_quote] START symbol=CRCL, expiry=None, strike=None, right=None
2026-01-26 15:20:41,909 [INFO] utils.quote_manager: [get_quote] Request the right market data: session=closed
2026-01-26 15:20:41,910 [INFO] utils.quote_manager: [subscribe-get_quote] CRCL | Price Found: True (70.03) | Greeks Source: None | IV: N/A
2026-01-26 15:20:41,910 [INFO] utils.quote_manager: [subscribe-get_quote] Full data ready for CRCL
2026-01-26 15:20:41,910 [DEBUG] utils.trades: get_quote() took 0.11 seconds
2026-01-26 15:20:41,910 [DEBUG] utils.trades: Received stock quote for CRCL: 70.03
2026-01-26 15:20:41,911 [INFO] utils.trades: Fetching live option quote for HOOD 20260320 120.0C
2026-01-26 15:20:41,912 [INFO] utils.quote_manager: [get_quote] START symbol=HOOD, expiry=20260320, strike=120.0, right=C
2026-01-26 15:20:42,035 [INFO] utils.quote_manager: [get_quote] Request the right market data: session=closed
2026-01-26 15:20:47,058 [WARNING] utils.quote_manager: [subscribe_get_quote] TIMEOUT for HOOD after 5.02s: last=nan, bid=-1.0, ask=-1.0, mg=None
2026-01-26 15:20:47,064 [DEBUG] utils.trades: get_quote() took 5.15 seconds
2026-01-26 15:20:47,064 [DEBUG] utils.trades: Received option quote for HOOD 20260320 120.0C: 5.3
2026-01-26 15:20:47,065 [DEBUG] utils.trades: Fetching live stock quote (in options) for HOOD
2026-01-26 15:20:47,065 [INFO] utils.quote_manager: [get_quote] START symbol=HOOD, expiry=None, strike=None, right=None
2026-01-26 15:20:47,645 [INFO] utils.quote_manager: [get_quote] Request the right market data: session=closed
2026-01-26 15:20:47,647 [INFO] utils.quote_manager: [subscribe-get_quote] HOOD | Price Found: True (105.6) | Greeks Source: None | IV: N/A
2026-01-26 15:20:47,649 [INFO] utils.quote_manager: [subscribe-get_quote] Full data ready for HOOD
2026-01-26 15:20:47,649 [DEBUG] utils.trades: get_quote() took 0.58 seconds
2026-01-26 15:20:47,650 [DEBUG] utils.trades: Received stock quote (in options) for HOOD: 105.6
2026-01-26 15:20:47,651 [DEBUG] utils.trades: Fetching live stock quote for MSAI
2026-01-26 15:20:47,655 [INFO] utils.quote_manager: [get_quote] START symbol=MSAI, expiry=None, strike=None, right=None
2026-01-26 15:20:47,896 [INFO] utils.quote_manager: [get_quote] Request the right market data: session=closed
2026-01-26 15:20:47,898 [INFO] utils.quote_manager: [subscribe-get_quote] MSAI | Price Found: True (0.3537) | Greeks Source: None | IV: N/A
2026-01-26 15:20:47,899 [INFO] utils.quote_manager: [subscribe-get_quote] Full data ready for MSAI
2026-01-26 15:20:47,900 [DEBUG] utils.trades: get_quote() took 0.25 seconds
2026-01-26 15:20:47,901 [DEBUG] utils.trades: Received stock quote for MSAI: 0.3537
2026-01-26 15:20:47,902 [DEBUG] utils.trades: Fetching live stock quote for NVDA
2026-01-26 15:20:47,905 [INFO] utils.quote_manager: [get_quote] START symbol=NVDA, expiry=None, strike=None, right=None
2026-01-26 15:20:48,460 [INFO] utils.quote_manager: [get_quote] Request the right market data: session=closed
2026-01-26 15:20:48,471 [INFO] utils.quote_manager: [subscribe-get_quote] NVDA | Price Found: True (186.3) | Greeks Source: None | IV: N/A
2026-01-26 15:20:48,505 [INFO] utils.quote_manager: [subscribe-get_quote] Full data ready for NVDA
2026-01-26 15:20:48,572 [DEBUG] utils.trades: get_quote() took 0.67 seconds
2026-01-26 15:20:48,605 [DEBUG] utils.trades: Received stock quote for NVDA: 186.3
2026-01-26 15:20:48,649 [DEBUG] utils.trades: Fetching live stock quote for SOFI
2026-01-26 15:20:48,666 [INFO] utils.quote_manager: [get_quote] START symbol=SOFI, expiry=None, strike=None, right=None
2026-01-26 15:20:49,247 [INFO] utils.quote_manager: [get_quote] Request the right market data: session=closed
2026-01-26 15:20:49,250 [INFO] utils.quote_manager: [subscribe-get_quote] SOFI | Price Found: True (25.68) | Greeks Source: None | IV: N/A
2026-01-26 15:20:49,253 [INFO] utils.quote_manager: [subscribe-get_quote] Full data ready for SOFI
2026-01-26 15:20:49,260 [DEBUG] utils.trades: get_quote() took 0.61 seconds
2026-01-26 15:20:49,263 [DEBUG] utils.trades: Received stock quote for SOFI: 25.68
2026-01-26 15:20:49,276 [DEBUG] utils.trades: Passing 5 groups to complex_groups_to_df...
2026-01-26 15:20:49,281 [INFO] utils.quote_manager: [get_quote] START symbol=FISV, expiry=20260116, strike=65.0, right=Put
2026-01-26 15:20:49,496 [INFO] utils.quote_manager: [get_quote] Request the right market data: session=closed
2026-01-26 15:20:49,500 [INFO] utils.quote_manager: [subscribe] built contract=Option(symbol='FISV', lastTradeDateOrContractMonth='20260116', strike=65.0, right='Put', multiplier='100', exchange='SMART', currency='USD') for ('FISV', '20260116', 65.0, 'Put', 0)
2026-01-26 15:20:51,540 [WARNING] utils.quote_manager: [safe_qualify] Qualification failed for FISV: 
2026-01-26 15:20:53,557 [WARNING] utils.quote_manager: [safe_qualify] Qualification failed for FISV: 
2026-01-26 15:20:55,692 [WARNING] utils.quote_manager: [safe_qualify] Qualification failed for FISV: 
2026-01-26 15:20:57,808 [WARNING] utils.quote_manager: [safe_qualify] Qualification failed for FISV: 
2026-01-26 15:20:57,925 [ERROR] utils.quote_manager: [subscribe] All exchanges failed for ('FISV', '20260116', 65.0, 'Put', 0)
2026-01-26 15:20:57,932 [ERROR] utils.quote_manager: [get_quote] ticker is None for ('FISV', '20260116', 65.0, 'Put', 0)
2026-01-26 15:20:57,935 [ERROR] utils.trades: Quote failed for leg 10: unsupported operand type(s) for *: 'NoneType' and 'int'
2026-01-26 15:20:57,938 [INFO] utils.quote_manager: [get_quote] START symbol=FISV, expiry=20260116, strike=70.0, right=Put
2026-01-26 15:20:58,704 [INFO] utils.quote_manager: [get_quote] Request the right market data: session=closed
2026-01-26 15:20:58,719 [INFO] utils.quote_manager: [subscribe] built contract=Option(symbol='FISV', lastTradeDateOrContractMonth='20260116', strike=70.0, right='Put', multiplier='100', exchange='SMART', currency='USD') for ('FISV', '20260116', 70.0, 'Put', 0)
2026-01-26 15:21:00,724 [WARNING] utils.quote_manager: [safe_qualify] Qualification failed for FISV: 
2026-01-26 15:21:02,744 [WARNING] utils.quote_manager: [safe_qualify] Qualification failed for FISV: 
2026-01-26 15:21:04,860 [WARNING] utils.quote_manager: [safe_qualify] Qualification failed for FISV: 
2026-01-26 15:21:06,975 [WARNING] utils.quote_manager: [safe_qualify] Qualification failed for FISV: 
2026-01-26 15:21:07,090 [ERROR] utils.quote_manager: [subscribe] All exchanges failed for ('FISV', '20260116', 70.0, 'Put', 0)
2026-01-26 15:21:07,091 [ERROR] utils.quote_manager: [get_quote] ticker is None for ('FISV', '20260116', 70.0, 'Put', 0)
2026-01-26 15:21:07,092 [ERROR] utils.trades: Quote failed for leg 9: unsupported operand type(s) for *: 'NoneType' and 'int'
2026-01-26 15:21:07,092 [INFO] utils.quote_manager: [get_quote] START symbol=MA, expiry=20260320, strike=560.0, right=Call
2026-01-26 15:21:07,202 [INFO] utils.quote_manager: [get_quote] Request the right market data: session=closed
2026-01-26 15:21:07,206 [INFO] utils.quote_manager: [subscribe-get_quote] MA | Price Found: True (7.723687468989272) | Greeks Source: modelGreeks | IV: 0.23327907018555047
2026-01-26 15:21:07,209 [INFO] utils.quote_manager: [subscribe-get_quote] Full data ready for MA
2026-01-26 15:21:07,217 [INFO] utils.quote_manager: [get_quote] START symbol=MA, expiry=20260130, strike=560.0, right=Call
2026-01-26 15:21:07,357 [INFO] utils.quote_manager: [get_quote] Request the right market data: session=closed
2026-01-26 15:21:12,379 [WARNING] utils.quote_manager: [subscribe_get_quote] TIMEOUT for MA after 5.01s: last=nan, bid=-1.0, ask=-1.0, mg=None
2026-01-26 15:21:12,382 [INFO] utils.quote_manager: [get_quote] START symbol=TSLA, expiry=20260220, strike=440.0, right=Call
2026-01-26 15:21:12,507 [INFO] utils.quote_manager: [get_quote] Request the right market data: session=closed
2026-01-26 15:21:17,546 [WARNING] utils.quote_manager: [subscribe_get_quote] TIMEOUT for TSLA after 5.04s: last=nan, bid=-1.0, ask=-1.0, mg=None
2026-01-26 15:21:17,550 [INFO] utils.quote_manager: [get_quote] START symbol=TSLA, expiry=20260220, strike=440.0, right=Call
2026-01-26 15:21:17,661 [INFO] utils.quote_manager: [get_quote] Request the right market data: session=closed
2026-01-26 15:21:22,680 [WARNING] utils.quote_manager: [subscribe_get_quote] TIMEOUT for TSLA after 5.02s: last=nan, bid=-1.0, ask=-1.0, mg=None
2026-01-26 15:21:22,683 [INFO] utils.quote_manager: [get_quote] START symbol=RKLB, expiry=20260213, strike=75.0, right=Put
2026-01-26 15:21:23,404 [INFO] utils.quote_manager: [get_quote] Request the right market data: session=closed
2026-01-26 15:21:23,406 [INFO] utils.quote_manager: [subscribe-get_quote] RKLB | Price Found: True (2.0820489119457752) | Greeks Source: modelGreeks | IV: 0.8952559084348135
2026-01-26 15:21:23,407 [INFO] utils.quote_manager: [subscribe-get_quote] Full data ready for RKLB
2026-01-26 15:21:23,408 [INFO] utils.quote_manager: [get_quote] START symbol=RKLB, expiry=20260213, strike=80.0, right=Put
2026-01-26 15:21:23,796 [INFO] utils.quote_manager: [get_quote] Request the right market data: session=closed
2026-01-26 15:21:28,820 [WARNING] utils.quote_manager: [subscribe_get_quote] TIMEOUT for RKLB after 5.02s: last=nan, bid=-1.0, ask=-1.0, mg=None
2026-01-26 15:21:28,820 [INFO] utils.quote_manager: [get_quote] START symbol=NVDA, expiry=20260320, strike=170.0, right=Call
2026-01-26 15:21:29,471 [INFO] utils.quote_manager: [get_quote] Request the right market data: session=closed
2026-01-26 15:21:29,475 [INFO] utils.quote_manager: [subscribe-get_quote] NVDA | Price Found: True (24.354095875426868) | Greeks Source: modelGreeks | IV: 0.4601320315188967
2026-01-26 15:21:29,479 [INFO] utils.quote_manager: [subscribe-get_quote] Full data ready for NVDA
2026-01-26 15:21:29,485 [INFO] utils.quote_manager: [get_quote] START symbol=NVDA, expiry=20260130, strike=190.0, right=Call
2026-01-26 15:21:29,855 [INFO] utils.quote_manager: [get_quote] Request the right market data: session=closed
2026-01-26 15:21:34,865 [WARNING] utils.quote_manager: [subscribe_get_quote] TIMEOUT for NVDA after 5.01s: last=nan, bid=-1.0, ask=-1.0, mg=None
2026-01-26 15:21:34,867 [DEBUG] utils.trades: DataFrame Row 0 Legs Count: 2
2026-01-26 15:21:34,876 [DEBUG] __main__: get_all_open_positions() took 74.67 seconds
2026-01-26 15:21:34,920 [DEBUG] __main__: Open Flat Trades styling INITIATED
2026-01-26 15:21:34,954 [DEBUG] __main__: Open Flat Trades styling took 0.03 seconds
2026-01-26 15:21:34,969 [INFO] utils.trades: --- SUMMARY ---
2026-01-26 15:21:34,969 [INFO] utils.trades: Initial Baseline: 626.38
2026-01-26 15:21:34,969 [INFO] utils.trades: Total Realized Cash: 626.38
2026-01-26 15:21:34,969 [INFO] utils.trades: Total Unrealized P&L: 0.00
2026-01-26 15:21:34,970 [INFO] utils.trades: Final True P&L: 626.38
2026-01-26 15:21:34,970 [INFO] utils.trades: --- DEBUG END ---

2026-01-26 15:21:34,980 [INFO] utils.trades: LEG ID: 28 | MA 20251024 560.0Call | Qty: -1
2026-01-26 15:21:34,981 [INFO] utils.trades:   > Realized: Entry $998.00 | Exit $-1,330.00 | Comms $1.40 | P&L $-332.00 | Status: Rolled
2026-01-26 15:21:34,981 [INFO] utils.trades:   > CURRENT MARKET VALUE TO LIQUIDATE: (Mark 7.723687468989272) * Qty 1 = 772.37
2026-01-26 15:21:34,981 [INFO] utils.trades: LEG ID: 29 | MA 20260320 560.0Call | Qty: 1
2026-01-26 15:21:34,982 [INFO] utils.trades:   > UNREALIZED: (Mark 7.723687468989272 - Entry 41.04) * Qty 1 = 772.37
2026-01-26 15:21:34,982 [INFO] utils.trades: LEG ID: 30 | MA 20251031 570.0Call | Qty: -1
2026-01-26 15:21:34,982 [INFO] utils.trades:   > Realized: Entry $1,333.00 | Exit $-1,551.00 | Comms $1.41 | P&L $-218.00 | Status: Rolled
2026-01-26 15:21:34,982 [INFO] utils.trades: LEG ID: 31 | MA 20251107 575.0Call | Qty: -1
2026-01-26 15:21:34,983 [INFO] utils.trades:   > Realized: Entry $1,446.00 | Exit $-19.00 | Comms $1.76 | P&L $1,427.00 | Status: Rolled
2026-01-26 15:21:34,983 [INFO] utils.trades: LEG ID: 32 | MA 20251114 560.0Call | Qty: -1
2026-01-26 15:21:34,983 [INFO] utils.trades:   > Realized: Entry $247.00 | Exit $-453.00 | Comms $2.10 | P&L $-206.00 | Status: Rolled
2026-01-26 15:21:34,984 [INFO] utils.trades: LEG ID: 33 | MA 20251121 565.0Call | Qty: -1
2026-01-26 15:21:34,984 [INFO] utils.trades:   > Realized: Entry $549.00 | Exit $-12.00 | Comms $2.10 | P&L $537.00 | Status: Rolled
2026-01-26 15:21:34,984 [INFO] utils.trades: LEG ID: 34 | MA 20251205 565.0Call | Qty: -1
2026-01-26 15:21:34,984 [INFO] utils.trades:   > Realized: Entry $217.00 | Exit $-15.00 | Comms $1.71 | P&L $202.00 | Status: Rolled
2026-01-26 15:21:34,984 [INFO] utils.trades: LEG ID: 35 | MA 20251212 562.5Call | Qty: -1
2026-01-26 15:21:34,984 [INFO] utils.trades:   > Realized: Entry $208.00 | Exit $-180.00 | Comms $1.68 | P&L $28.00 | Status: Rolled
2026-01-26 15:21:34,985 [INFO] utils.trades: LEG ID: 36 | MA 20251219 565.0Call | Qty: -1
2026-01-26 15:21:34,985 [INFO] utils.trades:   > Realized: Entry $420.00 | Exit $-1,010.00 | Comms $1.69 | P&L $-590.00 | Status: Rolled
2026-01-26 15:21:34,985 [INFO] utils.trades: LEG ID: 37 | MA 20251226 570.0Call | Qty: -1
2026-01-26 15:21:34,985 [INFO] utils.trades:   > Realized: Entry $859.00 | Exit $-996.00 | Comms $1.70 | P&L $-137.00 | Status: Rolled
2026-01-26 15:21:34,985 [INFO] utils.trades: LEG ID: 38 | MA 20260109 580.0Call | Qty: -1
2026-01-26 15:21:34,986 [INFO] utils.trades:   > Realized: Entry $700.00 | Exit $-411.00 | Comms $2.07 | P&L $289.00 | Status: Rolled
2026-01-26 15:21:34,986 [INFO] utils.trades: LEG ID: 39 | MA 20260116 587.5Call | Qty: -1
2026-01-26 15:21:34,987 [INFO] utils.trades:   > Realized: Entry $390.00 | Exit $-20.00 | Comms $2.10 | P&L $370.00 | Status: Rolled
2026-01-26 15:21:34,987 [INFO] utils.trades: LEG ID: 40 | MA 20260116 560.5Call | Qty: -1
2026-01-26 15:21:34,987 [INFO] utils.trades:   > Realized: Entry $135.00 | Exit $-9.00 | Comms $1.75 | P&L $126.00 | Status: Rolled
2026-01-26 15:21:34,988 [INFO] utils.trades: LEG ID: 41 | MA 20260123 560.0Call | Qty: -1
2026-01-26 15:21:34,988 [INFO] utils.trades:   > Realized: Entry $93.00 | Exit $-27.00 | Comms $1.75 | P&L $66.00 | Status: Rolled
2026-01-26 15:21:34,988 [INFO] utils.trades:   > CURRENT MARKET VALUE TO LIQUIDATE: (Mark 0.97) * Qty -1 = -97.00
2026-01-26 15:21:34,988 [INFO] utils.trades: LEG ID: 75 | MA 20260130 560.0Call | Qty: -1
2026-01-26 15:21:34,989 [INFO] utils.trades:   > UNREALIZED: (Mark 0.97 - Entry 1.44) * Qty -1 = -97.00
2026-01-26 15:21:34,989 [INFO] utils.trades: --- SUMMARY ---
2026-01-26 15:21:34,989 [INFO] utils.trades: Initial Baseline: -3,107.40
2026-01-26 15:21:34,989 [INFO] utils.trades: Total Realized Cash: -2,422.97
2026-01-26 15:21:34,989 [INFO] utils.trades: Total Unrealized P&L: 675.37
2026-01-26 15:21:34,989 [INFO] utils.trades: Final True P&L: -1,747.60
2026-01-26 15:21:34,990 [INFO] utils.trades: --- DEBUG END ---

2026-01-26 15:21:35,003 [INFO] utils.trades: LEG ID: 42 | TSLA 20251031 440.0Call | Qty: -1
2026-01-26 15:21:35,003 [INFO] utils.trades:   > Realized: Entry $1,210.00 | Exit $-2,532.00 | Comms $1.40 | P&L $-1,322.00 | Status: Rolled
2026-01-26 15:21:35,003 [INFO] utils.trades:   > CURRENT MARKET VALUE TO LIQUIDATE: (Mark 28.34) * Qty 1 = 2,834.00
2026-01-26 15:21:35,003 [INFO] utils.trades: LEG ID: 43 | TSLA 20260220 440.0Call | Qty: 1
2026-01-26 15:21:35,003 [INFO] utils.trades:   > UNREALIZED: (Mark 28.34 - Entry 56.74) * Qty 1 = 2,834.00
2026-01-26 15:21:35,004 [INFO] utils.trades: LEG ID: 44 | TSLA 20251107 450.0Call | Qty: -1
2026-01-26 15:21:35,004 [INFO] utils.trades:   > Realized: Entry $2,507.00 | Exit $-2,480.00 | Comms $1.41 | P&L $27.00 | Status: Rolled
2026-01-26 15:21:35,004 [INFO] utils.trades: LEG ID: 45 | TSLA 20251121 467.5Call | Qty: -1
2026-01-26 15:21:35,004 [INFO] utils.trades:   > Realized: Entry $2,525.00 | Exit $-12.00 | Comms $1.41 | P&L $2,513.00 | Status: Rolled
2026-01-26 15:21:35,005 [INFO] utils.trades: LEG ID: 46 | TSLA 20251128 440.0Call | Qty: -1
2026-01-26 15:21:35,005 [INFO] utils.trades:   > Realized: Entry $268.00 | Exit $-43.00 | Comms $1.40 | P&L $225.00 | Status: Rolled
2026-01-26 15:21:35,005 [INFO] utils.trades: LEG ID: 47 | TSLA 20251205 440.0Call | Qty: -1
2026-01-26 15:21:35,005 [INFO] utils.trades:   > Realized: Entry $388.00 | Exit $-618.00 | Comms $1.36 | P&L $-230.00 | Status: Rolled
2026-01-26 15:21:35,006 [INFO] utils.trades: LEG ID: 48 | TSLA 20251212 455.0Call | Qty: -1
2026-01-26 15:21:35,007 [INFO] utils.trades:   > Realized: Entry $663.00 | Exit $-128.00 | Comms $1.69 | P&L $535.00 | Status: Rolled
2026-01-26 15:21:35,007 [INFO] utils.trades: LEG ID: 49 | TSLA 20251219 455.0Call | Qty: -1
2026-01-26 15:21:35,008 [INFO] utils.trades:   > Realized: Entry $713.00 | Exit $-2,520.00 | Comms $1.69 | P&L $-1,807.00 | Status: Rolled
2026-01-26 15:21:35,008 [INFO] utils.trades: LEG ID: 50 | TSLA 20260102 470.0Call | Qty: -1
2026-01-26 15:21:35,009 [INFO] utils.trades:   > Realized: Entry $2,417.00 | Exit $-2.00 | Comms $1.73 | P&L $2,415.00 | Status: Rolled
2026-01-26 15:21:35,009 [INFO] utils.trades: LEG ID: 51 | TSLA 20260109 470.0Call | Qty: -1
2026-01-26 15:21:35,009 [INFO] utils.trades:   > Realized: Entry $238.00 | Exit $-22.00 | Comms $2.10 | P&L $216.00 | Status: Rolled
2026-01-26 15:21:35,009 [INFO] utils.trades: LEG ID: 52 | TSLA 20260116 470.0Call | Qty: -1
2026-01-26 15:21:35,009 [INFO] utils.trades:   > Realized: Entry $208.00 | Exit $-23.00 | Comms $2.60 | P&L $185.00 | Status: Rolled
2026-01-26 15:21:35,009 [INFO] utils.trades: LEG ID: 53 | TSLA 20260116 455.0Call | Qty: -1
2026-01-26 15:21:35,010 [INFO] utils.trades:   > Realized: Entry $109.00 | Exit $-32.00 | Comms $2.14 | P&L $77.00 | Status: Rolled
2026-01-26 15:21:35,010 [INFO] utils.trades: LEG ID: 54 | TSLA 20260123 462.5Call | Qty: -1
2026-01-26 15:21:35,010 [INFO] utils.trades:   > Realized: Entry $272.00 | Exit $-10.00 | Comms $1.40 | P&L $262.00 | Status: Rolled
2026-01-26 15:21:35,010 [INFO] utils.trades: LEG ID: 74 | TSLA 20260123 442.5Call | Qty: -1
2026-01-26 15:21:35,010 [INFO] utils.trades:   > Realized: Entry $220.00 | Exit $-550.00 | Comms $1.40 | P&L $-330.00 | Status: Rolled
2026-01-26 15:21:35,011 [INFO] utils.trades:   > CURRENT MARKET VALUE TO LIQUIDATE: (Mark 28.34) * Qty -1 = -2,834.00
2026-01-26 15:21:35,011 [INFO] utils.trades: LEG ID: 77 | TSLA 20260220 440.0Call | Qty: -1
2026-01-26 15:21:35,011 [INFO] utils.trades:   > UNREALIZED: (Mark 28.34 - Entry 27.25) * Qty -1 = -2,834.00
2026-01-26 15:21:35,011 [INFO] utils.trades: --- SUMMARY ---
2026-01-26 15:21:35,011 [INFO] utils.trades: Initial Baseline: -4,465.40
2026-01-26 15:21:35,011 [INFO] utils.trades: Total Realized Cash: -206.13
2026-01-26 15:21:35,012 [INFO] utils.trades: Total Unrealized P&L: 0.00
2026-01-26 15:21:35,012 [INFO] utils.trades: Final True P&L: -206.13
2026-01-26 15:21:35,012 [INFO] utils.trades: --- DEBUG END ---

2026-01-26 15:21:35,020 [INFO] utils.trades:   > CURRENT MARKET VALUE TO LIQUIDATE: (Mark 3.38) * Qty -4 = -1,352.00
2026-01-26 15:21:35,021 [INFO] utils.trades: LEG ID: 55 | RKLB 20260213 80.0Put | Qty: -4
2026-01-26 15:21:35,021 [INFO] utils.trades:   > UNREALIZED: (Mark 3.38 - Entry 4.93) * Qty -4 = -1,352.00
2026-01-26 15:21:35,021 [INFO] utils.trades:   > CURRENT MARKET VALUE TO LIQUIDATE: (Mark 2.0820489119457752) * Qty 4 = 832.82
2026-01-26 15:21:35,021 [INFO] utils.trades: LEG ID: 56 | RKLB 20260213 75.0Put | Qty: 4
2026-01-26 15:21:35,021 [INFO] utils.trades:   > UNREALIZED: (Mark 2.0820489119457752 - Entry 3.13) * Qty 4 = 832.82
2026-01-26 15:21:35,022 [INFO] utils.trades: --- SUMMARY ---
2026-01-26 15:21:35,022 [INFO] utils.trades: Initial Baseline: 717.50
2026-01-26 15:21:35,022 [INFO] utils.trades: Total Realized Cash: 717.50
2026-01-26 15:21:35,022 [INFO] utils.trades: Total Unrealized P&L: -519.18
2026-01-26 15:21:35,022 [INFO] utils.trades: Final True P&L: 198.32
2026-01-26 15:21:35,022 [INFO] utils.trades: --- DEBUG END ---

2026-01-26 15:21:35,030 [INFO] utils.trades: LEG ID: 57 | NVDA 20250919 170.0Call | Qty: -1
2026-01-26 15:21:35,030 [INFO] utils.trades:   > Realized: Entry $416.00 | Exit $-632.00 | Comms $2.04 | P&L $-216.00 | Status: Rolled
2026-01-26 15:21:35,031 [INFO] utils.trades:   > CURRENT MARKET VALUE TO LIQUIDATE: (Mark 24.354095875426868) * Qty 1 = 2,435.41
2026-01-26 15:21:35,031 [INFO] utils.trades: LEG ID: 58 | NVDA 20260320 170.0Call | Qty: 1
2026-01-26 15:21:35,031 [INFO] utils.trades:   > UNREALIZED: (Mark 24.354095875426868 - Entry 21.19) * Qty 1 = 2,435.41
2026-01-26 15:21:35,031 [INFO] utils.trades: LEG ID: 59 | NVDA 20251003 175.0Call | Qty: -1
2026-01-26 15:21:35,031 [INFO] utils.trades:   > Realized: Entry $542.00 | Exit $-774.00 | Comms $1.70 | P&L $-232.00 | Status: Rolled
2026-01-26 15:21:35,031 [INFO] utils.trades: LEG ID: 60 | NVDA 20251010 177.5Call | Qty: -1
2026-01-26 15:21:35,032 [INFO] utils.trades:   > Realized: Entry $737.00 | Exit $-1,072.00 | Comms $1.41 | P&L $-335.00 | Status: Rolled
2026-01-26 15:21:35,032 [INFO] utils.trades: LEG ID: 61 | NVDA 20251031 185.0Call | Qty: -1
2026-01-26 15:21:35,032 [INFO] utils.trades:   > Realized: Entry $937.00 | Exit $-1,417.00 | Comms $1.40 | P&L $-480.00 | Status: Rolled
2026-01-26 15:21:35,032 [INFO] utils.trades: LEG ID: 62 | NVDA 20251107 190.0Call | Qty: -1
2026-01-26 15:21:35,032 [INFO] utils.trades:   > Realized: Entry $1,182.00 | Exit $-2,078.00 | Comms $1.75 | P&L $-896.00 | Status: Rolled
2026-01-26 15:21:35,032 [INFO] utils.trades: LEG ID: 63 | NVDA 20251121 200.0Call | Qty: -1
2026-01-26 15:21:35,033 [INFO] utils.trades:   > Realized: Entry $1,676.00 | Exit $-2.00 | Comms $2.10 | P&L $1,674.00 | Status: Rolled
2026-01-26 15:21:35,033 [INFO] utils.trades: LEG ID: 64 | NVDA 20251128 190.0Call | Qty: -1
2026-01-26 15:21:35,033 [INFO] utils.trades:   > Realized: Entry $156.00 | Exit $-10.00 | Comms $2.04 | P&L $146.00 | Status: Rolled
2026-01-26 15:21:35,033 [INFO] utils.trades: LEG ID: 65 | NVDA 20251128 175.0Call | Qty: -1
2026-01-26 15:21:35,034 [INFO] utils.trades:   > Realized: Entry $203.00 | Exit $-660.00 | Comms $1.69 | P&L $-457.00 | Status: Rolled
2026-01-26 15:21:35,034 [INFO] utils.trades: LEG ID: 66 | NVDA 20251205 180.0Call | Qty: -1
2026-01-26 15:21:35,034 [INFO] utils.trades:   > Realized: Entry $550.00 | Exit $-614.00 | Comms $1.37 | P&L $-64.00 | Status: Rolled
2026-01-26 15:21:35,034 [INFO] utils.trades: LEG ID: 67 | NVDA 20251219 187.0Call | Qty: -1
2026-01-26 15:21:35,034 [INFO] utils.trades:   > Realized: Entry $559.00 | Exit $-7.00 | Comms $1.88 | P&L $552.00 | Status: Rolled
2026-01-26 15:21:35,034 [INFO] utils.trades: LEG ID: 68 | NVDA 20251226 185.0Call | Qty: -1
2026-01-26 15:21:35,034 [INFO] utils.trades:   > Realized: Entry $58.00 | Exit $-571.00 | Comms $1.89 | P&L $-513.00 | Status: Rolled
2026-01-26 15:21:35,035 [INFO] utils.trades: LEG ID: 69 | NVDA 20260102 190.0Call | Qty: -1
2026-01-26 15:21:35,035 [INFO] utils.trades:   > Realized: Entry $336.00 | Exit $-94.00 | Comms $1.73 | P&L $242.00 | Status: Rolled
2026-01-26 15:21:35,035 [INFO] utils.trades: LEG ID: 70 | NVDA 20260109 192.5Call | Qty: -1
2026-01-26 15:21:35,035 [INFO] utils.trades:   > Realized: Entry $240.00 | Exit $-110.00 | Comms $2.10 | P&L $130.00 | Status: Rolled
2026-01-26 15:21:35,036 [INFO] utils.trades: LEG ID: 71 | NVDA 20260116 195.0Call | Qty: -1
2026-01-26 15:21:35,036 [INFO] utils.trades:   > Realized: Entry $211.00 | Exit $-24.00 | Comms $1.75 | P&L $187.00 | Status: Rolled
2026-01-26 15:21:35,036 [INFO] utils.trades: LEG ID: 72 | NVDA 20260123 195.0Call | Qty: -1
2026-01-26 15:21:35,036 [INFO] utils.trades:   > Realized: Entry $86.00 | Exit $-4.00 | Comms $1.75 | P&L $82.00 | Status: Rolled
2026-01-26 15:21:35,036 [INFO] utils.trades: LEG ID: 73 | NVDA 20260123 185.0Call | Qty: -1
2026-01-26 15:21:35,036 [INFO] utils.trades:   > Realized: Entry $60.00 | Exit $-280.00 | Comms $2.10 | P&L $-220.00 | Status: Rolled
2026-01-26 15:21:35,036 [INFO] utils.trades:   > CURRENT MARKET VALUE TO LIQUIDATE: (Mark 2.79) * Qty -1 = -279.00
2026-01-26 15:21:35,037 [INFO] utils.trades: LEG ID: 76 | NVDA 20260130 190.0Call | Qty: -1
2026-01-26 15:21:35,037 [INFO] utils.trades:   > UNREALIZED: (Mark 2.79 - Entry 2.9) * Qty -1 = -279.00
2026-01-26 15:21:35,037 [INFO] utils.trades: --- SUMMARY ---
2026-01-26 15:21:35,037 [INFO] utils.trades: Initial Baseline: -1,705.10
2026-01-26 15:21:35,037 [INFO] utils.trades: Total Realized Cash: -2,259.80
2026-01-26 15:21:35,037 [INFO] utils.trades: Total Unrealized P&L: 2,156.41
2026-01-26 15:21:35,037 [INFO] utils.trades: Final True P&L: -103.39
2026-01-26 15:21:35,037 [INFO] utils.trades: --- DEBUG END ---

2026-01-26 15:22:22,005 [DEBUG] __main__: Starting Open Trades page
2026-01-26 15:22:22,338 [DEBUG] __main__: get_all_open_positions() INITIATED
2026-01-26 15:22:22,346 [DEBUG] __main__: get_all_open_positions() took 0.01 seconds
2026-01-26 15:22:22,358 [DEBUG] __main__: Open Flat Trades styling INITIATED
2026-01-26 15:22:22,381 [DEBUG] __main__: Open Flat Trades styling took 0.02 seconds
2026-01-26 15:22:22,401 [INFO] utils.trades: --- SUMMARY ---
2026-01-26 15:22:22,404 [INFO] utils.trades: Initial Baseline: 626.38
2026-01-26 15:22:22,410 [INFO] utils.trades: Total Realized Cash: 626.38
2026-01-26 15:22:22,414 [INFO] utils.trades: Total Unrealized P&L: 0.00
2026-01-26 15:22:22,415 [INFO] utils.trades: Final True P&L: 626.38
2026-01-26 15:22:22,416 [INFO] utils.trades: --- DEBUG END ---

2026-01-26 15:22:22,425 [INFO] utils.trades: LEG ID: 28 | MA 20251024 560.0Call | Qty: -1
2026-01-26 15:22:22,425 [INFO] utils.trades:   > Realized: Entry $998.00 | Exit $-1,330.00 | Comms $1.40 | P&L $-332.00 | Status: Rolled
2026-01-26 15:22:22,426 [INFO] utils.trades:   > CURRENT MARKET VALUE TO LIQUIDATE: (Mark 7.723687468989272) * Qty 1 = 772.37
2026-01-26 15:22:22,429 [INFO] utils.trades: LEG ID: 29 | MA 20260320 560.0Call | Qty: 1
2026-01-26 15:22:22,432 [INFO] utils.trades:   > UNREALIZED: (Mark 7.723687468989272 - Entry 41.04) * Qty 1 = 772.37
2026-01-26 15:22:22,432 [INFO] utils.trades: LEG ID: 30 | MA 20251031 570.0Call | Qty: -1
2026-01-26 15:22:22,433 [INFO] utils.trades:   > Realized: Entry $1,333.00 | Exit $-1,551.00 | Comms $1.41 | P&L $-218.00 | Status: Rolled
2026-01-26 15:22:22,433 [INFO] utils.trades: LEG ID: 31 | MA 20251107 575.0Call | Qty: -1
2026-01-26 15:22:22,433 [INFO] utils.trades:   > Realized: Entry $1,446.00 | Exit $-19.00 | Comms $1.76 | P&L $1,427.00 | Status: Rolled
2026-01-26 15:22:22,433 [INFO] utils.trades: LEG ID: 32 | MA 20251114 560.0Call | Qty: -1
2026-01-26 15:22:22,433 [INFO] utils.trades:   > Realized: Entry $247.00 | Exit $-453.00 | Comms $2.10 | P&L $-206.00 | Status: Rolled
2026-01-26 15:22:22,433 [INFO] utils.trades: LEG ID: 33 | MA 20251121 565.0Call | Qty: -1
2026-01-26 15:22:22,434 [INFO] utils.trades:   > Realized: Entry $549.00 | Exit $-12.00 | Comms $2.10 | P&L $537.00 | Status: Rolled
2026-01-26 15:22:22,434 [INFO] utils.trades: LEG ID: 34 | MA 20251205 565.0Call | Qty: -1
2026-01-26 15:22:22,434 [INFO] utils.trades:   > Realized: Entry $217.00 | Exit $-15.00 | Comms $1.71 | P&L $202.00 | Status: Rolled
2026-01-26 15:22:22,434 [INFO] utils.trades: LEG ID: 35 | MA 20251212 562.5Call | Qty: -1
2026-01-26 15:22:22,434 [INFO] utils.trades:   > Realized: Entry $208.00 | Exit $-180.00 | Comms $1.68 | P&L $28.00 | Status: Rolled
2026-01-26 15:22:22,434 [INFO] utils.trades: LEG ID: 36 | MA 20251219 565.0Call | Qty: -1
2026-01-26 15:22:22,434 [INFO] utils.trades:   > Realized: Entry $420.00 | Exit $-1,010.00 | Comms $1.69 | P&L $-590.00 | Status: Rolled
2026-01-26 15:22:22,434 [INFO] utils.trades: LEG ID: 37 | MA 20251226 570.0Call | Qty: -1
2026-01-26 15:22:22,434 [INFO] utils.trades:   > Realized: Entry $859.00 | Exit $-996.00 | Comms $1.70 | P&L $-137.00 | Status: Rolled
2026-01-26 15:22:22,434 [INFO] utils.trades: LEG ID: 38 | MA 20260109 580.0Call | Qty: -1
2026-01-26 15:22:22,434 [INFO] utils.trades:   > Realized: Entry $700.00 | Exit $-411.00 | Comms $2.07 | P&L $289.00 | Status: Rolled
2026-01-26 15:22:22,434 [INFO] utils.trades: LEG ID: 39 | MA 20260116 587.5Call | Qty: -1
2026-01-26 15:22:22,434 [INFO] utils.trades:   > Realized: Entry $390.00 | Exit $-20.00 | Comms $2.10 | P&L $370.00 | Status: Rolled
2026-01-26 15:22:22,434 [INFO] utils.trades: LEG ID: 40 | MA 20260116 560.5Call | Qty: -1
2026-01-26 15:22:22,435 [INFO] utils.trades:   > Realized: Entry $135.00 | Exit $-9.00 | Comms $1.75 | P&L $126.00 | Status: Rolled
2026-01-26 15:22:22,435 [INFO] utils.trades: LEG ID: 41 | MA 20260123 560.0Call | Qty: -1
2026-01-26 15:22:22,435 [INFO] utils.trades:   > Realized: Entry $93.00 | Exit $-27.00 | Comms $1.75 | P&L $66.00 | Status: Rolled
2026-01-26 15:22:22,435 [INFO] utils.trades:   > CURRENT MARKET VALUE TO LIQUIDATE: (Mark 0.97) * Qty -1 = -97.00
2026-01-26 15:22:22,435 [INFO] utils.trades: LEG ID: 75 | MA 20260130 560.0Call | Qty: -1
2026-01-26 15:22:22,435 [INFO] utils.trades:   > UNREALIZED: (Mark 0.97 - Entry 1.44) * Qty -1 = -97.00
2026-01-26 15:22:22,435 [INFO] utils.trades: --- SUMMARY ---
2026-01-26 15:22:22,435 [INFO] utils.trades: Initial Baseline: -3,107.40
2026-01-26 15:22:22,435 [INFO] utils.trades: Total Realized Cash: -2,422.97
2026-01-26 15:22:22,435 [INFO] utils.trades: Total Unrealized P&L: 675.37
2026-01-26 15:22:22,435 [INFO] utils.trades: Final True P&L: -1,747.60
2026-01-26 15:22:22,435 [INFO] utils.trades: --- DEBUG END ---

2026-01-26 15:22:22,447 [INFO] utils.trades: LEG ID: 42 | TSLA 20251031 440.0Call | Qty: -1
2026-01-26 15:22:22,450 [INFO] utils.trades:   > Realized: Entry $1,210.00 | Exit $-2,532.00 | Comms $1.40 | P&L $-1,322.00 | Status: Rolled
2026-01-26 15:22:22,453 [INFO] utils.trades:   > CURRENT MARKET VALUE TO LIQUIDATE: (Mark 28.34) * Qty 1 = 2,834.00
2026-01-26 15:22:22,454 [INFO] utils.trades: LEG ID: 43 | TSLA 20260220 440.0Call | Qty: 1
2026-01-26 15:22:22,458 [INFO] utils.trades:   > UNREALIZED: (Mark 28.34 - Entry 56.74) * Qty 1 = 2,834.00
2026-01-26 15:22:22,459 [INFO] utils.trades: LEG ID: 44 | TSLA 20251107 450.0Call | Qty: -1
2026-01-26 15:22:22,460 [INFO] utils.trades:   > Realized: Entry $2,507.00 | Exit $-2,480.00 | Comms $1.41 | P&L $27.00 | Status: Rolled
2026-01-26 15:22:22,460 [INFO] utils.trades: LEG ID: 45 | TSLA 20251121 467.5Call | Qty: -1
2026-01-26 15:22:22,460 [INFO] utils.trades:   > Realized: Entry $2,525.00 | Exit $-12.00 | Comms $1.41 | P&L $2,513.00 | Status: Rolled
2026-01-26 15:22:22,461 [INFO] utils.trades: LEG ID: 46 | TSLA 20251128 440.0Call | Qty: -1
2026-01-26 15:22:22,461 [INFO] utils.trades:   > Realized: Entry $268.00 | Exit $-43.00 | Comms $1.40 | P&L $225.00 | Status: Rolled
2026-01-26 15:22:22,461 [INFO] utils.trades: LEG ID: 47 | TSLA 20251205 440.0Call | Qty: -1
2026-01-26 15:22:22,461 [INFO] utils.trades:   > Realized: Entry $388.00 | Exit $-618.00 | Comms $1.36 | P&L $-230.00 | Status: Rolled
2026-01-26 15:22:22,461 [INFO] utils.trades: LEG ID: 48 | TSLA 20251212 455.0Call | Qty: -1
2026-01-26 15:22:22,463 [INFO] utils.trades:   > Realized: Entry $663.00 | Exit $-128.00 | Comms $1.69 | P&L $535.00 | Status: Rolled
2026-01-26 15:22:22,463 [INFO] utils.trades: LEG ID: 49 | TSLA 20251219 455.0Call | Qty: -1
2026-01-26 15:22:22,464 [INFO] utils.trades:   > Realized: Entry $713.00 | Exit $-2,520.00 | Comms $1.69 | P&L $-1,807.00 | Status: Rolled
2026-01-26 15:22:22,464 [INFO] utils.trades: LEG ID: 50 | TSLA 20260102 470.0Call | Qty: -1
2026-01-26 15:22:22,464 [INFO] utils.trades:   > Realized: Entry $2,417.00 | Exit $-2.00 | Comms $1.73 | P&L $2,415.00 | Status: Rolled
2026-01-26 15:22:22,464 [INFO] utils.trades: LEG ID: 51 | TSLA 20260109 470.0Call | Qty: -1
2026-01-26 15:22:22,464 [INFO] utils.trades:   > Realized: Entry $238.00 | Exit $-22.00 | Comms $2.10 | P&L $216.00 | Status: Rolled
2026-01-26 15:22:22,465 [INFO] utils.trades: LEG ID: 52 | TSLA 20260116 470.0Call | Qty: -1
2026-01-26 15:22:22,465 [INFO] utils.trades:   > Realized: Entry $208.00 | Exit $-23.00 | Comms $2.60 | P&L $185.00 | Status: Rolled
2026-01-26 15:22:22,465 [INFO] utils.trades: LEG ID: 53 | TSLA 20260116 455.0Call | Qty: -1
2026-01-26 15:22:22,465 [INFO] utils.trades:   > Realized: Entry $109.00 | Exit $-32.00 | Comms $2.14 | P&L $77.00 | Status: Rolled
2026-01-26 15:22:22,465 [INFO] utils.trades: LEG ID: 54 | TSLA 20260123 462.5Call | Qty: -1
2026-01-26 15:22:22,465 [INFO] utils.trades:   > Realized: Entry $272.00 | Exit $-10.00 | Comms $1.40 | P&L $262.00 | Status: Rolled
2026-01-26 15:22:22,466 [INFO] utils.trades: LEG ID: 74 | TSLA 20260123 442.5Call | Qty: -1
2026-01-26 15:22:22,466 [INFO] utils.trades:   > Realized: Entry $220.00 | Exit $-550.00 | Comms $1.40 | P&L $-330.00 | Status: Rolled
2026-01-26 15:22:22,466 [INFO] utils.trades:   > CURRENT MARKET VALUE TO LIQUIDATE: (Mark 28.34) * Qty -1 = -2,834.00
2026-01-26 15:22:22,468 [INFO] utils.trades: LEG ID: 77 | TSLA 20260220 440.0Call | Qty: -1
2026-01-26 15:22:22,469 [INFO] utils.trades:   > UNREALIZED: (Mark 28.34 - Entry 27.25) * Qty -1 = -2,834.00
2026-01-26 15:22:22,471 [INFO] utils.trades: --- SUMMARY ---
2026-01-26 15:22:22,471 [INFO] utils.trades: Initial Baseline: -4,465.40
2026-01-26 15:22:22,472 [INFO] utils.trades: Total Realized Cash: -206.13
2026-01-26 15:22:22,472 [INFO] utils.trades: Total Unrealized P&L: 0.00
2026-01-26 15:22:22,473 [INFO] utils.trades: Final True P&L: -206.13
2026-01-26 15:22:22,473 [INFO] utils.trades: --- DEBUG END ---

2026-01-26 15:22:22,488 [INFO] utils.trades:   > CURRENT MARKET VALUE TO LIQUIDATE: (Mark 3.38) * Qty -4 = -1,352.00
2026-01-26 15:22:22,488 [INFO] utils.trades: LEG ID: 55 | RKLB 20260213 80.0Put | Qty: -4
2026-01-26 15:22:22,513 [INFO] utils.trades:   > UNREALIZED: (Mark 3.38 - Entry 4.93) * Qty -4 = -1,352.00
2026-01-26 15:22:22,520 [INFO] utils.trades:   > CURRENT MARKET VALUE TO LIQUIDATE: (Mark 2.0820489119457752) * Qty 4 = 832.82
2026-01-26 15:22:22,522 [INFO] utils.trades: LEG ID: 56 | RKLB 20260213 75.0Put | Qty: 4
2026-01-26 15:22:22,525 [INFO] utils.trades:   > UNREALIZED: (Mark 2.0820489119457752 - Entry 3.13) * Qty 4 = 832.82
2026-01-26 15:22:22,525 [INFO] utils.trades: --- SUMMARY ---
2026-01-26 15:22:22,527 [INFO] utils.trades: Initial Baseline: 717.50
2026-01-26 15:22:22,528 [INFO] utils.trades: Total Realized Cash: 717.50
2026-01-26 15:22:22,528 [INFO] utils.trades: Total Unrealized P&L: -519.18
2026-01-26 15:22:22,528 [INFO] utils.trades: Final True P&L: 198.32
2026-01-26 15:22:22,528 [INFO] utils.trades: --- DEBUG END ---

2026-01-26 15:22:22,535 [INFO] utils.trades: LEG ID: 57 | NVDA 20250919 170.0Call | Qty: -1
2026-01-26 15:22:22,536 [INFO] utils.trades:   > Realized: Entry $416.00 | Exit $-632.00 | Comms $2.04 | P&L $-216.00 | Status: Rolled
2026-01-26 15:22:22,537 [INFO] utils.trades:   > CURRENT MARKET VALUE TO LIQUIDATE: (Mark 24.354095875426868) * Qty 1 = 2,435.41
2026-01-26 15:22:22,538 [INFO] utils.trades: LEG ID: 58 | NVDA 20260320 170.0Call | Qty: 1
2026-01-26 15:22:22,538 [INFO] utils.trades:   > UNREALIZED: (Mark 24.354095875426868 - Entry 21.19) * Qty 1 = 2,435.41
2026-01-26 15:22:22,538 [INFO] utils.trades: LEG ID: 59 | NVDA 20251003 175.0Call | Qty: -1
2026-01-26 15:22:22,539 [INFO] utils.trades:   > Realized: Entry $542.00 | Exit $-774.00 | Comms $1.70 | P&L $-232.00 | Status: Rolled
2026-01-26 15:22:22,541 [INFO] utils.trades: LEG ID: 60 | NVDA 20251010 177.5Call | Qty: -1
2026-01-26 15:22:22,541 [INFO] utils.trades:   > Realized: Entry $737.00 | Exit $-1,072.00 | Comms $1.41 | P&L $-335.00 | Status: Rolled
2026-01-26 15:22:22,541 [INFO] utils.trades: LEG ID: 61 | NVDA 20251031 185.0Call | Qty: -1
2026-01-26 15:22:22,541 [INFO] utils.trades:   > Realized: Entry $937.00 | Exit $-1,417.00 | Comms $1.40 | P&L $-480.00 | Status: Rolled
2026-01-26 15:22:22,543 [INFO] utils.trades: LEG ID: 62 | NVDA 20251107 190.0Call | Qty: -1
2026-01-26 15:22:22,545 [INFO] utils.trades:   > Realized: Entry $1,182.00 | Exit $-2,078.00 | Comms $1.75 | P&L $-896.00 | Status: Rolled
2026-01-26 15:22:22,545 [INFO] utils.trades: LEG ID: 63 | NVDA 20251121 200.0Call | Qty: -1
2026-01-26 15:22:22,548 [INFO] utils.trades:   > Realized: Entry $1,676.00 | Exit $-2.00 | Comms $2.10 | P&L $1,674.00 | Status: Rolled
2026-01-26 15:22:22,548 [INFO] utils.trades: LEG ID: 64 | NVDA 20251128 190.0Call | Qty: -1
2026-01-26 15:22:22,549 [INFO] utils.trades:   > Realized: Entry $156.00 | Exit $-10.00 | Comms $2.04 | P&L $146.00 | Status: Rolled
2026-01-26 15:22:22,549 [INFO] utils.trades: LEG ID: 65 | NVDA 20251128 175.0Call | Qty: -1
2026-01-26 15:22:22,549 [INFO] utils.trades:   > Realized: Entry $203.00 | Exit $-660.00 | Comms $1.69 | P&L $-457.00 | Status: Rolled
2026-01-26 15:22:22,550 [INFO] utils.trades: LEG ID: 66 | NVDA 20251205 180.0Call | Qty: -1
2026-01-26 15:22:22,551 [INFO] utils.trades:   > Realized: Entry $550.00 | Exit $-614.00 | Comms $1.37 | P&L $-64.00 | Status: Rolled
2026-01-26 15:22:22,551 [INFO] utils.trades: LEG ID: 67 | NVDA 20251219 187.0Call | Qty: -1
2026-01-26 15:22:22,553 [INFO] utils.trades:   > Realized: Entry $559.00 | Exit $-7.00 | Comms $1.88 | P&L $552.00 | Status: Rolled
2026-01-26 15:22:22,553 [INFO] utils.trades: LEG ID: 68 | NVDA 20251226 185.0Call | Qty: -1
2026-01-26 15:22:22,554 [INFO] utils.trades:   > Realized: Entry $58.00 | Exit $-571.00 | Comms $1.89 | P&L $-513.00 | Status: Rolled
2026-01-26 15:22:22,559 [INFO] utils.trades: LEG ID: 69 | NVDA 20260102 190.0Call | Qty: -1
2026-01-26 15:22:22,561 [INFO] utils.trades:   > Realized: Entry $336.00 | Exit $-94.00 | Comms $1.73 | P&L $242.00 | Status: Rolled
2026-01-26 15:22:22,563 [INFO] utils.trades: LEG ID: 70 | NVDA 20260109 192.5Call | Qty: -1
2026-01-26 15:22:22,564 [INFO] utils.trades:   > Realized: Entry $240.00 | Exit $-110.00 | Comms $2.10 | P&L $130.00 | Status: Rolled
2026-01-26 15:22:22,564 [INFO] utils.trades: LEG ID: 71 | NVDA 20260116 195.0Call | Qty: -1
2026-01-26 15:22:22,564 [INFO] utils.trades:   > Realized: Entry $211.00 | Exit $-24.00 | Comms $1.75 | P&L $187.00 | Status: Rolled
2026-01-26 15:22:22,567 [INFO] utils.trades: LEG ID: 72 | NVDA 20260123 195.0Call | Qty: -1
2026-01-26 15:22:22,567 [INFO] utils.trades:   > Realized: Entry $86.00 | Exit $-4.00 | Comms $1.75 | P&L $82.00 | Status: Rolled
2026-01-26 15:22:22,571 [INFO] utils.trades: LEG ID: 73 | NVDA 20260123 185.0Call | Qty: -1
2026-01-26 15:22:22,575 [INFO] utils.trades:   > Realized: Entry $60.00 | Exit $-280.00 | Comms $2.10 | P&L $-220.00 | Status: Rolled
2026-01-26 15:22:22,577 [INFO] utils.trades:   > CURRENT MARKET VALUE TO LIQUIDATE: (Mark 2.79) * Qty -1 = -279.00
2026-01-26 15:22:22,579 [INFO] utils.trades: LEG ID: 76 | NVDA 20260130 190.0Call | Qty: -1
2026-01-26 15:22:22,579 [INFO] utils.trades:   > UNREALIZED: (Mark 2.79 - Entry 2.9) * Qty -1 = -279.00
2026-01-26 15:22:22,579 [INFO] utils.trades: --- SUMMARY ---
2026-01-26 15:22:22,579 [INFO] utils.trades: Initial Baseline: -1,705.10
2026-01-26 15:22:22,579 [INFO] utils.trades: Total Realized Cash: -2,259.80
2026-01-26 15:22:22,580 [INFO] utils.trades: Total Unrealized P&L: 2,156.41
2026-01-26 15:22:22,580 [INFO] utils.trades: Final True P&L: -103.39
2026-01-26 15:22:22,580 [INFO] utils.trades: --- DEBUG END ---

2026-01-26 15:27:37,767 [DEBUG] __main__: Starting Open Trades page
2026-01-26 15:28:18,789 [DEBUG] __main__: Starting Open Trades page
2026-01-26 15:29:40,885 [DEBUG] __main__: Starting Open Trades page
2026-01-26 15:29:41,154 [DEBUG] __main__: get_all_open_positions() INITIATED
2026-01-26 15:29:41,157 [DEBUG] __main__: get_all_open_positions() took 0.00 seconds
2026-01-26 15:29:41,163 [DEBUG] __main__: Open Flat Trades styling INITIATED
2026-01-26 15:29:41,205 [DEBUG] __main__: Open Flat Trades styling took 0.04 seconds
2026-01-26 15:29:41,218 [INFO] utils.trades: --- SUMMARY ---
2026-01-26 15:29:41,218 [INFO] utils.trades: Initial Baseline: 626.38
2026-01-26 15:29:41,219 [INFO] utils.trades: Total Realized Cash: 626.38
2026-01-26 15:29:41,219 [INFO] utils.trades: Total Unrealized P&L: 0.00
2026-01-26 15:29:41,220 [INFO] utils.trades: Final True P&L: 626.38
2026-01-26 15:29:41,220 [INFO] utils.trades: --- DEBUG END ---

2026-01-26 15:29:41,230 [INFO] utils.trades: LEG ID: 28 | MA 20251024 560.0Call | Qty: -1
2026-01-26 15:29:41,230 [INFO] utils.trades:   > Realized: Entry $998.00 | Exit $-1,330.00 | Comms $1.40 | P&L $-332.00 | Status: Rolled
2026-01-26 15:29:41,230 [INFO] utils.trades:   > CURRENT MARKET VALUE TO LIQUIDATE: (Mark 7.723687468989272) * Qty 1 = 772.37
2026-01-26 15:29:41,231 [INFO] utils.trades: LEG ID: 29 | MA 20260320 560.0Call | Qty: 1
2026-01-26 15:29:41,231 [INFO] utils.trades:   > UNREALIZED: (Mark 7.723687468989272 - Entry 41.04) * Qty 1 = 772.37
2026-01-26 15:29:41,231 [INFO] utils.trades: LEG ID: 30 | MA 20251031 570.0Call | Qty: -1
2026-01-26 15:29:41,232 [INFO] utils.trades:   > Realized: Entry $1,333.00 | Exit $-1,551.00 | Comms $1.41 | P&L $-218.00 | Status: Rolled
2026-01-26 15:29:41,232 [INFO] utils.trades: LEG ID: 31 | MA 20251107 575.0Call | Qty: -1
2026-01-26 15:29:41,232 [INFO] utils.trades:   > Realized: Entry $1,446.00 | Exit $-19.00 | Comms $1.76 | P&L $1,427.00 | Status: Rolled
2026-01-26 15:29:41,232 [INFO] utils.trades: LEG ID: 32 | MA 20251114 560.0Call | Qty: -1
2026-01-26 15:29:41,232 [INFO] utils.trades:   > Realized: Entry $247.00 | Exit $-453.00 | Comms $2.10 | P&L $-206.00 | Status: Rolled
2026-01-26 15:29:41,233 [INFO] utils.trades: LEG ID: 33 | MA 20251121 565.0Call | Qty: -1
2026-01-26 15:29:41,233 [INFO] utils.trades:   > Realized: Entry $549.00 | Exit $-12.00 | Comms $2.10 | P&L $537.00 | Status: Rolled
2026-01-26 15:29:41,233 [INFO] utils.trades: LEG ID: 34 | MA 20251205 565.0Call | Qty: -1
2026-01-26 15:29:41,233 [INFO] utils.trades:   > Realized: Entry $217.00 | Exit $-15.00 | Comms $1.71 | P&L $202.00 | Status: Rolled
2026-01-26 15:29:41,233 [INFO] utils.trades: LEG ID: 35 | MA 20251212 562.5Call | Qty: -1
2026-01-26 15:29:41,234 [INFO] utils.trades:   > Realized: Entry $208.00 | Exit $-180.00 | Comms $1.68 | P&L $28.00 | Status: Rolled
2026-01-26 15:29:41,235 [INFO] utils.trades: LEG ID: 36 | MA 20251219 565.0Call | Qty: -1
2026-01-26 15:29:41,235 [INFO] utils.trades:   > Realized: Entry $420.00 | Exit $-1,010.00 | Comms $1.69 | P&L $-590.00 | Status: Rolled
2026-01-26 15:29:41,236 [INFO] utils.trades: LEG ID: 37 | MA 20251226 570.0Call | Qty: -1
2026-01-26 15:29:41,238 [INFO] utils.trades:   > Realized: Entry $859.00 | Exit $-996.00 | Comms $1.70 | P&L $-137.00 | Status: Rolled
2026-01-26 15:29:41,238 [INFO] utils.trades: LEG ID: 38 | MA 20260109 580.0Call | Qty: -1
2026-01-26 15:29:41,239 [INFO] utils.trades:   > Realized: Entry $700.00 | Exit $-411.00 | Comms $2.07 | P&L $289.00 | Status: Rolled
2026-01-26 15:29:41,239 [INFO] utils.trades: LEG ID: 39 | MA 20260116 587.5Call | Qty: -1
2026-01-26 15:29:41,239 [INFO] utils.trades:   > Realized: Entry $390.00 | Exit $-20.00 | Comms $2.10 | P&L $370.00 | Status: Rolled
2026-01-26 15:29:41,239 [INFO] utils.trades: LEG ID: 40 | MA 20260116 560.5Call | Qty: -1
2026-01-26 15:29:41,239 [INFO] utils.trades:   > Realized: Entry $135.00 | Exit $-9.00 | Comms $1.75 | P&L $126.00 | Status: Rolled
2026-01-26 15:29:41,239 [INFO] utils.trades: LEG ID: 41 | MA 20260123 560.0Call | Qty: -1
2026-01-26 15:29:41,240 [INFO] utils.trades:   > Realized: Entry $93.00 | Exit $-27.00 | Comms $1.75 | P&L $66.00 | Status: Rolled
2026-01-26 15:29:41,240 [INFO] utils.trades:   > CURRENT MARKET VALUE TO LIQUIDATE: (Mark 0.97) * Qty -1 = -97.00
2026-01-26 15:29:41,240 [INFO] utils.trades: LEG ID: 75 | MA 20260130 560.0Call | Qty: -1
2026-01-26 15:29:41,240 [INFO] utils.trades:   > UNREALIZED: (Mark 0.97 - Entry 1.44) * Qty -1 = -97.00
2026-01-26 15:29:41,240 [INFO] utils.trades: --- SUMMARY ---
2026-01-26 15:29:41,241 [INFO] utils.trades: Initial Baseline: -3,107.40
2026-01-26 15:29:41,241 [INFO] utils.trades: Total Realized Cash: -2,422.97
2026-01-26 15:29:41,241 [INFO] utils.trades: Total Unrealized P&L: 675.37
2026-01-26 15:29:41,241 [INFO] utils.trades: Final True P&L: -1,747.60
2026-01-26 15:29:41,241 [INFO] utils.trades: --- DEBUG END ---

2026-01-26 15:29:41,263 [INFO] utils.trades: LEG ID: 42 | TSLA 20251031 440.0Call | Qty: -1
2026-01-26 15:29:41,264 [INFO] utils.trades:   > Realized: Entry $1,210.00 | Exit $-2,532.00 | Comms $1.40 | P&L $-1,322.00 | Status: Rolled
2026-01-26 15:29:41,264 [INFO] utils.trades:   > CURRENT MARKET VALUE TO LIQUIDATE: (Mark 28.34) * Qty 1 = 2,834.00
2026-01-26 15:29:41,264 [INFO] utils.trades: LEG ID: 43 | TSLA 20260220 440.0Call | Qty: 1
2026-01-26 15:29:41,265 [INFO] utils.trades:   > UNREALIZED: (Mark 28.34 - Entry 56.74) * Qty 1 = 2,834.00
2026-01-26 15:29:41,265 [INFO] utils.trades: LEG ID: 44 | TSLA 20251107 450.0Call | Qty: -1
2026-01-26 15:29:41,266 [INFO] utils.trades:   > Realized: Entry $2,507.00 | Exit $-2,480.00 | Comms $1.41 | P&L $27.00 | Status: Rolled
2026-01-26 15:29:41,266 [INFO] utils.trades: LEG ID: 45 | TSLA 20251121 467.5Call | Qty: -1
2026-01-26 15:29:41,266 [INFO] utils.trades:   > Realized: Entry $2,525.00 | Exit $-12.00 | Comms $1.41 | P&L $2,513.00 | Status: Rolled
2026-01-26 15:29:41,267 [INFO] utils.trades: LEG ID: 46 | TSLA 20251128 440.0Call | Qty: -1
2026-01-26 15:29:41,271 [INFO] utils.trades:   > Realized: Entry $268.00 | Exit $-43.00 | Comms $1.40 | P&L $225.00 | Status: Rolled
2026-01-26 15:29:41,273 [INFO] utils.trades: LEG ID: 47 | TSLA 20251205 440.0Call | Qty: -1
2026-01-26 15:29:41,273 [INFO] utils.trades:   > Realized: Entry $388.00 | Exit $-618.00 | Comms $1.36 | P&L $-230.00 | Status: Rolled
2026-01-26 15:29:41,274 [INFO] utils.trades: LEG ID: 48 | TSLA 20251212 455.0Call | Qty: -1
2026-01-26 15:29:41,274 [INFO] utils.trades:   > Realized: Entry $663.00 | Exit $-128.00 | Comms $1.69 | P&L $535.00 | Status: Rolled
2026-01-26 15:29:41,274 [INFO] utils.trades: LEG ID: 49 | TSLA 20251219 455.0Call | Qty: -1
2026-01-26 15:29:41,274 [INFO] utils.trades:   > Realized: Entry $713.00 | Exit $-2,520.00 | Comms $1.69 | P&L $-1,807.00 | Status: Rolled
2026-01-26 15:29:41,274 [INFO] utils.trades: LEG ID: 50 | TSLA 20260102 470.0Call | Qty: -1
2026-01-26 15:29:41,275 [INFO] utils.trades:   > Realized: Entry $2,417.00 | Exit $-2.00 | Comms $1.73 | P&L $2,415.00 | Status: Rolled
2026-01-26 15:29:41,275 [INFO] utils.trades: LEG ID: 51 | TSLA 20260109 470.0Call | Qty: -1
2026-01-26 15:29:41,275 [INFO] utils.trades:   > Realized: Entry $238.00 | Exit $-22.00 | Comms $2.10 | P&L $216.00 | Status: Rolled
2026-01-26 15:29:41,275 [INFO] utils.trades: LEG ID: 52 | TSLA 20260116 470.0Call | Qty: -1
2026-01-26 15:29:41,275 [INFO] utils.trades:   > Realized: Entry $208.00 | Exit $-23.00 | Comms $2.60 | P&L $185.00 | Status: Rolled
2026-01-26 15:29:41,275 [INFO] utils.trades: LEG ID: 53 | TSLA 20260116 455.0Call | Qty: -1
2026-01-26 15:29:41,276 [INFO] utils.trades:   > Realized: Entry $109.00 | Exit $-32.00 | Comms $2.14 | P&L $77.00 | Status: Rolled
2026-01-26 15:29:41,276 [INFO] utils.trades: LEG ID: 54 | TSLA 20260123 462.5Call | Qty: -1
2026-01-26 15:29:41,276 [INFO] utils.trades:   > Realized: Entry $272.00 | Exit $-10.00 | Comms $1.40 | P&L $262.00 | Status: Rolled
2026-01-26 15:29:41,276 [INFO] utils.trades: LEG ID: 74 | TSLA 20260123 442.5Call | Qty: -1
2026-01-26 15:29:41,277 [INFO] utils.trades:   > Realized: Entry $220.00 | Exit $-550.00 | Comms $1.40 | P&L $-330.00 | Status: Rolled
2026-01-26 15:29:41,277 [INFO] utils.trades:   > CURRENT MARKET VALUE TO LIQUIDATE: (Mark 28.34) * Qty -1 = -2,834.00
2026-01-26 15:29:41,277 [INFO] utils.trades: LEG ID: 77 | TSLA 20260220 440.0Call | Qty: -1
2026-01-26 15:29:41,277 [INFO] utils.trades:   > UNREALIZED: (Mark 28.34 - Entry 27.25) * Qty -1 = -2,834.00
2026-01-26 15:29:41,277 [INFO] utils.trades: --- SUMMARY ---
2026-01-26 15:29:41,278 [INFO] utils.trades: Initial Baseline: -4,465.40
2026-01-26 15:29:41,278 [INFO] utils.trades: Total Realized Cash: -206.13
2026-01-26 15:29:41,278 [INFO] utils.trades: Total Unrealized P&L: 0.00
2026-01-26 15:29:41,278 [INFO] utils.trades: Final True P&L: -206.13
2026-01-26 15:29:41,278 [INFO] utils.trades: --- DEBUG END ---

2026-01-26 15:29:41,295 [INFO] utils.trades:   > CURRENT MARKET VALUE TO LIQUIDATE: (Mark 3.38) * Qty -4 = -1,352.00
2026-01-26 15:29:41,295 [INFO] utils.trades: LEG ID: 55 | RKLB 20260213 80.0Put | Qty: -4
2026-01-26 15:29:41,296 [INFO] utils.trades:   > UNREALIZED: (Mark 3.38 - Entry 4.93) * Qty -4 = -1,352.00
2026-01-26 15:29:41,296 [INFO] utils.trades:   > CURRENT MARKET VALUE TO LIQUIDATE: (Mark 2.0820489119457752) * Qty 4 = 832.82
2026-01-26 15:29:41,297 [INFO] utils.trades: LEG ID: 56 | RKLB 20260213 75.0Put | Qty: 4
2026-01-26 15:29:41,297 [INFO] utils.trades:   > UNREALIZED: (Mark 2.0820489119457752 - Entry 3.13) * Qty 4 = 832.82
2026-01-26 15:29:41,297 [INFO] utils.trades: --- SUMMARY ---
2026-01-26 15:29:41,297 [INFO] utils.trades: Initial Baseline: 717.50
2026-01-26 15:29:41,298 [INFO] utils.trades: Total Realized Cash: 717.50
2026-01-26 15:29:41,298 [INFO] utils.trades: Total Unrealized P&L: -519.18
2026-01-26 15:29:41,298 [INFO] utils.trades: Final True P&L: 198.32
2026-01-26 15:29:41,298 [INFO] utils.trades: --- DEBUG END ---

2026-01-26 15:29:41,310 [INFO] utils.trades: LEG ID: 57 | NVDA 20250919 170.0Call | Qty: -1
2026-01-26 15:29:41,310 [INFO] utils.trades:   > Realized: Entry $416.00 | Exit $-632.00 | Comms $2.04 | P&L $-216.00 | Status: Rolled
2026-01-26 15:29:41,310 [INFO] utils.trades:   > CURRENT MARKET VALUE TO LIQUIDATE: (Mark 24.354095875426868) * Qty 1 = 2,435.41
2026-01-26 15:29:41,311 [INFO] utils.trades: LEG ID: 58 | NVDA 20260320 170.0Call | Qty: 1
2026-01-26 15:29:41,311 [INFO] utils.trades:   > UNREALIZED: (Mark 24.354095875426868 - Entry 21.19) * Qty 1 = 2,435.41
2026-01-26 15:29:41,311 [INFO] utils.trades: LEG ID: 59 | NVDA 20251003 175.0Call | Qty: -1
2026-01-26 15:29:41,311 [INFO] utils.trades:   > Realized: Entry $542.00 | Exit $-774.00 | Comms $1.70 | P&L $-232.00 | Status: Rolled
2026-01-26 15:29:41,311 [INFO] utils.trades: LEG ID: 60 | NVDA 20251010 177.5Call | Qty: -1
2026-01-26 15:29:41,311 [INFO] utils.trades:   > Realized: Entry $737.00 | Exit $-1,072.00 | Comms $1.41 | P&L $-335.00 | Status: Rolled
2026-01-26 15:29:41,312 [INFO] utils.trades: LEG ID: 61 | NVDA 20251031 185.0Call | Qty: -1
2026-01-26 15:29:41,312 [INFO] utils.trades:   > Realized: Entry $937.00 | Exit $-1,417.00 | Comms $1.40 | P&L $-480.00 | Status: Rolled
2026-01-26 15:29:41,312 [INFO] utils.trades: LEG ID: 62 | NVDA 20251107 190.0Call | Qty: -1
2026-01-26 15:29:41,312 [INFO] utils.trades:   > Realized: Entry $1,182.00 | Exit $-2,078.00 | Comms $1.75 | P&L $-896.00 | Status: Rolled
2026-01-26 15:29:41,312 [INFO] utils.trades: LEG ID: 63 | NVDA 20251121 200.0Call | Qty: -1
2026-01-26 15:29:41,312 [INFO] utils.trades:   > Realized: Entry $1,676.00 | Exit $-2.00 | Comms $2.10 | P&L $1,674.00 | Status: Rolled
2026-01-26 15:29:41,313 [INFO] utils.trades: LEG ID: 64 | NVDA 20251128 190.0Call | Qty: -1
2026-01-26 15:29:41,313 [INFO] utils.trades:   > Realized: Entry $156.00 | Exit $-10.00 | Comms $2.04 | P&L $146.00 | Status: Rolled
2026-01-26 15:29:41,313 [INFO] utils.trades: LEG ID: 65 | NVDA 20251128 175.0Call | Qty: -1
2026-01-26 15:29:41,313 [INFO] utils.trades:   > Realized: Entry $203.00 | Exit $-660.00 | Comms $1.69 | P&L $-457.00 | Status: Rolled
2026-01-26 15:29:41,313 [INFO] utils.trades: LEG ID: 66 | NVDA 20251205 180.0Call | Qty: -1
2026-01-26 15:29:41,313 [INFO] utils.trades:   > Realized: Entry $550.00 | Exit $-614.00 | Comms $1.37 | P&L $-64.00 | Status: Rolled
2026-01-26 15:29:41,314 [INFO] utils.trades: LEG ID: 67 | NVDA 20251219 187.0Call | Qty: -1
2026-01-26 15:29:41,314 [INFO] utils.trades:   > Realized: Entry $559.00 | Exit $-7.00 | Comms $1.88 | P&L $552.00 | Status: Rolled
2026-01-26 15:29:41,314 [INFO] utils.trades: LEG ID: 68 | NVDA 20251226 185.0Call | Qty: -1
2026-01-26 15:29:41,314 [INFO] utils.trades:   > Realized: Entry $58.00 | Exit $-571.00 | Comms $1.89 | P&L $-513.00 | Status: Rolled
2026-01-26 15:29:41,314 [INFO] utils.trades: LEG ID: 69 | NVDA 20260102 190.0Call | Qty: -1
2026-01-26 15:29:41,314 [INFO] utils.trades:   > Realized: Entry $336.00 | Exit $-94.00 | Comms $1.73 | P&L $242.00 | Status: Rolled
2026-01-26 15:29:41,315 [INFO] utils.trades: LEG ID: 70 | NVDA 20260109 192.5Call | Qty: -1
2026-01-26 15:29:41,315 [INFO] utils.trades:   > Realized: Entry $240.00 | Exit $-110.00 | Comms $2.10 | P&L $130.00 | Status: Rolled
2026-01-26 15:29:41,315 [INFO] utils.trades: LEG ID: 71 | NVDA 20260116 195.0Call | Qty: -1
2026-01-26 15:29:41,315 [INFO] utils.trades:   > Realized: Entry $211.00 | Exit $-24.00 | Comms $1.75 | P&L $187.00 | Status: Rolled
2026-01-26 15:29:41,315 [INFO] utils.trades: LEG ID: 72 | NVDA 20260123 195.0Call | Qty: -1
2026-01-26 15:29:41,315 [INFO] utils.trades:   > Realized: Entry $86.00 | Exit $-4.00 | Comms $1.75 | P&L $82.00 | Status: Rolled
2026-01-26 15:29:41,315 [INFO] utils.trades: LEG ID: 73 | NVDA 20260123 185.0Call | Qty: -1
2026-01-26 15:29:41,316 [INFO] utils.trades:   > Realized: Entry $60.00 | Exit $-280.00 | Comms $2.10 | P&L $-220.00 | Status: Rolled
2026-01-26 15:29:41,316 [INFO] utils.trades:   > CURRENT MARKET VALUE TO LIQUIDATE: (Mark 2.79) * Qty -1 = -279.00
2026-01-26 15:29:41,317 [INFO] utils.trades: LEG ID: 76 | NVDA 20260130 190.0Call | Qty: -1
2026-01-26 15:29:41,320 [INFO] utils.trades:   > UNREALIZED: (Mark 2.79 - Entry 2.9) * Qty -1 = -279.00
2026-01-26 15:29:41,322 [INFO] utils.trades: --- SUMMARY ---
2026-01-26 15:29:41,322 [INFO] utils.trades: Initial Baseline: -1,705.10
2026-01-26 15:29:41,322 [INFO] utils.trades: Total Realized Cash: -2,259.80
2026-01-26 15:29:41,323 [INFO] utils.trades: Total Unrealized P&L: 2,156.41
2026-01-26 15:29:41,323 [INFO] utils.trades: Final True P&L: -103.39
2026-01-26 15:29:41,323 [INFO] utils.trades: --- DEBUG END ---

2026-01-26 15:29:53,824 [DEBUG] __main__: Starting Open Trades page
2026-01-26 15:29:54,074 [DEBUG] __main__: get_all_open_positions() INITIATED
2026-01-26 15:29:54,076 [DEBUG] __main__: Fetching positions (Refresh Count: {refresh_count})
2026-01-26 15:29:54,080 [DEBUG] utils.trades: 
--- DATABASE FETCH DEBUG ---
2026-01-26 15:29:54,080 [DEBUG] utils.trades: Group ID 5: Total Legs Found: 2 | Statuses: ['Active', 'Active']
2026-01-26 15:29:54,080 [DEBUG] utils.trades: Group ID 9: Total Legs Found: 15 | Statuses: ['Active', 'Active', 'Rolled', 'Rolled', 'Rolled', 'Rolled', 'Rolled', 'Rolled', 'Rolled', 'Rolled', 'Rolled', 'Rolled', 'Rolled', 'Rolled', 'Rolled']
2026-01-26 15:29:54,081 [DEBUG] utils.trades: Group ID 10: Total Legs Found: 15 | Statuses: ['Active', 'Active', 'Rolled', 'Rolled', 'Rolled', 'Rolled', 'Rolled', 'Rolled', 'Rolled', 'Rolled', 'Rolled', 'Rolled', 'Rolled', 'Rolled', 'Rolled']
2026-01-26 15:29:54,081 [DEBUG] utils.trades: Group ID 11: Total Legs Found: 2 | Statuses: ['Active', 'Active']
2026-01-26 15:29:54,081 [DEBUG] utils.trades: Group ID 12: Total Legs Found: 18 | Statuses: ['Active', 'Active', 'Rolled', 'Rolled', 'Rolled', 'Rolled', 'Rolled', 'Rolled', 'Rolled', 'Rolled', 'Rolled', 'Rolled', 'Rolled', 'Rolled', 'Rolled', 'Rolled', 'Rolled', 'Rolled']
2026-01-26 15:29:54,081 [INFO] utils.trades: Fetching live option quote for CRWD 20260220 435.0P
2026-01-26 15:29:54,081 [INFO] utils.quote_manager: [get_quote] START symbol=CRWD, expiry=20260220, strike=435.0, right=P
2026-01-26 15:29:54,404 [INFO] utils.quote_manager: [get_quote] Request the right market data: session=closed
2026-01-26 15:29:54,406 [INFO] utils.quote_manager: [subscribe-get_quote] CRWD | Price Found: True (9.971921468987242) | Greeks Source: modelGreeks | IV: 0.36594781113938996
2026-01-26 15:29:54,407 [INFO] utils.quote_manager: [subscribe-get_quote] Full data ready for CRWD
2026-01-26 15:29:54,408 [DEBUG] utils.trades: get_quote() took 0.33 seconds
2026-01-26 15:29:54,408 [DEBUG] utils.trades: Received option quote for CRWD 20260220 435.0P: 9.971921468987242
2026-01-26 15:29:54,409 [DEBUG] utils.trades: Fetching live stock quote (in options) for CRWD
2026-01-26 15:29:54,409 [INFO] utils.quote_manager: [get_quote] START symbol=CRWD, expiry=None, strike=None, right=None
2026-01-26 15:29:55,139 [INFO] utils.quote_manager: [get_quote] Request the right market data: session=closed
2026-01-26 15:29:55,142 [INFO] utils.quote_manager: [subscribe-get_quote] CRWD | Price Found: True (452.5) | Greeks Source: None | IV: N/A
2026-01-26 15:29:55,144 [INFO] utils.quote_manager: [subscribe-get_quote] Full data ready for CRWD
2026-01-26 15:29:55,145 [DEBUG] utils.trades: get_quote() took 0.74 seconds
2026-01-26 15:29:55,148 [DEBUG] utils.trades: Received stock quote (in options) for CRWD: 452.5
2026-01-26 15:29:55,162 [INFO] utils.trades: Fetching live option quote for CRWD 20260206 470.0P
2026-01-26 15:29:55,166 [INFO] utils.quote_manager: [get_quote] START symbol=CRWD, expiry=20260206, strike=470.0, right=P
2026-01-26 15:29:55,675 [INFO] utils.quote_manager: [get_quote] Request the right market data: session=closed
2026-01-26 15:30:00,718 [WARNING] utils.quote_manager: [subscribe_get_quote] TIMEOUT for CRWD after 5.04s: last=nan, bid=-1.0, ask=-1.0, mg=None
2026-01-26 15:30:00,723 [DEBUG] utils.trades: get_quote() took 5.56 seconds
2026-01-26 15:30:00,723 [DEBUG] utils.trades: Received option quote for CRWD 20260206 470.0P: 22.77
2026-01-26 15:30:00,723 [DEBUG] utils.trades: Fetching live stock quote (in options) for CRWD
2026-01-26 15:30:00,723 [INFO] utils.quote_manager: [get_quote] START symbol=CRWD, expiry=None, strike=None, right=None
2026-01-26 15:30:00,848 [INFO] utils.quote_manager: [get_quote] Request the right market data: session=closed
2026-01-26 15:30:00,849 [INFO] utils.quote_manager: [subscribe-get_quote] CRWD | Price Found: True (452.5) | Greeks Source: None | IV: N/A
2026-01-26 15:30:00,850 [INFO] utils.quote_manager: [subscribe-get_quote] Full data ready for CRWD
2026-01-26 15:30:00,852 [DEBUG] utils.trades: get_quote() took 0.13 seconds
2026-01-26 15:30:00,852 [DEBUG] utils.trades: Received stock quote (in options) for CRWD: 452.5
2026-01-26 15:30:00,853 [DEBUG] utils.trades: Fetching live stock quote for INTC
2026-01-26 15:30:00,854 [INFO] utils.quote_manager: [get_quote] START symbol=INTC, expiry=None, strike=None, right=None
2026-01-26 15:30:00,961 [INFO] utils.quote_manager: [get_quote] Request the right market data: session=closed
2026-01-26 15:30:00,961 [INFO] utils.quote_manager: [subscribe-get_quote] INTC | Price Found: True (44.2) | Greeks Source: None | IV: N/A
2026-01-26 15:30:00,962 [INFO] utils.quote_manager: [subscribe-get_quote] Full data ready for INTC
2026-01-26 15:30:00,962 [DEBUG] utils.trades: get_quote() took 0.11 seconds
2026-01-26 15:30:00,962 [DEBUG] utils.trades: Received stock quote for INTC: 44.2
2026-01-26 15:30:00,962 [INFO] utils.trades: Fetching live option quote for TSLA 20260130 495.0C
2026-01-26 15:30:00,963 [INFO] utils.quote_manager: [get_quote] START symbol=TSLA, expiry=20260130, strike=495.0, right=C
2026-01-26 15:30:01,081 [INFO] utils.quote_manager: [get_quote] Request the right market data: session=closed
2026-01-26 15:30:01,082 [INFO] utils.quote_manager: [subscribe-get_quote] TSLA | Price Found: True (1.826318490864032) | Greeks Source: modelGreeks | IV: 0.5577525638506
2026-01-26 15:30:01,082 [INFO] utils.quote_manager: [subscribe-get_quote] Full data ready for TSLA
2026-01-26 15:30:01,082 [DEBUG] utils.trades: get_quote() took 0.12 seconds
2026-01-26 15:30:01,082 [DEBUG] utils.trades: Received option quote for TSLA 20260130 495.0C: 1.826318490864032
2026-01-26 15:30:01,082 [DEBUG] utils.trades: Fetching live stock quote (in options) for TSLA
2026-01-26 15:30:01,082 [INFO] utils.quote_manager: [get_quote] START symbol=TSLA, expiry=None, strike=None, right=None
2026-01-26 15:30:01,191 [INFO] utils.quote_manager: [get_quote] Request the right market data: session=closed
2026-01-26 15:30:01,192 [INFO] utils.quote_manager: [subscribe-get_quote] TSLA | Price Found: True (444.59) | Greeks Source: None | IV: N/A
2026-01-26 15:30:01,192 [INFO] utils.quote_manager: [subscribe-get_quote] Full data ready for TSLA
2026-01-26 15:30:01,192 [DEBUG] utils.trades: get_quote() took 0.11 seconds
2026-01-26 15:30:01,192 [DEBUG] utils.trades: Received stock quote (in options) for TSLA: 444.59
2026-01-26 15:30:01,193 [INFO] utils.trades: Fetching live option quote for SNDK 20260213 320.0P
2026-01-26 15:30:01,195 [INFO] utils.quote_manager: [get_quote] START symbol=SNDK, expiry=20260213, strike=320.0, right=P
2026-01-26 15:30:01,305 [INFO] utils.quote_manager: [get_quote] Request the right market data: session=closed
2026-01-26 15:30:01,305 [INFO] utils.quote_manager: [subscribe-get_quote] SNDK | Price Found: True (4.088220536536835) | Greeks Source: modelGreeks | IV: 1.1854821174707495
2026-01-26 15:30:01,306 [INFO] utils.quote_manager: [subscribe-get_quote] Full data ready for SNDK
2026-01-26 15:30:01,306 [DEBUG] utils.trades: get_quote() took 0.11 seconds
2026-01-26 15:30:01,306 [DEBUG] utils.trades: Received option quote for SNDK 20260213 320.0P: 4.088220536536835
2026-01-26 15:30:01,306 [DEBUG] utils.trades: Fetching live stock quote (in options) for SNDK
2026-01-26 15:30:01,306 [INFO] utils.quote_manager: [get_quote] START symbol=SNDK, expiry=None, strike=None, right=None
2026-01-26 15:30:01,414 [INFO] utils.quote_manager: [get_quote] Request the right market data: session=closed
2026-01-26 15:30:01,415 [INFO] utils.quote_manager: [subscribe-get_quote] SNDK | Price Found: True (466.0) | Greeks Source: None | IV: N/A
2026-01-26 15:30:01,415 [INFO] utils.quote_manager: [subscribe-get_quote] Full data ready for SNDK
2026-01-26 15:30:01,415 [DEBUG] utils.trades: get_quote() took 0.11 seconds
2026-01-26 15:30:01,415 [DEBUG] utils.trades: Received stock quote (in options) for SNDK: 466.0
2026-01-26 15:30:01,416 [INFO] utils.trades: Fetching live option quote for TSLA 20260130 465.0C
2026-01-26 15:30:01,416 [INFO] utils.quote_manager: [get_quote] START symbol=TSLA, expiry=20260130, strike=465.0, right=C
2026-01-26 15:30:01,519 [INFO] utils.quote_manager: [get_quote] Request the right market data: session=closed
2026-01-26 15:30:06,566 [WARNING] utils.quote_manager: [subscribe_get_quote] TIMEOUT for TSLA after 5.05s: last=nan, bid=-1.0, ask=-1.0, mg=None
2026-01-26 15:30:06,570 [DEBUG] utils.trades: get_quote() took 5.15 seconds
2026-01-26 15:30:06,570 [DEBUG] utils.trades: Received option quote for TSLA 20260130 465.0C: 7.7
2026-01-26 15:30:06,573 [DEBUG] utils.trades: Fetching live stock quote (in options) for TSLA
2026-01-26 15:30:06,576 [INFO] utils.quote_manager: [get_quote] START symbol=TSLA, expiry=None, strike=None, right=None
2026-01-26 15:30:06,695 [INFO] utils.quote_manager: [get_quote] Request the right market data: session=closed
2026-01-26 15:30:06,700 [INFO] utils.quote_manager: [subscribe-get_quote] TSLA | Price Found: True (444.59) | Greeks Source: None | IV: N/A
2026-01-26 15:30:06,704 [INFO] utils.quote_manager: [subscribe-get_quote] Full data ready for TSLA
2026-01-26 15:30:06,709 [DEBUG] utils.trades: get_quote() took 0.14 seconds
2026-01-26 15:30:06,716 [DEBUG] utils.trades: Received stock quote (in options) for TSLA: 444.59
2026-01-26 15:30:06,725 [INFO] utils.trades: Fetching live option quote for ANET 20260206 115.0P
2026-01-26 15:30:06,725 [INFO] utils.quote_manager: [get_quote] START symbol=ANET, expiry=20260206, strike=115.0, right=P
2026-01-26 15:30:06,857 [INFO] utils.quote_manager: [get_quote] Request the right market data: session=closed
2026-01-26 15:30:11,901 [WARNING] utils.quote_manager: [subscribe_get_quote] TIMEOUT for ANET after 5.04s: last=nan, bid=-1.0, ask=-1.0, mg=None
2026-01-26 15:30:11,903 [DEBUG] utils.trades: get_quote() took 5.18 seconds
2026-01-26 15:30:11,904 [DEBUG] utils.trades: Received option quote for ANET 20260206 115.0P: 0.37
2026-01-26 15:30:11,904 [DEBUG] utils.trades: Fetching live stock quote (in options) for ANET
2026-01-26 15:30:11,905 [INFO] utils.quote_manager: [get_quote] START symbol=ANET, expiry=None, strike=None, right=None
2026-01-26 15:30:12,222 [INFO] utils.quote_manager: [get_quote] Request the right market data: session=closed
2026-01-26 15:30:12,225 [INFO] utils.quote_manager: [subscribe-get_quote] ANET | Price Found: True (134.0) | Greeks Source: None | IV: N/A
2026-01-26 15:30:12,228 [INFO] utils.quote_manager: [subscribe-get_quote] Full data ready for ANET
2026-01-26 15:30:12,233 [DEBUG] utils.trades: get_quote() took 0.33 seconds
2026-01-26 15:30:12,239 [DEBUG] utils.trades: Received stock quote (in options) for ANET: 134.0
2026-01-26 15:30:12,246 [DEBUG] utils.trades: Fetching live stock quote for SNDK
2026-01-26 15:30:12,247 [INFO] utils.quote_manager: [get_quote] START symbol=SNDK, expiry=None, strike=None, right=None
2026-01-26 15:30:12,399 [INFO] utils.quote_manager: [get_quote] Request the right market data: session=closed
2026-01-26 15:30:12,401 [INFO] utils.quote_manager: [subscribe-get_quote] SNDK | Price Found: True (466.0) | Greeks Source: None | IV: N/A
2026-01-26 15:30:12,403 [INFO] utils.quote_manager: [subscribe-get_quote] Full data ready for SNDK
2026-01-26 15:30:12,404 [DEBUG] utils.trades: get_quote() took 0.16 seconds
2026-01-26 15:30:12,405 [DEBUG] utils.trades: Received stock quote for SNDK: 466.0
2026-01-26 15:30:12,408 [INFO] utils.trades: Fetching live option quote for TSM 20260206 300.0P
2026-01-26 15:30:12,409 [INFO] utils.quote_manager: [get_quote] START symbol=TSM, expiry=20260206, strike=300.0, right=P
2026-01-26 15:30:12,864 [INFO] utils.quote_manager: [get_quote] Request the right market data: session=closed
2026-01-26 15:30:12,878 [INFO] utils.quote_manager: [subscribe-get_quote] TSM | Price Found: True (0.8501488914791606) | Greeks Source: modelGreeks | IV: 0.3998051010475681
2026-01-26 15:30:12,932 [INFO] utils.quote_manager: [subscribe-get_quote] Full data ready for TSM
2026-01-26 15:30:12,955 [DEBUG] utils.trades: get_quote() took 0.55 seconds
2026-01-26 15:30:12,993 [DEBUG] utils.trades: Received option quote for TSM 20260206 300.0P: 0.8501488914791606
2026-01-26 15:30:12,995 [DEBUG] utils.trades: Fetching live stock quote (in options) for TSM
2026-01-26 15:30:12,996 [INFO] utils.quote_manager: [get_quote] START symbol=TSM, expiry=None, strike=None, right=None
2026-01-26 15:30:13,276 [INFO] utils.quote_manager: [get_quote] Request the right market data: session=closed
2026-01-26 15:30:13,279 [INFO] utils.quote_manager: [subscribe-get_quote] TSM | Price Found: True (332.76) | Greeks Source: None | IV: N/A
2026-01-26 15:30:13,280 [INFO] utils.quote_manager: [subscribe-get_quote] Full data ready for TSM
2026-01-26 15:30:13,280 [DEBUG] utils.trades: get_quote() took 0.29 seconds
2026-01-26 15:30:13,281 [DEBUG] utils.trades: Received stock quote (in options) for TSM: 332.76
2026-01-26 15:30:13,283 [INFO] utils.trades: Fetching live option quote for APLD 20260206 25.5P
2026-01-26 15:30:13,287 [INFO] utils.quote_manager: [get_quote] START symbol=APLD, expiry=20260206, strike=25.5, right=P
2026-01-26 15:30:13,593 [INFO] utils.quote_manager: [get_quote] Request the right market data: session=closed
2026-01-26 15:30:13,597 [INFO] utils.quote_manager: [subscribe-get_quote] APLD | Price Found: True (0.12714381787213436) | Greeks Source: modelGreeks | IV: 1.1715316637509519
2026-01-26 15:30:13,598 [INFO] utils.quote_manager: [subscribe-get_quote] Full data ready for APLD
2026-01-26 15:30:13,599 [DEBUG] utils.trades: get_quote() took 0.32 seconds
2026-01-26 15:30:13,614 [DEBUG] utils.trades: Received option quote for APLD 20260206 25.5P: 0.12714381787213436
2026-01-26 15:30:13,639 [DEBUG] utils.trades: Fetching live stock quote (in options) for APLD
2026-01-26 15:30:13,644 [INFO] utils.quote_manager: [get_quote] START symbol=APLD, expiry=None, strike=None, right=None
2026-01-26 15:30:14,138 [INFO] utils.quote_manager: [get_quote] Request the right market data: session=closed
2026-01-26 15:30:14,140 [INFO] utils.quote_manager: [subscribe-get_quote] APLD | Price Found: True (37.12) | Greeks Source: None | IV: N/A
2026-01-26 15:30:14,140 [INFO] utils.quote_manager: [subscribe-get_quote] Full data ready for APLD
2026-01-26 15:30:14,141 [DEBUG] utils.trades: get_quote() took 0.50 seconds
2026-01-26 15:30:14,142 [DEBUG] utils.trades: Received stock quote (in options) for APLD: 37.12
2026-01-26 15:30:14,143 [INFO] utils.trades: Fetching live option quote for AMD 20260130 255.0C
2026-01-26 15:30:14,145 [INFO] utils.quote_manager: [get_quote] START symbol=AMD, expiry=20260130, strike=255.0, right=C
2026-01-26 15:30:14,344 [INFO] utils.quote_manager: [get_quote] Request the right market data: session=closed
2026-01-26 15:30:14,346 [INFO] utils.quote_manager: [subscribe-get_quote] AMD | Price Found: True (10.498249898704527) | Greeks Source: modelGreeks | IV: 0.5508214533047111
2026-01-26 15:30:14,347 [INFO] utils.quote_manager: [subscribe-get_quote] Full data ready for AMD
2026-01-26 15:30:14,347 [DEBUG] utils.trades: get_quote() took 0.20 seconds
2026-01-26 15:30:14,347 [DEBUG] utils.trades: Received option quote for AMD 20260130 255.0C: 10.498249898704527
2026-01-26 15:30:14,348 [DEBUG] utils.trades: Fetching live stock quote (in options) for AMD
2026-01-26 15:30:14,348 [INFO] utils.quote_manager: [get_quote] START symbol=AMD, expiry=None, strike=None, right=None
2026-01-26 15:30:14,819 [INFO] utils.quote_manager: [get_quote] Request the right market data: session=closed
2026-01-26 15:30:14,824 [INFO] utils.quote_manager: [subscribe-get_quote] AMD | Price Found: True (258.38) | Greeks Source: None | IV: N/A
2026-01-26 15:30:14,826 [INFO] utils.quote_manager: [subscribe-get_quote] Full data ready for AMD
2026-01-26 15:30:14,828 [DEBUG] utils.trades: get_quote() took 0.48 seconds
2026-01-26 15:30:14,831 [DEBUG] utils.trades: Received stock quote (in options) for AMD: 258.38
2026-01-26 15:30:14,845 [INFO] utils.trades: Fetching live option quote for IREN 20260130 36.0P
2026-01-26 15:30:14,848 [INFO] utils.quote_manager: [get_quote] START symbol=IREN, expiry=20260130, strike=36.0, right=P
2026-01-26 15:30:15,643 [INFO] utils.quote_manager: [get_quote] Request the right market data: session=closed
2026-01-26 15:30:15,652 [INFO] utils.quote_manager: [subscribe-get_quote] IREN | Price Found: True (0.17210942408160937) | Greeks Source: modelGreeks | IV: 1.8480884558990454
2026-01-26 15:30:15,680 [INFO] utils.quote_manager: [subscribe-get_quote] Full data ready for IREN
2026-01-26 15:30:15,690 [DEBUG] utils.trades: get_quote() took 0.84 seconds
2026-01-26 15:30:15,717 [DEBUG] utils.trades: Received option quote for IREN 20260130 36.0P: 0.17210942408160937
2026-01-26 15:30:15,727 [DEBUG] utils.trades: Fetching live stock quote (in options) for IREN
2026-01-26 15:30:15,742 [INFO] utils.quote_manager: [get_quote] START symbol=IREN, expiry=None, strike=None, right=None
2026-01-26 15:30:16,591 [INFO] utils.quote_manager: [get_quote] Request the right market data: session=closed
2026-01-26 15:30:16,592 [INFO] utils.quote_manager: [subscribe-get_quote] IREN | Price Found: True (55.3) | Greeks Source: None | IV: N/A
2026-01-26 15:30:16,594 [INFO] utils.quote_manager: [subscribe-get_quote] Full data ready for IREN
2026-01-26 15:30:16,596 [DEBUG] utils.trades: get_quote() took 0.87 seconds
2026-01-26 15:30:16,597 [DEBUG] utils.trades: Received stock quote (in options) for IREN: 55.3
2026-01-26 15:30:16,604 [DEBUG] utils.trades: Fetching live stock quote for TSLA
2026-01-26 15:30:16,606 [INFO] utils.quote_manager: [get_quote] START symbol=TSLA, expiry=None, strike=None, right=None
2026-01-26 15:30:16,862 [INFO] utils.quote_manager: [get_quote] Request the right market data: session=closed
2026-01-26 15:30:16,864 [INFO] utils.quote_manager: [subscribe-get_quote] TSLA | Price Found: True (444.59) | Greeks Source: None | IV: N/A
2026-01-26 15:30:16,865 [INFO] utils.quote_manager: [subscribe-get_quote] Full data ready for TSLA
2026-01-26 15:30:16,866 [DEBUG] utils.trades: get_quote() took 0.26 seconds
2026-01-26 15:30:16,867 [DEBUG] utils.trades: Received stock quote for TSLA: 444.59
2026-01-26 15:30:16,868 [INFO] utils.trades: Fetching live option quote for CLS 20260130 275.0P
2026-01-26 15:30:16,868 [INFO] utils.quote_manager: [get_quote] START symbol=CLS, expiry=20260130, strike=275.0, right=P
2026-01-26 15:30:17,212 [INFO] utils.quote_manager: [get_quote] Request the right market data: session=closed
2026-01-26 15:30:17,225 [INFO] utils.quote_manager: [subscribe-get_quote] CLS | Price Found: True (8.136193588593914) | Greeks Source: modelGreeks | IV: 1.206155518967917
2026-01-26 15:30:17,248 [INFO] utils.quote_manager: [subscribe-get_quote] Full data ready for CLS
2026-01-26 15:30:17,282 [DEBUG] utils.trades: get_quote() took 0.41 seconds
2026-01-26 15:30:17,309 [DEBUG] utils.trades: Received option quote for CLS 20260130 275.0P: 8.136193588593914
2026-01-26 15:30:17,314 [DEBUG] utils.trades: Fetching live stock quote (in options) for CLS
2026-01-26 15:30:17,327 [INFO] utils.quote_manager: [get_quote] START symbol=CLS, expiry=None, strike=None, right=None
2026-01-26 15:30:17,958 [INFO] utils.quote_manager: [get_quote] Request the right market data: session=closed
2026-01-26 15:30:17,960 [INFO] utils.quote_manager: [subscribe-get_quote] CLS | Price Found: True (297.0) | Greeks Source: None | IV: N/A
2026-01-26 15:30:17,962 [INFO] utils.quote_manager: [subscribe-get_quote] Full data ready for CLS
2026-01-26 15:30:17,962 [DEBUG] utils.trades: get_quote() took 0.65 seconds
2026-01-26 15:30:17,963 [DEBUG] utils.trades: Received stock quote (in options) for CLS: 297.0
2026-01-26 15:30:17,964 [INFO] utils.trades: Fetching live option quote for ONDS 20260130 7.5P
2026-01-26 15:30:17,966 [INFO] utils.quote_manager: [get_quote] START symbol=ONDS, expiry=20260130, strike=7.5, right=P
2026-01-26 15:30:18,152 [INFO] utils.quote_manager: [get_quote] Request the right market data: session=closed
2026-01-26 15:30:18,164 [INFO] utils.quote_manager: [subscribe-get_quote] ONDS | Price Found: True (0.010309048399622649) | Greeks Source: modelGreeks | IV: 1.5966922910214663
2026-01-26 15:30:18,171 [INFO] utils.quote_manager: [subscribe-get_quote] Full data ready for ONDS
2026-01-26 15:30:18,177 [DEBUG] utils.trades: get_quote() took 0.21 seconds
2026-01-26 15:30:18,183 [DEBUG] utils.trades: Received option quote for ONDS 20260130 7.5P: 0.010309048399622649
2026-01-26 15:30:18,185 [DEBUG] utils.trades: Fetching live stock quote (in options) for ONDS
2026-01-26 15:30:18,189 [INFO] utils.quote_manager: [get_quote] START symbol=ONDS, expiry=None, strike=None, right=None
2026-01-26 15:30:18,363 [INFO] utils.quote_manager: [get_quote] Request the right market data: session=closed
2026-01-26 15:30:18,365 [INFO] utils.quote_manager: [subscribe-get_quote] ONDS | Price Found: True (11.98) | Greeks Source: None | IV: N/A
2026-01-26 15:30:18,371 [INFO] utils.quote_manager: [subscribe-get_quote] Full data ready for ONDS
2026-01-26 15:30:18,382 [DEBUG] utils.trades: get_quote() took 0.20 seconds
2026-01-26 15:30:18,390 [DEBUG] utils.trades: Received stock quote (in options) for ONDS: 11.98
2026-01-26 15:30:18,392 [INFO] utils.trades: Fetching live option quote for HOOD 20260130 115.0P
2026-01-26 15:30:18,395 [INFO] utils.quote_manager: [get_quote] START symbol=HOOD, expiry=20260130, strike=115.0, right=P
2026-01-26 15:30:18,712 [INFO] utils.quote_manager: [get_quote] Request the right market data: session=closed
2026-01-26 15:30:18,722 [INFO] utils.quote_manager: [subscribe-get_quote] HOOD | Price Found: True (8.548162504489396) | Greeks Source: modelGreeks | IV: 0.48923327526361143
2026-01-26 15:30:18,749 [INFO] utils.quote_manager: [subscribe-get_quote] Full data ready for HOOD
2026-01-26 15:30:18,778 [DEBUG] utils.trades: get_quote() took 0.39 seconds
2026-01-26 15:30:18,786 [DEBUG] utils.trades: Received option quote for HOOD 20260130 115.0P: 8.548162504489396
2026-01-26 15:30:18,819 [DEBUG] utils.trades: Fetching live stock quote (in options) for HOOD
2026-01-26 15:30:18,823 [INFO] utils.quote_manager: [get_quote] START symbol=HOOD, expiry=None, strike=None, right=None
2026-01-26 15:30:19,564 [INFO] utils.quote_manager: [get_quote] Request the right market data: session=closed
2026-01-26 15:30:19,587 [INFO] utils.quote_manager: [subscribe-get_quote] HOOD | Price Found: True (105.6) | Greeks Source: None | IV: N/A
2026-01-26 15:30:19,593 [INFO] utils.quote_manager: [subscribe-get_quote] Full data ready for HOOD
2026-01-26 15:30:19,608 [DEBUG] utils.trades: get_quote() took 0.79 seconds
2026-01-26 15:30:19,609 [DEBUG] utils.trades: Received stock quote (in options) for HOOD: 105.6
2026-01-26 15:30:19,612 [INFO] utils.trades: Fetching live option quote for VIX 20260818 13.5C
2026-01-26 15:30:19,615 [INFO] utils.quote_manager: [get_quote] START symbol=VIX, expiry=20260818, strike=13.5, right=C
2026-01-26 15:30:20,129 [INFO] utils.quote_manager: [get_quote] Request the right market data: session=closed
2026-01-26 15:30:20,131 [INFO] utils.quote_manager: [subscribe-get_quote] VIX | Price Found: True (7.6) | Greeks Source: modelGreeks | IV: 0.3913177976132116
2026-01-26 15:30:20,138 [INFO] utils.quote_manager: [subscribe-get_quote] Full data ready for VIX
2026-01-26 15:30:20,142 [DEBUG] utils.trades: get_quote() took 0.53 seconds
2026-01-26 15:30:20,146 [DEBUG] utils.trades: Received option quote for VIX 20260818 13.5C: 7.6
2026-01-26 15:30:20,149 [DEBUG] utils.trades: Fetching live stock quote (in options) for VIX
2026-01-26 15:30:20,156 [INFO] utils.quote_manager: [get_quote] START symbol=VIX, expiry=None, strike=None, right=None
2026-01-26 15:30:20,368 [INFO] utils.quote_manager: [get_quote] Request the right market data: session=closed
2026-01-26 15:30:20,370 [INFO] utils.quote_manager: [subscribe] built contract=Stock(symbol='VIX', exchange='SMART', currency='USD') for ('VIX', None, None, None, 0)
2026-01-26 15:30:22,381 [WARNING] utils.quote_manager: [safe_qualify] Qualification failed for VIX: 
2026-01-26 15:30:22,381 [ERROR] utils.quote_manager: [subscribe] All exchanges failed for ('VIX', None, None, None, 0)
2026-01-26 15:30:22,382 [ERROR] utils.quote_manager: [get_quote] ticker is None for ('VIX', None, None, None, 0)
2026-01-26 15:30:22,382 [DEBUG] utils.trades: get_quote() took 2.23 seconds
2026-01-26 15:30:22,382 [DEBUG] utils.trades: Received stock quote (in options) for VIX: None
2026-01-26 15:30:22,383 [DEBUG] utils.trades: Fetching live stock quote for TSLA
2026-01-26 15:30:22,383 [INFO] utils.quote_manager: [get_quote] START symbol=TSLA, expiry=None, strike=None, right=None
2026-01-26 15:30:22,499 [INFO] utils.quote_manager: [get_quote] Request the right market data: session=closed
2026-01-26 15:30:22,500 [INFO] utils.quote_manager: [subscribe-get_quote] TSLA | Price Found: True (444.59) | Greeks Source: None | IV: N/A
2026-01-26 15:30:22,500 [INFO] utils.quote_manager: [subscribe-get_quote] Full data ready for TSLA
2026-01-26 15:30:22,500 [DEBUG] utils.trades: get_quote() took 0.12 seconds
2026-01-26 15:30:22,501 [DEBUG] utils.trades: Received stock quote for TSLA: 444.59
2026-01-26 15:30:22,501 [DEBUG] utils.trades: Fetching live stock quote for AAPL
2026-01-26 15:30:22,502 [INFO] utils.quote_manager: [get_quote] START symbol=AAPL, expiry=None, strike=None, right=None
2026-01-26 15:30:22,623 [INFO] utils.quote_manager: [get_quote] Request the right market data: session=closed
2026-01-26 15:30:22,623 [INFO] utils.quote_manager: [subscribe-get_quote] AAPL | Price Found: True (248.29) | Greeks Source: None | IV: N/A
2026-01-26 15:30:22,624 [INFO] utils.quote_manager: [subscribe-get_quote] Full data ready for AAPL
2026-01-26 15:30:22,624 [DEBUG] utils.trades: get_quote() took 0.12 seconds
2026-01-26 15:30:22,624 [DEBUG] utils.trades: Received stock quote for AAPL: 248.29
2026-01-26 15:30:22,624 [DEBUG] utils.trades: Fetching live stock quote for AMD
2026-01-26 15:30:22,624 [INFO] utils.quote_manager: [get_quote] START symbol=AMD, expiry=None, strike=None, right=None
2026-01-26 15:30:22,754 [INFO] utils.quote_manager: [get_quote] Request the right market data: session=closed
2026-01-26 15:30:22,754 [INFO] utils.quote_manager: [subscribe-get_quote] AMD | Price Found: True (258.38) | Greeks Source: None | IV: N/A
2026-01-26 15:30:22,754 [INFO] utils.quote_manager: [subscribe-get_quote] Full data ready for AMD
2026-01-26 15:30:22,754 [DEBUG] utils.trades: get_quote() took 0.13 seconds
2026-01-26 15:30:22,755 [DEBUG] utils.trades: Received stock quote for AMD: 258.38
2026-01-26 15:30:22,755 [DEBUG] utils.trades: Fetching live stock quote for CRCL
2026-01-26 15:30:22,755 [INFO] utils.quote_manager: [get_quote] START symbol=CRCL, expiry=None, strike=None, right=None
2026-01-26 15:30:22,874 [INFO] utils.quote_manager: [get_quote] Request the right market data: session=closed
2026-01-26 15:30:22,874 [INFO] utils.quote_manager: [subscribe-get_quote] CRCL | Price Found: True (70.03) | Greeks Source: None | IV: N/A
2026-01-26 15:30:22,874 [INFO] utils.quote_manager: [subscribe-get_quote] Full data ready for CRCL
2026-01-26 15:30:22,875 [DEBUG] utils.trades: get_quote() took 0.12 seconds
2026-01-26 15:30:22,875 [DEBUG] utils.trades: Received stock quote for CRCL: 70.03
2026-01-26 15:30:22,876 [INFO] utils.trades: Fetching live option quote for HOOD 20260320 120.0C
2026-01-26 15:30:22,876 [INFO] utils.quote_manager: [get_quote] START symbol=HOOD, expiry=20260320, strike=120.0, right=C
2026-01-26 15:30:22,998 [INFO] utils.quote_manager: [get_quote] Request the right market data: session=closed
2026-01-26 15:30:28,014 [WARNING] utils.quote_manager: [subscribe_get_quote] TIMEOUT for HOOD after 5.02s: last=nan, bid=-1.0, ask=-1.0, mg=None
2026-01-26 15:30:28,018 [DEBUG] utils.trades: get_quote() took 5.14 seconds
2026-01-26 15:30:28,019 [DEBUG] utils.trades: Received option quote for HOOD 20260320 120.0C: 5.3
2026-01-26 15:30:28,019 [DEBUG] utils.trades: Fetching live stock quote (in options) for HOOD
2026-01-26 15:30:28,019 [INFO] utils.quote_manager: [get_quote] START symbol=HOOD, expiry=None, strike=None, right=None
2026-01-26 15:30:28,132 [INFO] utils.quote_manager: [get_quote] Request the right market data: session=closed
2026-01-26 15:30:28,132 [INFO] utils.quote_manager: [subscribe-get_quote] HOOD | Price Found: True (105.6) | Greeks Source: None | IV: N/A
2026-01-26 15:30:28,132 [INFO] utils.quote_manager: [subscribe-get_quote] Full data ready for HOOD
2026-01-26 15:30:28,133 [DEBUG] utils.trades: get_quote() took 0.11 seconds
2026-01-26 15:30:28,141 [DEBUG] utils.trades: Received stock quote (in options) for HOOD: 105.6
2026-01-26 15:30:28,141 [DEBUG] utils.trades: Fetching live stock quote for MSAI
2026-01-26 15:30:28,164 [INFO] utils.quote_manager: [get_quote] START symbol=MSAI, expiry=None, strike=None, right=None
2026-01-26 15:30:28,307 [INFO] utils.quote_manager: [get_quote] Request the right market data: session=closed
2026-01-26 15:30:28,308 [INFO] utils.quote_manager: [subscribe-get_quote] MSAI | Price Found: True (0.3537) | Greeks Source: None | IV: N/A
2026-01-26 15:30:28,308 [INFO] utils.quote_manager: [subscribe-get_quote] Full data ready for MSAI
2026-01-26 15:30:28,308 [DEBUG] utils.trades: get_quote() took 0.17 seconds
2026-01-26 15:30:28,313 [DEBUG] utils.trades: Received stock quote for MSAI: 0.3537
2026-01-26 15:30:28,319 [DEBUG] utils.trades: Fetching live stock quote for NVDA
2026-01-26 15:30:28,325 [INFO] utils.quote_manager: [get_quote] START symbol=NVDA, expiry=None, strike=None, right=None
2026-01-26 15:30:28,444 [INFO] utils.quote_manager: [get_quote] Request the right market data: session=closed
2026-01-26 15:30:28,444 [INFO] utils.quote_manager: [subscribe-get_quote] NVDA | Price Found: True (186.3) | Greeks Source: None | IV: N/A
2026-01-26 15:30:28,444 [INFO] utils.quote_manager: [subscribe-get_quote] Full data ready for NVDA
2026-01-26 15:30:28,445 [DEBUG] utils.trades: get_quote() took 0.13 seconds
2026-01-26 15:30:28,445 [DEBUG] utils.trades: Received stock quote for NVDA: 186.3
2026-01-26 15:30:28,446 [DEBUG] utils.trades: Fetching live stock quote for SOFI
2026-01-26 15:30:28,446 [INFO] utils.quote_manager: [get_quote] START symbol=SOFI, expiry=None, strike=None, right=None
2026-01-26 15:30:28,550 [INFO] utils.quote_manager: [get_quote] Request the right market data: session=closed
2026-01-26 15:30:28,550 [INFO] utils.quote_manager: [subscribe-get_quote] SOFI | Price Found: True (25.68) | Greeks Source: None | IV: N/A
2026-01-26 15:30:28,551 [INFO] utils.quote_manager: [subscribe-get_quote] Full data ready for SOFI
2026-01-26 15:30:28,551 [DEBUG] utils.trades: get_quote() took 0.10 seconds
2026-01-26 15:30:28,551 [DEBUG] utils.trades: Received stock quote for SOFI: 25.68
2026-01-26 15:30:28,553 [DEBUG] utils.trades: Passing 5 groups to complex_groups_to_df...
2026-01-26 15:30:28,554 [INFO] utils.quote_manager: [get_quote] START symbol=FISV, expiry=20260116, strike=65.0, right=Put
2026-01-26 15:30:28,664 [INFO] utils.quote_manager: [get_quote] Request the right market data: session=closed
2026-01-26 15:30:28,665 [INFO] utils.quote_manager: [subscribe] built contract=Option(symbol='FISV', lastTradeDateOrContractMonth='20260116', strike=65.0, right='Put', multiplier='100', exchange='SMART', currency='USD') for ('FISV', '20260116', 65.0, 'Put', 0)
2026-01-26 15:30:30,667 [WARNING] utils.quote_manager: [safe_qualify] Qualification failed for FISV: 
2026-01-26 15:30:32,684 [WARNING] utils.quote_manager: [safe_qualify] Qualification failed for FISV: 
2026-01-26 15:30:34,787 [WARNING] utils.quote_manager: [safe_qualify] Qualification failed for FISV: 
2026-01-26 15:30:36,900 [WARNING] utils.quote_manager: [safe_qualify] Qualification failed for FISV: 
2026-01-26 15:30:37,016 [ERROR] utils.quote_manager: [subscribe] All exchanges failed for ('FISV', '20260116', 65.0, 'Put', 0)
2026-01-26 15:30:37,018 [ERROR] utils.quote_manager: [get_quote] ticker is None for ('FISV', '20260116', 65.0, 'Put', 0)
2026-01-26 15:30:37,019 [ERROR] utils.trades: Quote failed for leg 10: unsupported operand type(s) for *: 'NoneType' and 'int'
2026-01-26 15:30:37,019 [INFO] utils.quote_manager: [get_quote] START symbol=FISV, expiry=20260116, strike=70.0, right=Put
2026-01-26 15:30:37,166 [INFO] utils.quote_manager: [get_quote] Request the right market data: session=closed
2026-01-26 15:30:37,168 [INFO] utils.quote_manager: [subscribe] built contract=Option(symbol='FISV', lastTradeDateOrContractMonth='20260116', strike=70.0, right='Put', multiplier='100', exchange='SMART', currency='USD') for ('FISV', '20260116', 70.0, 'Put', 0)
2026-01-26 15:30:39,180 [WARNING] utils.quote_manager: [safe_qualify] Qualification failed for FISV: 
2026-01-26 15:30:41,196 [WARNING] utils.quote_manager: [safe_qualify] Qualification failed for FISV: 
2026-01-26 15:30:43,309 [WARNING] utils.quote_manager: [safe_qualify] Qualification failed for FISV: 
2026-01-26 15:30:45,421 [WARNING] utils.quote_manager: [safe_qualify] Qualification failed for FISV: 
2026-01-26 15:30:45,525 [ERROR] utils.quote_manager: [subscribe] All exchanges failed for ('FISV', '20260116', 70.0, 'Put', 0)
2026-01-26 15:30:45,535 [ERROR] utils.quote_manager: [get_quote] ticker is None for ('FISV', '20260116', 70.0, 'Put', 0)
2026-01-26 15:30:45,536 [ERROR] utils.trades: Quote failed for leg 9: unsupported operand type(s) for *: 'NoneType' and 'int'
2026-01-26 15:30:45,536 [INFO] utils.quote_manager: [get_quote] START symbol=MA, expiry=20260320, strike=560.0, right=Call
2026-01-26 15:30:46,012 [INFO] utils.quote_manager: [get_quote] Request the right market data: session=closed
2026-01-26 15:30:46,022 [INFO] utils.quote_manager: [subscribe-get_quote] MA | Price Found: True (7.723687468989272) | Greeks Source: modelGreeks | IV: 0.23327907018555047
2026-01-26 15:30:46,041 [INFO] utils.quote_manager: [subscribe-get_quote] Full data ready for MA
2026-01-26 15:30:46,058 [INFO] utils.quote_manager: [get_quote] START symbol=MA, expiry=20260130, strike=560.0, right=Call
2026-01-26 15:30:46,614 [INFO] utils.quote_manager: [get_quote] Request the right market data: session=closed
2026-01-26 15:30:51,633 [WARNING] utils.quote_manager: [subscribe_get_quote] TIMEOUT for MA after 5.01s: last=nan, bid=-1.0, ask=-1.0, mg=None
2026-01-26 15:30:51,637 [INFO] utils.quote_manager: [get_quote] START symbol=TSLA, expiry=20260220, strike=440.0, right=Call
2026-01-26 15:30:51,856 [INFO] utils.quote_manager: [get_quote] Request the right market data: session=closed
2026-01-26 15:30:56,892 [WARNING] utils.quote_manager: [subscribe_get_quote] TIMEOUT for TSLA after 5.03s: last=nan, bid=-1.0, ask=-1.0, mg=None
2026-01-26 15:30:56,894 [INFO] utils.quote_manager: [get_quote] START symbol=TSLA, expiry=20260220, strike=440.0, right=Call
2026-01-26 15:30:57,662 [INFO] utils.quote_manager: [get_quote] Request the right market data: session=closed
2026-01-26 15:31:02,679 [WARNING] utils.quote_manager: [subscribe_get_quote] TIMEOUT for TSLA after 5.00s: last=nan, bid=-1.0, ask=-1.0, mg=None
2026-01-26 15:31:02,682 [INFO] utils.quote_manager: [get_quote] START symbol=RKLB, expiry=20260213, strike=75.0, right=Put
2026-01-26 15:31:03,215 [INFO] utils.quote_manager: [get_quote] Request the right market data: session=closed
2026-01-26 15:31:03,223 [INFO] utils.quote_manager: [subscribe-get_quote] RKLB | Price Found: True (2.0820489119457752) | Greeks Source: modelGreeks | IV: 0.8952559084348135
2026-01-26 15:31:03,229 [INFO] utils.quote_manager: [subscribe-get_quote] Full data ready for RKLB
2026-01-26 15:31:03,238 [INFO] utils.quote_manager: [get_quote] START symbol=RKLB, expiry=20260213, strike=80.0, right=Put
2026-01-26 15:31:03,951 [INFO] utils.quote_manager: [get_quote] Request the right market data: session=closed
2026-01-26 15:31:08,964 [WARNING] utils.quote_manager: [subscribe_get_quote] TIMEOUT for RKLB after 5.00s: last=nan, bid=-1.0, ask=-1.0, mg=None
2026-01-26 15:31:08,965 [INFO] utils.quote_manager: [get_quote] START symbol=NVDA, expiry=20260320, strike=170.0, right=Call
2026-01-26 15:31:09,588 [INFO] utils.quote_manager: [get_quote] Request the right market data: session=closed
2026-01-26 15:31:09,589 [INFO] utils.quote_manager: [subscribe-get_quote] NVDA | Price Found: True (24.354095875426868) | Greeks Source: modelGreeks | IV: 0.4601320315188967
2026-01-26 15:31:09,601 [INFO] utils.quote_manager: [subscribe-get_quote] Full data ready for NVDA
2026-01-26 15:31:09,635 [INFO] utils.quote_manager: [get_quote] START symbol=NVDA, expiry=20260130, strike=190.0, right=Call
2026-01-26 15:31:10,167 [INFO] utils.quote_manager: [get_quote] Request the right market data: session=closed
2026-01-26 15:31:15,217 [WARNING] utils.quote_manager: [subscribe_get_quote] TIMEOUT for NVDA after 5.05s: last=nan, bid=-1.0, ask=-1.0, mg=None
2026-01-26 15:31:15,219 [DEBUG] utils.trades: DataFrame Row 0 Legs Count: 2
2026-01-26 15:31:15,228 [DEBUG] __main__: get_all_open_positions() took 81.15 seconds
2026-01-26 15:31:15,264 [DEBUG] __main__: Open Flat Trades styling INITIATED
2026-01-26 15:31:15,394 [DEBUG] __main__: Open Flat Trades styling took 0.13 seconds
2026-01-26 15:31:15,432 [INFO] utils.trades: --- SUMMARY ---
2026-01-26 15:31:15,433 [INFO] utils.trades: Initial Baseline: 626.38
2026-01-26 15:31:15,434 [INFO] utils.trades: Total Realized Cash: 626.38
2026-01-26 15:31:15,435 [INFO] utils.trades: Total Unrealized P&L: 0.00
2026-01-26 15:31:15,435 [INFO] utils.trades: Final True P&L: 626.38
2026-01-26 15:31:15,435 [INFO] utils.trades: --- DEBUG END ---

2026-01-26 15:31:15,445 [INFO] utils.trades: LEG ID: 28 | MA 20251024 560.0Call | Qty: -1
2026-01-26 15:31:15,450 [INFO] utils.trades:   > Realized: Entry $998.00 | Exit $-1,330.00 | Comms $1.40 | P&L $-332.00 | Status: Rolled
2026-01-26 15:31:15,452 [INFO] utils.trades:   > CURRENT MARKET VALUE TO LIQUIDATE: (Mark 7.723687468989272) * Qty 1 = 772.37
2026-01-26 15:31:15,453 [INFO] utils.trades: LEG ID: 29 | MA 20260320 560.0Call | Qty: 1
2026-01-26 15:31:15,454 [INFO] utils.trades:   > UNREALIZED: (Mark 7.723687468989272 - Entry 41.04) * Qty 1 = 772.37
2026-01-26 15:31:15,455 [INFO] utils.trades: LEG ID: 30 | MA 20251031 570.0Call | Qty: -1
2026-01-26 15:31:15,456 [INFO] utils.trades:   > Realized: Entry $1,333.00 | Exit $-1,551.00 | Comms $1.41 | P&L $-218.00 | Status: Rolled
2026-01-26 15:31:15,457 [INFO] utils.trades: LEG ID: 31 | MA 20251107 575.0Call | Qty: -1
2026-01-26 15:31:15,457 [INFO] utils.trades:   > Realized: Entry $1,446.00 | Exit $-19.00 | Comms $1.76 | P&L $1,427.00 | Status: Rolled
2026-01-26 15:31:15,458 [INFO] utils.trades: LEG ID: 32 | MA 20251114 560.0Call | Qty: -1
2026-01-26 15:31:15,458 [INFO] utils.trades:   > Realized: Entry $247.00 | Exit $-453.00 | Comms $2.10 | P&L $-206.00 | Status: Rolled
2026-01-26 15:31:15,459 [INFO] utils.trades: LEG ID: 33 | MA 20251121 565.0Call | Qty: -1
2026-01-26 15:31:15,459 [INFO] utils.trades:   > Realized: Entry $549.00 | Exit $-12.00 | Comms $2.10 | P&L $537.00 | Status: Rolled
2026-01-26 15:31:15,460 [INFO] utils.trades: LEG ID: 34 | MA 20251205 565.0Call | Qty: -1
2026-01-26 15:31:15,461 [INFO] utils.trades:   > Realized: Entry $217.00 | Exit $-15.00 | Comms $1.71 | P&L $202.00 | Status: Rolled
2026-01-26 15:31:15,461 [INFO] utils.trades: LEG ID: 35 | MA 20251212 562.5Call | Qty: -1
2026-01-26 15:31:15,462 [INFO] utils.trades:   > Realized: Entry $208.00 | Exit $-180.00 | Comms $1.68 | P&L $28.00 | Status: Rolled
2026-01-26 15:31:15,463 [INFO] utils.trades: LEG ID: 36 | MA 20251219 565.0Call | Qty: -1
2026-01-26 15:31:15,463 [INFO] utils.trades:   > Realized: Entry $420.00 | Exit $-1,010.00 | Comms $1.69 | P&L $-590.00 | Status: Rolled
2026-01-26 15:31:15,463 [INFO] utils.trades: LEG ID: 37 | MA 20251226 570.0Call | Qty: -1
2026-01-26 15:31:15,464 [INFO] utils.trades:   > Realized: Entry $859.00 | Exit $-996.00 | Comms $1.70 | P&L $-137.00 | Status: Rolled
2026-01-26 15:31:15,464 [INFO] utils.trades: LEG ID: 38 | MA 20260109 580.0Call | Qty: -1
2026-01-26 15:31:15,465 [INFO] utils.trades:   > Realized: Entry $700.00 | Exit $-411.00 | Comms $2.07 | P&L $289.00 | Status: Rolled
2026-01-26 15:31:15,470 [INFO] utils.trades: LEG ID: 39 | MA 20260116 587.5Call | Qty: -1
2026-01-26 15:31:15,474 [INFO] utils.trades:   > Realized: Entry $390.00 | Exit $-20.00 | Comms $2.10 | P&L $370.00 | Status: Rolled
2026-01-26 15:31:15,477 [INFO] utils.trades: LEG ID: 40 | MA 20260116 560.5Call | Qty: -1
2026-01-26 15:31:15,478 [INFO] utils.trades:   > Realized: Entry $135.00 | Exit $-9.00 | Comms $1.75 | P&L $126.00 | Status: Rolled
2026-01-26 15:31:15,478 [INFO] utils.trades: LEG ID: 41 | MA 20260123 560.0Call | Qty: -1
2026-01-26 15:31:15,479 [INFO] utils.trades:   > Realized: Entry $93.00 | Exit $-27.00 | Comms $1.75 | P&L $66.00 | Status: Rolled
2026-01-26 15:31:15,479 [INFO] utils.trades:   > CURRENT MARKET VALUE TO LIQUIDATE: (Mark 0.97) * Qty -1 = -97.00
2026-01-26 15:31:15,480 [INFO] utils.trades: LEG ID: 75 | MA 20260130 560.0Call | Qty: -1
2026-01-26 15:31:15,480 [INFO] utils.trades:   > UNREALIZED: (Mark 0.97 - Entry 1.44) * Qty -1 = -97.00
2026-01-26 15:31:15,481 [INFO] utils.trades: --- SUMMARY ---
2026-01-26 15:31:15,482 [INFO] utils.trades: Initial Baseline: -3,107.40
2026-01-26 15:31:15,494 [INFO] utils.trades: Total Realized Cash: -2,422.97
2026-01-26 15:31:15,508 [INFO] utils.trades: Total Unrealized P&L: 675.37
2026-01-26 15:31:15,518 [INFO] utils.trades: Final True P&L: -1,747.60
2026-01-26 15:31:15,534 [INFO] utils.trades: --- DEBUG END ---

2026-01-26 15:31:15,592 [INFO] utils.trades: LEG ID: 42 | TSLA 20251031 440.0Call | Qty: -1
2026-01-26 15:31:15,599 [INFO] utils.trades:   > Realized: Entry $1,210.00 | Exit $-2,532.00 | Comms $1.40 | P&L $-1,322.00 | Status: Rolled
2026-01-26 15:31:15,609 [INFO] utils.trades:   > CURRENT MARKET VALUE TO LIQUIDATE: (Mark 28.34) * Qty 1 = 2,834.00
2026-01-26 15:31:15,613 [INFO] utils.trades: LEG ID: 43 | TSLA 20260220 440.0Call | Qty: 1
2026-01-26 15:31:15,619 [INFO] utils.trades:   > UNREALIZED: (Mark 28.34 - Entry 56.74) * Qty 1 = 2,834.00
2026-01-26 15:31:15,628 [INFO] utils.trades: LEG ID: 44 | TSLA 20251107 450.0Call | Qty: -1
2026-01-26 15:31:15,644 [INFO] utils.trades:   > Realized: Entry $2,507.00 | Exit $-2,480.00 | Comms $1.41 | P&L $27.00 | Status: Rolled
2026-01-26 15:31:15,648 [INFO] utils.trades: LEG ID: 45 | TSLA 20251121 467.5Call | Qty: -1
2026-01-26 15:31:15,654 [INFO] utils.trades:   > Realized: Entry $2,525.00 | Exit $-12.00 | Comms $1.41 | P&L $2,513.00 | Status: Rolled
2026-01-26 15:31:15,661 [INFO] utils.trades: LEG ID: 46 | TSLA 20251128 440.0Call | Qty: -1
2026-01-26 15:31:15,675 [INFO] utils.trades:   > Realized: Entry $268.00 | Exit $-43.00 | Comms $1.40 | P&L $225.00 | Status: Rolled
2026-01-26 15:31:15,680 [INFO] utils.trades: LEG ID: 47 | TSLA 20251205 440.0Call | Qty: -1
2026-01-26 15:31:15,697 [INFO] utils.trades:   > Realized: Entry $388.00 | Exit $-618.00 | Comms $1.36 | P&L $-230.00 | Status: Rolled
2026-01-26 15:31:15,707 [INFO] utils.trades: LEG ID: 48 | TSLA 20251212 455.0Call | Qty: -1
2026-01-26 15:31:15,718 [INFO] utils.trades:   > Realized: Entry $663.00 | Exit $-128.00 | Comms $1.69 | P&L $535.00 | Status: Rolled
2026-01-26 15:31:15,762 [INFO] utils.trades: LEG ID: 49 | TSLA 20251219 455.0Call | Qty: -1
2026-01-26 15:31:15,764 [INFO] utils.trades:   > Realized: Entry $713.00 | Exit $-2,520.00 | Comms $1.69 | P&L $-1,807.00 | Status: Rolled
2026-01-26 15:31:15,771 [INFO] utils.trades: LEG ID: 50 | TSLA 20260102 470.0Call | Qty: -1
2026-01-26 15:31:15,776 [INFO] utils.trades:   > Realized: Entry $2,417.00 | Exit $-2.00 | Comms $1.73 | P&L $2,415.00 | Status: Rolled
2026-01-26 15:31:15,781 [INFO] utils.trades: LEG ID: 51 | TSLA 20260109 470.0Call | Qty: -1
2026-01-26 15:31:15,792 [INFO] utils.trades:   > Realized: Entry $238.00 | Exit $-22.00 | Comms $2.10 | P&L $216.00 | Status: Rolled
2026-01-26 15:31:15,794 [INFO] utils.trades: LEG ID: 52 | TSLA 20260116 470.0Call | Qty: -1
2026-01-26 15:31:15,797 [INFO] utils.trades:   > Realized: Entry $208.00 | Exit $-23.00 | Comms $2.60 | P&L $185.00 | Status: Rolled
2026-01-26 15:31:15,799 [INFO] utils.trades: LEG ID: 53 | TSLA 20260116 455.0Call | Qty: -1
2026-01-26 15:31:15,808 [INFO] utils.trades:   > Realized: Entry $109.00 | Exit $-32.00 | Comms $2.14 | P&L $77.00 | Status: Rolled
2026-01-26 15:31:15,811 [INFO] utils.trades: LEG ID: 54 | TSLA 20260123 462.5Call | Qty: -1
2026-01-26 15:31:15,812 [INFO] utils.trades:   > Realized: Entry $272.00 | Exit $-10.00 | Comms $1.40 | P&L $262.00 | Status: Rolled
2026-01-26 15:31:15,813 [INFO] utils.trades: LEG ID: 74 | TSLA 20260123 442.5Call | Qty: -1
2026-01-26 15:31:15,814 [INFO] utils.trades:   > Realized: Entry $220.00 | Exit $-550.00 | Comms $1.40 | P&L $-330.00 | Status: Rolled
2026-01-26 15:31:15,815 [INFO] utils.trades:   > CURRENT MARKET VALUE TO LIQUIDATE: (Mark 28.34) * Qty -1 = -2,834.00
2026-01-26 15:31:15,817 [INFO] utils.trades: LEG ID: 77 | TSLA 20260220 440.0Call | Qty: -1
2026-01-26 15:31:15,820 [INFO] utils.trades:   > UNREALIZED: (Mark 28.34 - Entry 27.25) * Qty -1 = -2,834.00
2026-01-26 15:31:15,820 [INFO] utils.trades: --- SUMMARY ---
2026-01-26 15:31:15,821 [INFO] utils.trades: Initial Baseline: -4,465.40
2026-01-26 15:31:15,822 [INFO] utils.trades: Total Realized Cash: -206.13
2026-01-26 15:31:15,822 [INFO] utils.trades: Total Unrealized P&L: 0.00
2026-01-26 15:31:15,823 [INFO] utils.trades: Final True P&L: -206.13
2026-01-26 15:31:15,824 [INFO] utils.trades: --- DEBUG END ---

2026-01-26 15:31:15,918 [INFO] utils.trades:   > CURRENT MARKET VALUE TO LIQUIDATE: (Mark 3.38) * Qty -4 = -1,352.00
2026-01-26 15:31:15,923 [INFO] utils.trades: LEG ID: 55 | RKLB 20260213 80.0Put | Qty: -4
2026-01-26 15:31:15,924 [INFO] utils.trades:   > UNREALIZED: (Mark 3.38 - Entry 4.93) * Qty -4 = -1,352.00
2026-01-26 15:31:15,927 [INFO] utils.trades:   > CURRENT MARKET VALUE TO LIQUIDATE: (Mark 2.0820489119457752) * Qty 4 = 832.82
2026-01-26 15:31:15,938 [INFO] utils.trades: LEG ID: 56 | RKLB 20260213 75.0Put | Qty: 4
2026-01-26 15:31:15,947 [INFO] utils.trades:   > UNREALIZED: (Mark 2.0820489119457752 - Entry 3.13) * Qty 4 = 832.82
2026-01-26 15:31:15,951 [INFO] utils.trades: --- SUMMARY ---
2026-01-26 15:31:15,973 [INFO] utils.trades: Initial Baseline: 717.50
2026-01-26 15:31:15,975 [INFO] utils.trades: Total Realized Cash: 717.50
2026-01-26 15:31:15,980 [INFO] utils.trades: Total Unrealized P&L: -519.18
2026-01-26 15:31:15,990 [INFO] utils.trades: Final True P&L: 198.32
2026-01-26 15:31:15,995 [INFO] utils.trades: --- DEBUG END ---

2026-01-26 15:31:16,058 [INFO] utils.trades: LEG ID: 57 | NVDA 20250919 170.0Call | Qty: -1
2026-01-26 15:31:16,070 [INFO] utils.trades:   > Realized: Entry $416.00 | Exit $-632.00 | Comms $2.04 | P&L $-216.00 | Status: Rolled
2026-01-26 15:31:16,071 [INFO] utils.trades:   > CURRENT MARKET VALUE TO LIQUIDATE: (Mark 24.354095875426868) * Qty 1 = 2,435.41
2026-01-26 15:31:16,079 [INFO] utils.trades: LEG ID: 58 | NVDA 20260320 170.0Call | Qty: 1
2026-01-26 15:31:16,089 [INFO] utils.trades:   > UNREALIZED: (Mark 24.354095875426868 - Entry 21.19) * Qty 1 = 2,435.41
2026-01-26 15:31:16,092 [INFO] utils.trades: LEG ID: 59 | NVDA 20251003 175.0Call | Qty: -1
2026-01-26 15:31:16,094 [INFO] utils.trades:   > Realized: Entry $542.00 | Exit $-774.00 | Comms $1.70 | P&L $-232.00 | Status: Rolled
2026-01-26 15:31:16,130 [INFO] utils.trades: LEG ID: 60 | NVDA 20251010 177.5Call | Qty: -1
2026-01-26 15:31:16,137 [INFO] utils.trades:   > Realized: Entry $737.00 | Exit $-1,072.00 | Comms $1.41 | P&L $-335.00 | Status: Rolled
2026-01-26 15:31:16,138 [INFO] utils.trades: LEG ID: 61 | NVDA 20251031 185.0Call | Qty: -1
2026-01-26 15:31:16,139 [INFO] utils.trades:   > Realized: Entry $937.00 | Exit $-1,417.00 | Comms $1.40 | P&L $-480.00 | Status: Rolled
2026-01-26 15:31:16,139 [INFO] utils.trades: LEG ID: 62 | NVDA 20251107 190.0Call | Qty: -1
2026-01-26 15:31:16,140 [INFO] utils.trades:   > Realized: Entry $1,182.00 | Exit $-2,078.00 | Comms $1.75 | P&L $-896.00 | Status: Rolled
2026-01-26 15:31:16,141 [INFO] utils.trades: LEG ID: 63 | NVDA 20251121 200.0Call | Qty: -1
2026-01-26 15:31:16,144 [INFO] utils.trades:   > Realized: Entry $1,676.00 | Exit $-2.00 | Comms $2.10 | P&L $1,674.00 | Status: Rolled
2026-01-26 15:31:16,145 [INFO] utils.trades: LEG ID: 64 | NVDA 20251128 190.0Call | Qty: -1
2026-01-26 15:31:16,145 [INFO] utils.trades:   > Realized: Entry $156.00 | Exit $-10.00 | Comms $2.04 | P&L $146.00 | Status: Rolled
2026-01-26 15:31:16,146 [INFO] utils.trades: LEG ID: 65 | NVDA 20251128 175.0Call | Qty: -1
2026-01-26 15:31:16,146 [INFO] utils.trades:   > Realized: Entry $203.00 | Exit $-660.00 | Comms $1.69 | P&L $-457.00 | Status: Rolled
2026-01-26 15:31:16,147 [INFO] utils.trades: LEG ID: 66 | NVDA 20251205 180.0Call | Qty: -1
2026-01-26 15:31:16,147 [INFO] utils.trades:   > Realized: Entry $550.00 | Exit $-614.00 | Comms $1.37 | P&L $-64.00 | Status: Rolled
2026-01-26 15:31:16,148 [INFO] utils.trades: LEG ID: 67 | NVDA 20251219 187.0Call | Qty: -1
2026-01-26 15:31:16,150 [INFO] utils.trades:   > Realized: Entry $559.00 | Exit $-7.00 | Comms $1.88 | P&L $552.00 | Status: Rolled
2026-01-26 15:31:16,153 [INFO] utils.trades: LEG ID: 68 | NVDA 20251226 185.0Call | Qty: -1
2026-01-26 15:31:16,154 [INFO] utils.trades:   > Realized: Entry $58.00 | Exit $-571.00 | Comms $1.89 | P&L $-513.00 | Status: Rolled
2026-01-26 15:31:16,154 [INFO] utils.trades: LEG ID: 69 | NVDA 20260102 190.0Call | Qty: -1
2026-01-26 15:31:16,155 [INFO] utils.trades:   > Realized: Entry $336.00 | Exit $-94.00 | Comms $1.73 | P&L $242.00 | Status: Rolled
2026-01-26 15:31:16,155 [INFO] utils.trades: LEG ID: 70 | NVDA 20260109 192.5Call | Qty: -1
2026-01-26 15:31:16,156 [INFO] utils.trades:   > Realized: Entry $240.00 | Exit $-110.00 | Comms $2.10 | P&L $130.00 | Status: Rolled
2026-01-26 15:31:16,156 [INFO] utils.trades: LEG ID: 71 | NVDA 20260116 195.0Call | Qty: -1
2026-01-26 15:31:16,158 [INFO] utils.trades:   > Realized: Entry $211.00 | Exit $-24.00 | Comms $1.75 | P&L $187.00 | Status: Rolled
2026-01-26 15:31:16,160 [INFO] utils.trades: LEG ID: 72 | NVDA 20260123 195.0Call | Qty: -1
2026-01-26 15:31:16,161 [INFO] utils.trades:   > Realized: Entry $86.00 | Exit $-4.00 | Comms $1.75 | P&L $82.00 | Status: Rolled
2026-01-26 15:31:16,161 [INFO] utils.trades: LEG ID: 73 | NVDA 20260123 185.0Call | Qty: -1
2026-01-26 15:31:16,162 [INFO] utils.trades:   > Realized: Entry $60.00 | Exit $-280.00 | Comms $2.10 | P&L $-220.00 | Status: Rolled
2026-01-26 15:31:16,162 [INFO] utils.trades:   > CURRENT MARKET VALUE TO LIQUIDATE: (Mark 2.79) * Qty -1 = -279.00
2026-01-26 15:31:16,162 [INFO] utils.trades: LEG ID: 76 | NVDA 20260130 190.0Call | Qty: -1
2026-01-26 15:31:16,162 [INFO] utils.trades:   > UNREALIZED: (Mark 2.79 - Entry 2.9) * Qty -1 = -279.00
2026-01-26 15:31:16,163 [INFO] utils.trades: --- SUMMARY ---
2026-01-26 15:31:16,163 [INFO] utils.trades: Initial Baseline: -1,705.10
2026-01-26 15:31:16,163 [INFO] utils.trades: Total Realized Cash: -2,259.80
2026-01-26 15:31:16,164 [INFO] utils.trades: Total Unrealized P&L: 2,156.41
2026-01-26 15:31:16,165 [INFO] utils.trades: Final True P&L: -103.39
2026-01-26 15:31:16,165 [INFO] utils.trades: --- DEBUG END ---

